"pagina","texto","error"
1,"l I
za us
I l 3 presented by

Mrs B. Huelin,
on bebalFofibe late l
Mr D.S. Huelin l Sa
Mar. 2002 l
TNR 8030
",NA
2,"RONDATES MALLORQUINES
",NA
3,"APLEC
DE
RONDAIES MALLORQUINES
D'EN
JORDI DES RECÓ
(ANTONI M.. ALCOVER, Pre)
SEGONA EDICIÓ
TOM III
EDITORIAL IBÈRICA :
PASSEIG DE GRACIA, 62
BARCELONA
MCMXIII
",NA
4,"Es propiedat de l' autor, qui se
reserva tots els drets que la
Hei li concedeix.
Estampa de La Sinceridad.—Soller. —(Mallorca.)—
",NA
5,"FE D'ERRADES
————
ADVERTENCIA

Com aquest tom casi tots' ha hagut d' estampar, essent
l' Autor fora de Mallorca i d' Espanya, i volguérem que
sortis amb l' ortografia de les Normes de l' Institut d' Es-
tudis Catalans de Barcelona en quant son aplicades a les
formes dialectals del català de Mallorca, que predominen
dins aquestes Rondaies, el corrector de proves s' hi va veu-
re amb grans feines per reduir a l'ortografia de les Nor-
mes la de la primera edició (de l' any 1898). Aixi es que li
passaren per malla algunes coses que es menester consig-
nar per que el lector no romanga confús de veure dins
aqueix volum certes grafies que estàn en contradicció
amb el sistema ortogràfic que hem adoptat de resultes de
les Normes de l'Institut. Per lo tant, que 's tenguin en
compte les segients rectificacions de l'ortografia d'
aqueix volum:

I. Ben sovint hi ha estampat e-Ru (grafia de la parti-
cula pronominal 4o quant comença frase o quant dins una
frase va derrera un mot acabat en consonant que no sia
l'infinitiu d' un verb) en lloc de Reu, segona persona plu-
ral del present d' haver. És una confusió que se comprèn
perfectament perque les dues formes fònicament son idèn-
tiques. Cabalment per defogir tal confusió hem adoptat
el sistema d' escriure tal forma de la particula ho així:
e-hu, conservant a la forma verbal la seua etimolgia:
heu (habetis).

II. Molt sovint se posa l'article plural efs devant noms
que comencen en consonant, essent així que tal forma d'
article sols s' usa a Mallorca devant noms que comencen
en vocal. Aqueix abús de l' article efs no era a la primera
edició.

gi
",NA
6,"I

III. Ben sovint el pronom personal de segona persona
tu està amb aczent (€ú), essent així que no toca dur-ne.
En castellà s' aczentúa tal pronom per que no s' confonga
amb el possessiu fu padre, éu madre.

IV. Casi mai s' acsentúa la e de éts, segona persona
singular del present d' esser, essent així que toca anar
aczentuada per distingir tal forma de l' article plural ets,

V. La cç, essent, com es, d' us molt dificil, a diferents

endrets no s' usa i calia usar-la, i a altres endrets s' usa
sensa pertocar.

VI. També se troba dins aqueix volum l'article perso-
nal En, Na, estampat amb n petita: n', na, essent aixi
que pertoca escriure 'l amb majúscia.

VII. Igualment a alguns endrets el pronom plural de
segona persona eus, us, apareix estampat amb h: Rus,
allà ont en via neguna pot haver-hi tal h.

VIII. A qualque banda han escapat algunes segones
persones singular (cercas, esperas, acabarias, etc.) i ter-
ceres plural (afican, atracan, mogan, etc.), estampades en
-a8 i -an respectivament, essent aixi que pertocava estam-
par-les en -es, i -en (cerques, esperes, acabaríes, afiquen,
atraquen, moguen). Que se tenga en compte.

IX. També qualque vegada surt j en lloc de g devant
-e, V. gr. Corretjes, menetjes, fetje, en lloc de corretges,
manetges, fetge, que es la regla de les Normes, això ès,
que devant e 2 pertoca escriure g i no,j, en no esser en
certs noms erudits (Jesus, Jeroni, Jerusalem, objecte, sub-
jecte, projecte, trajecte), que per no desfigurar-los massa,
convé conservar-los la j de llur etimologia.

X. També son romases tal com estaven en la primera
edició les formes de segona persona singular de l'impera-
tiu: ATURET, DUM això, FETENHI sin vols, FÉN si l' agra-
da, DIGUEU 8è hi penses, remeneu tu, FBU si hu trobes,
MIREM (uU aquest, ATUREM tu 8' animal, DUNHI, vestenhi,
etc. El sistema actual estableix una grafia més exacta
per via d' apostrofs i de guionets, que distingeixen els di-
ferents elements de tals mots composts i eviten les confu-
sions. Per això pertoca escriure: ATURE 'T, DU' M Gixò,
FE-TE 'N-HI, Si vols, FÉ'N si l' agrada, DIGUE-HU Si hè
penses: REMENE-HU tu, FÉ-HU, 8t hu trobes, MIRE 'M tu
aquest, ATURE'M tu s'animal: DU-N' HI, VESTE 'N-HI.
",NA
7,"à II
No extranyam gens que el corrector de proves no n' haja
arribat a treure agúier d' aquest sistema, un poc compli-
cat per lo que té de nou, pero que es l' únic llògic.

XI. També han confús devegades una mica el correc-
tor de proves altres formes verbals que duen afixats di-
ferents pronoms: v. gr. amollau-m' hi, anar-se ""n-ht, etcèé-
tre. I ha succeit que ha posat apostrof allà ont pertoca
guió, i guió allà ont pertocava apostro/. A la primera
edició encara estaven tals formes més mal grafiades que
no això.

XII. Els mots encuantra i cuvantra, compte i Comte
estàn estampats equivocadament: enquantre, quantre,
conte, Conte. Els dos primers surten del llati contra, el
tercer, de computu, i el quart, de Comite.

XIII. A qualque banda se fa la confusió dels infinitius
en -re àtona (veuRE, MOURE, TÍURE, admetRE, entendRE,
etc.) i dels infinitius en -er, àtona també (córrER, parèi-
dER, atènyER, merèixER, etc.), aixi es que a voltes duen
-r els primers, quant en via neguna en poren dur. Per se-
bre si l'infinitiu d' un verb ha de dur -r final, hi ha una
regla que no ment: acudir an el futur imperfet. El futur
imperfet de tot verb se compòn de l'infinitiu de dit verb i
del present del verb auxiliar haver, es per lo mateix un
compost d' aqueis dos elements el futur imperfet, v. gra-
cia (cantar-he) cantaré, (dir-he) diré, (córrer he) correré,
(atènyer-he) atenyeré, (veure-he) veuré, (moure-he) mouré,
(riure-he) riuré, (admetre he) admetré, (entendre-he) en-
tendré. Per lo tant, si de tot futur imperfet llevam la for -
ma final, això es, el present d' hHAVER, quedarà l infini-
tiu pur, i tornarà sortir la seua vocal final, que s' era fusa
amb la del present d' haver, i aixi tendrem veure, moure,
riure, etc. sensa r final. En camvi n'hi haurà a còrrer,
parèixer, merèixer, atènyer, etc. -—Hi ha alguns verbs que
par que contradiguen tal regla, com venèr, tenir, valer,
saber, etc. que fan vendré, tendré, valdré, sabré. Es que
aqueis verbs tenen dos infinitius, un més antic que l'al-
tre, i formen el futur amb lo més antic: vendre o vindre,
tendre o tindre, valdre, sebre (viu a les Balears i a qual-
que endret de Catalunya continental). —Després de tot
això, el lector podrà corretgir bellament les errades que
hi haja dins aqueix tom envers d' aquesta regla.

£
",NA
8,"IV
Fetes avinents totes aquestes coses, vetaqui les altres
errades més de notar que han escapat dins aqueix volum:
PiG. RETXA Diu HA DE DIR
36 19 fora forat .
41 19 empaix empatx
41 832 l'e-hi esclafa le hi esclafa
D6 17 justifetet justifet
61 18 bestia bestia
62 34 sabém sabem
67 2 ni quedaven n' hi quedaven
T1 15 saim bó saim bo
9 1 l'e-hi trobava le hi trobava
9 20 possa posa
ds 1 si 8) taronge taronja
87 15 traullaven treúllaven
88 83, 16 cAn aqui2 An-e quiP
9 82 pertafé pertafè
89 1 lleyó llavò
L D cAn aque cAn-e quiP
90 26 empagait empeg uei t
( 6
da D EA arròc arròs
103 19 veure 'm veurem
104 45 hauria seria
Y 20 despuisair ., air despuisahir... ahir
108 8 grosa grossa
115 24 poqué pogué
117 a) el nombre l'anomena
18 feria faria
127 81 coneixer conèixer
148 Í es ets
9 84 capasse capaca
152 3) Son Suau So 'n Suau
154 16 torce tòrcer
156 30 cEs el dir cEs a dir
159 4 triunfo triumf
162 24 que 'u e-hu que hu heu
164 3) reçaven resaven
",NA
9,"V
169 1 trait trait
180 5 pe 's tretze p'es tretze
181 17 pe 's camí p' es camí
185 4 pe 'n terra p'en-terra
186 16 bal'lesa bal'lessa
187 38 s' ha dita s'es dita
192 29 no se no sé
198 18 axingler aixinguer
219 10 admetrer 't admetre 't
298 20 Tropitxau Trompitxau
288 14 quantredir cuantradir
242 27 xamosa gojosa
250 6 es mig a's mig
(2 28 ar- a- lo
Ú 1 L) 24 rós vital R
259 1 ventatja ventatge
P 9 compareixer comparèixer
258 24 Decembre Desembre
268 25 j Vineil iVine-hil
274 18 li le hi
2 25 volia volíeu
288 8 qui 't-vel'len qui 't vel'len
284 29 li feu se feu
288 6 a l'alnia l'aluiar
297 15 com cop
299 12 i ara ara
300 19 donya dona
ua
a
",NA
10,"TAULA

GVAL MÉS MATINETJAR QUE A MISSA ANARP 1
EN JUANET DE L'ONSO.. 5. seu a a DA Je —
L' AMOR DE LES TRES TARONGES. . . . 60
ES CANYAMET, S' ASET I SA SERRA-PORRA — 95
EN PERE GR. us sosa ut Es HO
EN FERRANDÍ — uo gos mon o et. ED.
EN PRRE DES FORN. 4. Ge io zo g. ME
S' ESTUDIANT DE SA COVA DE SALAMANCA 160
EN PERE DE SA XU a cs se dos a MT
EN JUANET Í'ES GIGANT, 4 uv ao MOL
ES GALLET, S' ANYELLET, SA GODINETA I

BS DRAC qoe ge re Dom o ss. LG
ES LLADRE FADRÍ I ES LLADRE CASAT. . 219
ES GORRIONET,. .m sò sou a 4. 4 2 m2
SA. CAMAROTGERA sua a ue a de OI
ES FUSTERDO,S ed De ea ls sa
MESTRE NADAL DE SA PLACETA DEL SO-

COR aa LE ee ple ri EES
AMICS DE BARRET I AMICS VERS. . . . 283
EN TONI GARRIGUEL'LO£. . . . . . 00

, UN PARE I QUATRE FIIS. .. —.. 4.4. 4. . APP
Aj
4 UNA QUi No VOLIA V'AVISIS ed
eYol. VV P: 93
Pi
",NA
11,"LS CIS CIS CIS CIS CIS CIS Co IS E
Mal més matinetjar que a missa ana) P
—— LL A OO Ll  ———

i Xesc i En Lau eren dos traginers manaco-
rins, d'aquell temps que hi havía pocs carros

ferm i encara de roda plena. Tiraven a Ciu-
tat i a Sineu amb muls ensellats.

En Xesc era tan atectat d'anar a missa, que hi
anava es dies feners i tot, per poca lleguda que
tengués. Ara an En Lau li venía tan just tan just
anar-hi es diumenges de correguda, i casi mai e-hi
era a temps.

Eren amigots, i un dimars hora baixa se troben,
i En Xesc diu:

—i Que pegam a Sineu demà2

— jJja hu creci

—ldò en sortir de missa d' auba.

—qEn: sortir de missa d'auba, m'has dit2 Ell

, a-les-hores jo ja seré passat Petra.

—iCa, homol A missa primer, i llavò partim
amb la pau de Deu.

(1) La'm contaren el sen Pere Gotze de Manacor, i En Toni Garrit i
En Juan Puça de Sant Llorenç des Cardessar.

Tom lll—1
all
",NA
12,"2 RONDAIES MALLORQUINES

—No 'm vengues amb paus ni amb paues. Val
més matinetjar que a missa anar.

—iSabs que vas d' erratl

—Ell no hi vaig cap mica. No res, si vols venir
amb mí, una hora antes de s' auba es sa partida. Í
Si no, jfins a Sineul A re-veure i bona nitl

En Lau feu tenir vera sa seua paraula: una hora
antes de s'auba ja: estigué aixecat, posa 's tres
sacs de blat demunt es mul, i de d' allà.

Devant So 'n Pere Andreu (1) me troba un homo
embolicadot amb una flassada, dormint a sa vore-
ra des camí. Encara feia fosca, es mul té por,
pega bot per enrera, i amb sa satsada li cauen
dos sacs: amb so fufup se desfermen, i de part a ""
part des camí tot anà blat, i per ategitó hi havía
un paum de pols, i En Lau, fet un Nero, crits i
tlastomíes i potades demunt es capell.

Si aquell qui dormía no té sort de despertar-se
tot-d' una i d' esser un homo de pa i tros, que ret-
girava es veure'l no més, en Lau s' hi aborda, i
el feia difunt. l

No s'hi abordà, però no hi hagué paraulota
lletja que no li entlocéàs.

Aquell tenía sa sang de peix, i el deixa en ban-
da, com Si res fos estat.

En Lau arribà a veure que tlastomant no aven-
çava cap passa, i que lo més avengut era aplegar
es blat abans de més raons. Però estava tot mes-
clat amb pols i macolins, i eren necessaries totes
ses erbes de Sant Juan per netetjar-ho.

Al punt compareix En Xesc, que ja era estat a
missa, i se'n venía amb so mul i sa somada, tot
xelest, cantant com un rossinyol.

(1) Possessió de devora Manacor. :
",NA
13,"CVAL MÉS MATINETJAR QUE A MISSA ANARP. 3

—jCom es vel'la crestal diu quant veu En Lau
d'aquella manera. il jo ja te feia passat Petral él
que diantre es estat2

En Lau le hi conta, i ell diu:

—No res, dona gracis a Deu, que es estat lo
més poc que poría succeir, i Deu no mos n' envii
de pitjors. Aquí lo que hem de ter, anar a manlle-
var un garbell a So 'n Pere Andreu, e-hu porgam,

i si Deu ho vol, encara hi serem a temps an es
mercat.

Ho feren axí, i, com tengueren es blat net i en-
sacat i partiren, ja era una hora es sol alt. l

Camina caminaràs, En Xesc surt ab aquesta:

—el encara diràs, Lau, que val més matinetjar,
que a missa anarl/

—iVaja si hu dirél ijVeiès aont sería Si no trob
aquell dimoni d' homo adormitl

—Però l' has trobat.

—iNo, i el dec haver trobat perque no som
anat a missal Sobre tot, unes messions te pos que i
jo tenc raó.

—l éque hem de posars

—Sa somada.

—Posada està.

—lI hu ha de dir es primer homo que trobem.

—lIdò hu dirà es primer homo.

Justament e-hi hagué per allà un dimoni desen-
feinat, que s' arruixava ses mosques amb sa coa.
Los sent, i pren sa figura d' homo de molt de res-
pecte, i com qui no n' es, los surt a P encuantra.

—Germà, li digueren, eque vos cauría molt tort
escoltar una paraula

—Ni gens, maldement sien dues: digau. 4

—Idò noltros som dos traginers de Manacor,

l ll
",NA
14,"4 RONDAIES MALLORQUINES l
que mos n'anam a Sineu an es mercat, i argu-
mentàvem sobre s' hora des partir si valia més
matinetjar que a missa anar.

—iiiA missa anartll exclama aquell, fent uns
estabetxos i unes carusses com si li haguessen
tirada una escudella de vinagre ben fort dins sa

boca. dA4 missa anar, m' heu dits el qui serà sa
besti que no veja que haver d' esperar sa missa
es massa enredós2 i que's sol per força llavò li
ha de sofregir es cervelll

Aquell estrúmbol seguí sa seua via sensa dir
cap paraula pus, i En Lau que cridava, cuidant a
fer ui d' alegria i tirant es capell a l'aire:

—eQue tal XescP eque l'has sentit an es ros-

: sinyol2 jMeues son ses dues somadesl Bon jornal
hauré guanyat avui, i sensa anar a missal

En Xesc al punt, més cremat que una monea,
romp dient:

—el que t has figurat tu ara  eQue hi fa que
t hagen donada sa raó, Si no la tensP

—eAi no la tencP eQue vols que 'n posem unes
altres de messionetes2

—Ses que vulgues.

—ldò es dos muls.

—Posats estén.

—dEstàés conforme que hu diga es primer homo e
que tornem trobar

—iSí que hi esticl

Ja eren devora Petra, i el dimoni ja hu crec que
pren una forma d' homo un poc diferent de s' altra
vegada, i los surt a camí.

—Escoltau, germà, li diuen com el topen: vos
qui mos pareixeu un homo de bé...
—Lo que 's diu envers. d' això, no 'm don per

qui alena.
",NA
15,"dVAL MÉS MATINETJAR QUE A MISSA ANARP. 5

—ldò noltros som dos traginers de Manacor,
que mos n'anam, a Sineu, an es mercat, i argu-
mentàvem sobre: s' hora des partir Si valía més
matinetjar que a missa anar. A veure vos que
trobau. l

—el que he de trobarP respòn aquell amb uns
uis que li espiretjaven. Trob que anar a missa es
un desbarat i no poc gran. jA sa teinal ja sa feina
falta gent, i tora maltenerandosi €No trobau que l
n'hi ha prou de mans tentes i d' esquenes dretesP

En Barrufet los deixa en banda fent com que
seguir sa seua via, i En Lau que tornava a ter un

escàndol de: crits i bots d' alegría, i venga es ca-
pell a l'aire, i no s' aturava de dir:

—eQue tal, XescP éque l'has sentit an aquest
altreP Meus son es dos muls. iSí que hauré gua-
nyat bon jornal avui, i demunt ses teues costelles,
Xesci cAh idò2 iPose 't-hi amb sos qui no van a
missal

Per dins Petra, per que la gent no se 'n temés,
se returà una mica d' amollar fisconades, però tot
d'una que deixaren es poble, va reprendre més
fort.

En Xesc acaba sa paciencia de tot, i diu a la fí:

—iHauríes de veure si calles, que ja m' has teta
giteral iTan boig éts tu com aquells dos que
t han donada raól La t han donada: però la tens
tant com sa coa des moix.

—Lo que es cert ben cert que tu ja no tens sa
somada ni es mul.

—Però encara es més cert que jo tenc tota sa
raó. ,

—Així, gallet, i bons tocs per sa crestal iNo 't
dons, homol jno 't donsi

Ll
",NA
16,"6 RONDAIES MALLORQUINES

—iTe dic que val més anar a missal

—l jo 't dic que no, i te torn posar messions.

—I éque hem de posarè

—iTots quants de doblers duiml

—iPosats estànl

—lI hu dirà es primer homo que trobem.

—ildò que hu diga:

Ja hu crec que el dimoni fonc ben falaguer de
prendre una forma per l' estil de ses dues vegades
passades, i pareixía que per un consei havía d'
esser més destre que Salomó.

—Escoltau, germà, li digueren, com el toparen:
vos qui mos pareixeu un homo de bé...

—l poreu estar ben segurs de que es sol no n'
escaufa un altre com jo.

—IJdò heu de sebre que noltros som dos tragi-
ners de Manacor que argumentàvem sobre s' hora
des partir si valía més matinetjar que a missa
anar.

—3A missa anar, m' heu ditl exclama aquell tot
escarrufat. ija 'n posareu un tros dins s' olla de sa
missal jja n'arrambareu un parei an els amos d'
ont preniu es blat per que vos faça pagamenti...
cAnar a missaP... iMatinetjari imatinetjarl jAixò
es lo que interessal

Es polissó, tot-d' una d' haver dit això, feu com
que seguir sa seua vía, i prompte no 'n veren la

pols.

En Lau no sabía que 's feia ni que 's deia d' ale-
gría, botant i cridant i venga es capell a l'aire,
En Xesc se pegava tocs p'es cap, i no hi poría
donar volta que tres homos de respecte haguessen
pogut dir amb dret seny que valía més matinetjar
que a missa anar.
",NA
17,"GVAL MÉS MATINETJAR QUE A MISSA ANARP. 7

Se destira des serró, l'entrega, i ja no passà
pus envant: no hi tenía cap feina a Sineu. ,

Caminà una bona estona sensa camí ni carrera,
sensa sebre quin cap li anava devant. Hora baixa .
de tot, topa a una cova, e-hi entra, i veu una
grandiosa campana en-terra, tota esmorrellada i
amb un parei de trencs, que hi poría passar sa
mé bellament.

—Sobre tot, diu En Xesc, aquí haurem de ter
sa nit. No puc ter cosa millor que ajocarme devall
aquesta campana, i així estarem segurs.

Troba per allà un mantí d'arada, fa palanca,
alça sa campana d' un costat, i zasi ja hi es devall. l

Amb sa rabiada que havía presa i amb so can-
sament que duia, s' adormí com un tronc.

Devers les dotze de la nit ses rates ja li corríen
a les totes per dins sa panxa, i sa tam el despertà.

Pensa qui pensa de quin cap taría estelles, sent
trepig, guaita per un trenc de sa campana, i me
veu un escabotell de dimonis que se'n veníen tots
xarpats. Es qui teia la capa, era com una torre,
amb un banyam de set braçes i una coa ben en-
ravanada, que li donava set voltes p'es cos. De
ses ungles no 'n parlem: a cada una poría dur be-
lament un homo ponxit, lo meteix que dur una
pampayola. l l

S' assegué demunt sa campana, i quatre dimo-
nis el ventaven amb sarries buides per ferli un
poc de tresca. Pantaixava a les totes: se veia que
venía molt encès, i més cremat que un cabo de
realistes.

Tots fora ell tremolaven i no de tret.

Se posen a comparèixer dimonis i més dimonis
de ses quatre parts del mon, i tots donaven comp-

a
",NA
18,"8 RONDAIES MALLORQUINES l

te de tot quant havíen emperiolat aquell dia, de

ses ànimes que havíen tentades, de ses que havíen
fetes anar de redolons, de sés families que havíen
desavengudes, des matrimonis que havíen esbor-
dellats, de ses cunyades, sogres i nores' que havíen
fetes gatinyar, des tilacs i paranys que havien pa-
rats i de ses pesqueres que havíen escades i s' hi
esperava pescada grossa.

Assetsuaixí se 'n entrega un, bras sonant i oreia
fumant, amb una coa ben enravanada, que en lloc
de penjar gota, prenía cap amunt. L

—iBon vespre, senyor Satanàsi li diu tot ra-
bent, d'un tros enfora. di

—Ola, estornelll cQue mos dus de bo 3 —

—iJja duc jal P'es camí de Manacor a Sineu
m' he trobats dos traginers que argumentaven Si
valía més matinetjar que a missa anar. Un deia
que Sí, S'altre que no, han posades tres voltes
messions, i es primer homo que encontraríen ha-
vía de fer sa sentencia. Jo me'n tem, prenc sa
forma d' homo, i cada vegada los surt, i sentencii
contra es qui deia que valía més anar a missa. Es
qui deia que no, ara estarà més fort que mai a no
anar-hi: s' altre ha presa una rabiada teresta: i no
mos ha de costar gaire girar-lo contra sa missa i es
qui la posà.

—jiBé mos val jbé mos val clamen tots, fent
estabetxos, xecalines i avalot per llarg.

—j Callau, males besties, que ja m' heu fet mal
de capi diu es gros, i enfloca aquesta an es de
sa coa.

—iVajal així meteix t has guanyat es pa avui,
però mira: jjà pots estar alerta que no mos esca-
pin aquests dos tordsi Si te fugen, qui hu pagarà

Ll
",NA
19,"dVAL MÉS MATINETJAR QUE A MISSA ANARP — 9
serà aquesta coa, que dus tan enravanada: la t'
hem de taiar amb una destral a trocets a trocets,
fins que 't romanga gens de rabacell.

Encara no havía acabades aquestes comendas-
sions, com se'n presenta un altre de bell-tresc,
més falaguer que una espira, amb un nassarrot,
que, sensa ponderar gens, devía tirar tres paums
de llarg, i p' ets arenells li sortíen dos bolics de se-
rres just pues de porc singlar, i d'un tros entora
pega crit:

—iBon vespre, senyor Satanàsi

—iOla, estornelll respòn aquest més serio que
una patata, éque mos dus de bo

—Que he feta una tibada d' ànimes, que no se-
ràn tot berbes.

—Explique 't una mica més.

—ldò anit passada vaig embossar sa font de
Santa Margalida de Felanitx, que tot es poble en
beu. Com avui dematí la gent se'n es temuda,
hi ha hagut un viva 'l rei. Han provat de desem-
bossar-la, han ponyit d'un vent i de s' altre, e-hi
son anats terrers i picapedrers i els homos més
intesos des poble. Ningú ha tenguts dits per llevar
s' embós. Aquí jo m'hi som posat per mig per
envitricollar-ho de casta forta: faç néixer dins uns
sospites dels altres sensa cap ni peus, al punt ja
les s' han tirades per la cara per que no los fessen
mal dins es gavatx, ses sangs se son encalentides,
i prompte a cada carrer hauríeu vistes bregues,
estira-muixell per llarg, tlastomíes a carretades, i
paraules lletges a tortollons, morros esclatats, ca-
res ungletjades, cambuixos tora, rebosillos esqui-
xats, gonellons fets benes, flocs de cabeis arra-
baçats, caps romputs, braços i peus tora des

ul
",NA
20,"10 RONDAIES MALLORQUINES
lloc, braverols, oreies foradades, nassos que no
seràn pus lo que eren. Allà hauríeu vist repartir a
l'uf nesples, serves, cireres, castanyes, cebes, ma-
talotades, xisclets, galletes i tota classe de bes-
cuit. Es estat ferest. Lo que 's diu aquesta tapada
de font serà un negoci per noltros amb totes ses
campanilles. eQui sab sa ganancia que hi porem
fer i es nombre d' ànimes que porem enforcar amb
una mica d' esment que hi tenguemP

—iSí que es verl isí que té raól /oiva/ jviva/ ex-
clamaren tots tent un escàndol de crits i giscos,
que pareixía que Il mon se 'n havía de venir, fins
que 'l dimoni gros los entloca aquesta:

—jCallau, males bestiesl que ja m' heu fet mal
de cap.

—el que no la sabràn desembossar a sa fonts
diu un dimonió.

—iQue han de sebre, homol diu es nassarrut.

En no rentar s' ui de sa tont amb un vell de llana

negra, no se desembossarà, i jiquins estàn es tala-
nitxers per pensar-se aquestal

—No res, diu es gros, axí meteix t' has guanyat
es pa avui, però... jja pots estar alerta que aquesta
pesquera de Felanitx tan ben escada, no la mos
desbaratin o que altri no se 'n duga 's peixl Que
si mos fan un tal, qui ho pagarà seràn aquestes
serres que't surten p'ets aranells i llavò aquest
nassarot que me tens. Ses serres les t' arrabaça-
rem a tirades d'en una en una, i es nas per lo
meteix, estirant-lo-te amb unes tenaies fins que
botesca.

Encara no havía acabades aquestes comendas-
sions, com se 'n presenta un altre tot falaguer, que
casi no tocava amb sos peus en terra. Passetjava
",NA
21,"GVAL MÉS MATINETJAR QUE A MISSA ANARP ll
un banyam que feia teredat: dues banyotes just
dentals d' arada amb una mala fí de banyons ben
enrévisclats, lo meteix d'una figuera sensa fuies.
Antes d' arribar d' un bon tros ja pega crit:

—iBon vespre, senyor SatanúsIi

—iOla, estornelll diu aquest. eQue mos dus de
nou

—iVaja si duci eSabeu sa fia del Rei2

—éAquella grandolaça que ja corre 's vint anys
i encara no l hem poguda ginyar mai a deixar es
gonellons de sa mareP

——Sí, aquella gran noninguna, que així meteix
li agrada un devertiment, però sensa anutjar es
nostro inimic. l jitigurauvos quins devertiments
han de sortirl Tan saborosos com fava parada
freda, i sa ganancia que noltros e-hi porem ter, per
bé que mos espirrem, es com sa de Na Peix-írit,
que hi posava s'oli, i el venia -an es meteix preu
que cruu. Idò an aquesta polissona m' he sabut en-
ginyar per posarli unes erbes maleites dins un po-
tet de confitura que avui cap-vespre s' ha menjada.
Encara no l' ha tenguda dins el cos, quant ja s' ha
sentides unes torçors, es metges han acudit, i ven-
guen receptes i medicines, però cap li ha donat
gens de posa ni conhort. De manera que, llevat
de desgracies, n' hi queda poca de vida: aviat ba-
trà 's peus, i com el Rei i la Reina no tenen altra
cosa, i ja son tan veis, i dins quatre dies també
seràn morts, no en cantaràn pus galls ni gallines
d'aquesta mala niÇaga, que no mos ha duit més
que pèrdues: entrarà un altre rei, i per ventura no
mos farà batre tant per ses foranes a noltros i an
es de la nostra.

—iSí que mos diu en popal jsí que mos va bél

' ""JE
",NA
22,"12 RONDAIES MALLORQUINES
juival juival cridaren tots: i armaren un rebumbori
que no hi havía qui s'hi oís, fins que'l dimoni
gros tornà rompre:

—iCallau dic, males bestiesi que ""m feis anar es
cap entorn.

—el que no la curaràn a sa fia del Reis diu un
dimonió. ,

—iQue han de curar, homol diu es banyarrut.
iBons estàn es metges per afinar sa medicinal jSi
no li donen un tassó de llet de lleona, no se 'n es-
capal

—el hauràn d'anar a fora Mallorca a cercar sa
lleona2

—No importa anar-hi, en tenen una que alleta
dins una gabia des jardí.

—No res, diu es gros an es banyarrut: així me-
teix t has guanyat es pa avuy, però mira quina
hora t' ho dic: si se cura sa fia del Rei, an aquest
banyam que passetges el t hem de xarrocar, amb
un verduc de serrar soques, mentres te 'n vegen
es gruix d'una ungla:... imal t hàgem d' arribar
en es cervelll

Donades, aquestes comendassions, se gira an
els altres, i diu:

—No res, ja torna esser hora de començar es
jornal. iArruix totsl ifora vessa, fora Son, i bona
feinal i jalerta mosquesi

Es dimonis s' espitxaren, i aviat ja no 'n veren
la pols.

En Xesc no los havía perduda cap paraula. Sor-
tí, així com pogué, de devall sa campana, i ja li
ha copat cap a Felanitx.

Troba's poble alt, no hi havía qui S'hi oís,
tothom demanava aigo. Es nins la demanaven
",NA
23,"GVAL MÉS MATINETJAR QUE A MISSA ANARP 13
plorant, ses dones giscant, els homos cridant, es
moixos meulant, es porcs gronyint, es cans grinyo-
lant a la descosida i els ases i someres amb uns
brams que resplandíen dins es cervell.

Es bal'le i tota la Justicia estaven devora sa font
tirant junta, i qui manco hi sabía, més e-hi deia.

Tot-amb-u s' hi presenta En Xesc, i diu:

—ecQue 'm voleu dar, i la vos desembossarér

—lI éhu deis de bo2 clamaren tots a la una.

—lI tan de bo: que ""m tirin d' una passa Si no la
desembós, mentres me dugueu lo que s ha mester.

—Demanau, germanet, clamà tothom, i sa vos-
tra boca serà mesura.

—No res, per ara duis-me un vell de llana negre
i un ribellet amb aigo.

Le hi duen. Muia es vell dins s' aigo ben muiat,
i ja es partit renta qui renta s' ui de sa font amb
so vell, i no se donava raó a ses mans muia qui
muia i renta qui renta. Al punt s' ui de sa font co-
mensa a satinyar, aviat vengué un ratjolí com un
fideu, es fideu tornà dit, es dit tornà braç, es braç
tornà cuixa. Sa font estava desembossada de tot:
mai havía donada tanta d' aigo.

Es telanitxers cuidaren a tornar locos de s' ale-
gría, i amb un poc més en tan una coca d'En Xesc,
perque tots s' hi abordaren, tots li volíen dar una
aterrada p' es coll. El passetjaren demunt ses es-
pal'les per tota la vila.

Li varen dar més doblers que no volgué, li om-
pliren ses butxaques i es pits de realets de plata,
pessetes de set sous i mig, durets d'or, dobletes
de sis lliures i de dotze, i dobles de vint.

Volíen que estigués vuit dies amb ells, però En
Xesc va dir que allà ont tenía ses feines, era a
Ciutat.

/ Pd
",NA
24,"14 RONDAIES MALLORQUINES

S' hi esquitxa més que de pressa demunt un ca-
vall, i li dona de quatres tot lo camí.

E-hi arriba una hora es sol post, se presenta a
ca 'l Rei, i troba la Princesa a ses derreres de tot.

Se 'n va a la Reina, i li diu:

—Jo sé sa medicina per curar sa seua tia.

—el hu dius de boP exclama la Reina, obrint uns
Uis com uns platets.

l —Es coll e-hi va si l engàn.

—jA veure aont es aquesta medicinal jiDe-
pressal :

—Que vagen a monyir sa lleona que tenen dins
una gabia des jardí, i que li treguen un tassó de
llet.

La hi treuen, En Xesc el presenta a la Princesa,
la Princesa el se cala, i queda més adormida que
un sauló, amb un alenar lo més natural.

eEQue me'n direu 2 Lo endemà estigué sana i
bona. l

Son pare, sa mare, ses dames, es pajes, es
criats, ses criades, tota la ciutat, com veren allò, .
cuidaren a tornar locos de s'alegría, i venguen
crits, i bots, i capells i barretines a l'aire, i xecali-
nes i escaravits.

Be n'hi donaren d'aterrades p'es coll an En
Xesc, el se cuidaren a menjar de xicotines.

El varen passetjar en triumt per tota la ciutat,
fins que '1 Rei el se 'n menà a sa tresoreria, el posa
devant un caramull de dobles de vint ben agúio-
nat, que parava es rol'lo d' un llençol, i li diu:

—Du-te'n totes ses que porós.

En Xesc n'omplí una taleca ben gran, i més
xelest quí una novía toca soletes cap a ca-seua.

Sa seua dona tot-d' una no el volía creure: no li
",NA
25,"GVAL MÉS MATINETJAR QUE A MISSA ANARP 15
cabía dins es cap que hagués sabut desembossar
sa font de Felanitx i curar la Princesa, i que fos de
bon just aquella doblerada escandalosa.

A la tí se dona per convençuda.

No vos dic res s' alegría que hi hagué dins l
aquella casa.

No n'hi havía tanta a ca-En Lau, que amb so
goig d' haver guanyades aquelles tres messions,
arribà a Sineu més inflat que un calàpet, ven ses
dues somades, i gira cap a Manacor, sensa repa-
rat a sa gran soleiada que queia. Volía arribar amb
sol a Manacor per que tothom sabés que tenía es
dos muls. Los hi arribà, però blancs de sabonera.
Un al'lot seu, sensa sebre que 's feia de s' alegría,
los abeura, i los entrà un mal de ventre tan ma-
leit, que no hi valgué menescal ni medicines: lo
endemà abans de s'auba estiraren es potons, i
s' escorxador los se n hagué de dur an es carnatge.

En Lau taiava claus, se pegava amb so cap per
ses parets, se pensava tornar boig.

Sab que En Xesc es vengut carregat de doblers,
i se 'n hi va a l'acte.

—iQue dimoni has fet, li diu, que vens amb
aquesta gran doblerada2

—Jo t' ho diré, respòn En Xesc, i li conta fil per
randa tot lo que li havía succeit.

Bona la hi va haver dita an En Lau.

—Ja hi vui jo anar, exclama s' aubarcoc, a ama-
gar-m'hi devall sa campana d' aquesta cova, a veu-
re si me diu tan bé com a tu, ji ara meteix que
me 'n hi vaigl

Ja ho crec que se 'n hi anà, i ben acanalat.

Com arribà a sa cova, ja feia tosqueta.

S' amagà devall sa campana, i allà espera qui
espera.

Ll
",NA
26,"16 RONDAIES MALLORQUINES

Devers les dotze sent trepig: fonch el dimoni
gros que s' entregava amb sa partida de dimonions
que li feien la cort. S' assegué demunt sa campana
i el ventaven amb ses sarries. l

. Començen a comparèixer dimonis i més dimo-

nis de ses quatre parts del mon a donar compte de
totes ses seues bel'landines, se presenten tot cap-
baixos, tot mostíis, aquell tan coarrut, es des nas-
sarrot i es des banyam terest.

Se veia a la llego que s' hauríen estimat més
un quern de garrotades que haver-se de presentar.

—iEi, grans polissonsi crida el dimoni gros ,fent
llamada. jEll anau sorrers fermi jell com mudau
un peu, S' altra ja ha posada rell iVaja, vaja, si 'm
donau compte de com teniu es vostros negocisi
iHala tu, que duies despuisanit sa coa tan enra-
vanada i ara ja t' arrossega, tu que envitricollares
allò des dos traginers, veam com e-hu tensi

—j Com e-hu he de tenirt respòn el pobre. Ma-
lament de tot. No sé que puga esser estat: es qui
deia que valía més matdinetjar que a missa anar,
ha perdut es coratge de tot perque es dos muls se
son morts, i es qui deia que valía més anar a mis-
sa, es tornat amb ses butxaques i una taleca ben
gran plefies d'or i plata. Aquest ja no té gens de
malicia, i aquell no més té enveja i llavò molta
rabia d'haver posades messions contra S' anar a
missa, i ara es capàç d' anar-hi més que s' altre.
- —dAixí va això2 diu el dimoni gros, i pega crit
an ets altres, i els-e diu:

—él encara no teniu aquí sa destral i es piló2

—iSenyor Satanàs, jo vos assegur que no se 's
perdut per mil ijCom som dimoni, que no s' hi es
perdutl deia aquell de sa cona tan llarga.
",NA
27,"GVAL MÉS MATINETJAR QUE A MISSA ANARP 17

—iNo m' empatx de raonsi diu es gros. iSa
destral dicHl ies piló dicl

Ja los teníen allà.

Una partida de dimonis amarren aquell malanat,
una altre partida li teníen sa coa demunt es piló,
un altre pren sa destral, tota plena d' osques, i
venga destralada i altre destralada, i cada pic
veien botir un tros de coa tot engrunat, i an
aquell que li escapaven uns remeulos que ""I de-
víen sentir de mitja hora lluny, però com més fort
brufava, més lulea li feien ets altres.

Sobre tot, n' hi donaren de destral an aquella
coa, fins que hi hagué gens de rabacell.

Llavò el dimoni gros se gira an es nassarrut,
que no treia fesomía tampoc, i ja li diu:

—iHala, cara de poca-cosal conta com tens lo
de Felanitx.

—iCom e-hu he de tenirl diu ell. Malament. La
m' han desembossada a sa font, i es poble ja torna
esser una bassa d' oli.

—iBé, homol jbél diu es gros. El t has gua-
nyat an es premi, i no hi haurà altra remei que
donar-lo 't.

Se gira an ets altres, i los diu, treguent toc
p' es caixals:

—el encara no li heu arrabaçat aquest serrum
que li surt p' ets arenellsP dencara no li heu abor-
dades ses tenaies devers es nas

—iSenyor Satanúsi deia aquell bramant, ijo li
assegur que no se's perdut per mi Si l han de-
sembossada a sa fontl

—ija 't conec, herbetal iperiol te diusi jHala,
voltros a ses serres, i voltros an es nasl diu es
gros a ses dues rol'lades que ets altres teien.

Tom liI—2
ds
",NA
28,"18 RONDAIES MALLORQUINES

l una partida ja me tenen agarrotat es nassa-
rrut, i una altre partida ja estàn abordats a ses se-
rres d' ets arenells, i tirada vé, tirada va, i a qual-
cuna que n' hi havíen de pegar quatre i Cinc, i
aquell ibons remeulos i bramulsi i ets altres que
hi feien una bulla escandalosa.

Com ja no 'n tengué cap, se 'n venen un parei
amb ses tenaies, les hi aborden devers es nassa-.— -
rrot, le hi estrenyen ben estret, i tirada vé i tirada
va, però unes tirades ben seques, sensa ànima, i
aquell malenat iflastomíes i remeulos a carretadesti
i no le hi poríen arrabaçar per cap vent del mon.
A la tí se'n hi pengen set, i enverguen tirada amb
tota sa força, i aquí es nassarrot se 'n anà de rel,
i el passetjaren estret amb ses tenaiotes per tota
sa rol'lada, movent un rebumbori horrorós.

No més faltava es des gran banyam, qui tremo-
lava com una fuia de poll, i estava més retgirat
que un coní.

—él tu, gran polissó2 li diu el dimoni, llançant
centelles p' ets uis. él que t' has figurat no haver-
me'n de donar de compteP jA veure com està sa
tía del Reil

An es banyarrut ses barres li havien pres es
trot, i no poría dir paraula.

—iQue éts tornat sort o has perdut es cantet,
gran noningú2 diu es gros. éCom està, dic, sa fía
del Rei

—iSana..... i..... bonal diu aquell, amb un tre-
molor terest, lo meteix d'un buscaret dins ses
arpes d' un capxerigany.

—El no deies tu que no la curaríenP exclama es
gros, enrabiat de tot.

—i No sé que dimoni puga esser estatl
",NA
29,"GVAL MÉS MATINETJAR QUE A MISSA ANARP 19

—ija hu sabrà es teu banyaml iVenga es ver-
ducl ide pressal

—iSenyor Satanàs, jo li assegur que he teta
s' obligaciól

—Sí, anau a comanar es ninxo, i e-hi posarem
aquest santet. iVaja, anau-hi a l'actel... però no
res: jes verduc lo primer de totl

OO Duen es verduc de serrar soques, amb unes
dents d'un dit i mig, ben entrescades. Una par-
tida m' agarroten aquell p' es cap, de manera que
no se pogués estamanetjar gaire, s' aterren una
altre partida a cada cap de verduc, i ja son partits l
a Xarrocar banyons i més banyons. l vos assegur
que s' hi miraven ben poc a no ter-li mal: perque
es verduc no taiava casi gens, i allò no se poría i
dir serrar banyons, sino fer-los botir a llenques.
Com ja no hi hagué pus banyons, pegaren a ses
banyotes mestres, i aquí foren ses bones. Es
trossos que li taiaven no més poríen esser de qua-
tre dits, i si es verduc volía pendre poc es banyons,
manco volía pendre ses banyes. N'hi llevaren
d' estelles fins que veren gens de rabacell.

Aquell malanat bé flastomava, bé maleia, bé
bramulava, bé'n feia d'esquerevits i d'estufor-
nos, però ets altres, lluny de compatir-se 'n gens,

li movíen una lulea escandalosa, i s' hi devertíen
per llarg.

Com prou rebumbori hagueren tet, un exclamà:

—iAixí meteix es gros, ben mirat, que dins tan
poc temps aquells dos traginers se síen composts, /
i hi haja hagut qui desembossàs sa font i qui curàs
sa fía del Reil

—iSí que hu es ben grosl clamaren tots. el
que hu diguéreu a ningú voltrosP demanaren a
s'escoat, a s' esnassat i a S' escornat.

TT Q)
És 7
",NA
30,"20 RONDAIES MALLORQUINES

—iTan mal a pler hauría tenguda jo aquella
coa meuaP diu es primer, taiant claus.

—eTan avorrit hauría tengut jo es meu gran
nas2 diu es segón, tent sa fel.

—eEncara 'm vendreu amb aquestes2 diu es de-
rrer enviant-los a mal viatge.

Aquí tots romperen dient:

—é Com pot esser, idò, que mos hagen sabut dar
aquest perboc2 éCom pot esser estat2 dQui dimo-
ni serà estat

A la fi un qui treia una cara de taia-nassos lo
més an el viu, digué:

—iEn no esser que hi hagués qualcú amagat
per aquí, i que s' altre vespre mos sentísi

—iRegoneixeu per tot, més que depressal cridà
Satanús, fent flamada.

—iAquesta Sí que m' es brutal diu En Lau, com
el sent. iNo hi ha remeil jestic llestl jja no 'm faré
altrel ijmés me 'n meresc per bestil

S' animal no sabía aont s' havía de posar.

Mentres tant es dimonis regoneixíen tots es re-
cons i entonys de sa cova, tots es clapers, totes
ses mates i matul'los de per allà. Cuidaren a cau-
re morts cercant, i no veien fressa de res.

A la fi un diu:

—jEn no esser que sía devall sa campanal

S' hi aborden una partida i l' alçen en pes.

Encara no le tengueren alta, com En Lau pega
enforinyada p' es mig de ses cames des dimonis,
i com cent mil llamps jcametes me valguenl per
avall, i es dimonis derrera ell, carrera uberta, i ell
que se pegava amb sos talons per ses anques, i
ihala petits, aquesta es teua, aquesta es meual i
desiara que ja li arribaven amb ses ungles per ses
",NA
31,"dVAL MÉS MATINETJAR QUE A MISSA ANARP2 21
cuixes i s' escarpó, i ara li prenien un tros de
camía, i suara un esqueix de calçons, i qualque
escarrinxada per sa pell. Però no l' arribaven a
aturar mai, perque l' homo e-hu feia de tot, però
de tot, i ells eren molts i s' embuiaven, engan-
xant-se es banyams uns amb altres, i terint-se dins
els uis amb ses revinglades de coa.

A la tí En Lau afina un banc de beies (1), i plaf
S' atica dins una caera, que justament fou buida, i
amb sa meteixa seguida posa es fonell que havía
llevat. Tots es dimonis s' aborden a sa caera, cri-
dant: ija es nostrol ija es nostrol Però se topen
amb sa creu des fonell (z), i no vos dic res: com
se temen de sa creu, s' espitxen com a llamps, un
per un vent, s'altre per s' altre, fent-se trons de
En Lau i de qui pregava per ell. Amb una exha-
lació no 'n veren la pols.

Des cap d'una estoneta passen un parei de ta-

— — drinots que veníen d'un ball, més llépols que ses
serps. Veuen es banc de beies, i un diu:
——eQue mos ne duim una caera d'aquestes, i
mos atiparem de mel, que es tan saborosa2

—iSí que has pensat bel diuen els altres.

—iNo, i mos hem d' aterrar amb sa més teixu-
gal jiSa questió es molta de mell

Dit i tet, s acosten an es banc, i sospesa qui
sospesa caeres, arriben a sa d' En Lau.

—iAquesta es sa bonal esclamen tots. jiSí que

(1) Partida de caeres una al costat de l'altre, a vegades fent dos
sostres, amb teules demunt per que no 's banyin.

(2) El fonell es una rol'lana de marès, amb que se tapen les caeres
a cada cap. Com les caeres no solen esser ben redones, el fonell, per
que tap, l' han de fer que hi venga bé. Com el tenen ajustat, li fan una
creu que tenga un crever vertical així com ha d'estar la caera. Retgint-
se amb aquesta creu, el fonell es aviat de posar i llevar.
",NA
32,"22 RONDAIES MALLORQUINES
hu es sa més plenal iSí que hi deven estar ben
paradades ses bresquesi

eQue me 'n direu2 Ell se posen aquella caera an
es coll, i de d' allà.

—iBonol digué En Lau, jell ja hi tornam esser
a bousi jPobres costelletes meues, en destapar

aquests sa caera iSerà ferestl
L' homo amb so retgiró des dimonis havía fet
dins es calçons, i amb so que li entrà de bell nou,
e-hi va fer més. Amb ses satsades que sa caera
pegava la cosa comença a regalimar... Aquells
qui duien senten homit demunt s' espal'la, i veuen
que cauen degotiços de cap a cap.

—j Es cotril diuen tots, iveiès si Son berbes sa
mel que duimt jell ses bresques ja ratgen a la velal

Aquí es més llépoll de tots veu un ratjolí que

comença a caure: para Sa mà, i la se du a sa boca
com un rabiós.

Encara no le hi tengué, com ja hu va haver

. escopit, i escup qui escup, no s' aturava de dir:

—j Ecl ire cent mil dimonisl... jjecli

—el a sa mel dius ec2 clamen ets altres.

—iBona casta de mell deia l' homo. jiMerda
es ellt...

Aquells ensumen, tasten, i veuen que hu es.

No 'n taiaren pus. Allà devora hi havía un
grandiós romagueral: e-hi tiren sa caera amb tota
sa força, i e-hu donen a ses cames, perque ja era
auba clara, i tenien por de ter falta a sa possessió
aont estaven llogats. :

Aquell romagueral cubría tot un comallar fondo.
Sa caera va pendre es rost, i redola qui redola per
demunt timbes, penyals, romaguers, argelagues
i garanyoners. Í al punt ja no va esser sa caera
",NA
33,"dVAL MÉS MATINETJAR QUE A MISSA ANARP 23
qui redolà, perque sa feu benes: qui redolà fou En
Lau tins an es fons des barranc. Com s' aturà no
tenía tesomía d' homo: breverols p'es cap, traus
per sa cara, escarrinxades d' un forc per s' es-

quena, per sa panxa, per ses cames, es dos bra-
ços cedats, ses rol'lanes des genois i es peus fora
des lloc, cops blaus i pues aticades per tot el cos,
tot ratjant sang.

Així com pogué, s' arribà a aixecar. Coixeu coi-
xeu i de la banda de la banda, arriba a ca-seua, i
s' hagué de jeure.

Envía a demanar En Xesc, li conta lo que li ha
passat, i li diu: l

. —iVet-aquí aont m' ha duit es no anar a missal
i Som. una bestil ijMés ne merescl

S' arribà a curar de tot, però ja no era es meteix:
matinetjava, això Sí, però també anava a missa
com En Xesc: i encara arribà a alçar xella.

l lell i En Xesc i En Xesc i ell visqueren con-
tents i alegres fins que foren morts.
So'n Monserrat, de Santa María, Juriol de 18697.
l ——
",NA
34,"EN JUANET DE L'ONSO O
——— ma ——
AS era un fadrí vei, tan poc afectat de feina
me COM UN Ca de garrotades, però que. es pe-
daç no li bastava per poder fer la vida del
canot. Duia genoieres com ets ases, era lo més
toixarrut.

Un amic seu li digué:

—Jo, si fos tu, armaría una vaca: te faría un
vadell, que 'l porías vendre, i llavò te mantendría
de llet.

Armà sa vaca, que li va fer un vadell. La me-
nava a pasturar, la monyía, i ivenguen bones es-
cudelles de lletl

: —Sobre tot, arribà a dir ell, jo faç hora per
llego, estic com un patriarca. Me pens que enca-
ra em convendría casar-me.

Cercà una al'lota jove, ben jove, i S' hi casa.

Es meteix día de casats, l'envia a pasturar sa
vaca.

(1) La'm contaren: n' Antonina Cordera, el sen Toni Nebot Leu, i el
sen Gaspar Busquets, de So 'n Servera, En Toni Garrit i N' Elisabeth
Riera de Sant Llorenç des Cardessar, D.' Francisqueta Dameto i Ros-
sinyol, de la Ciutat de Mallorca, i N' Antonina Canyelles de Bunyola, i
madó Margalida de Ca'n Xeu d' Estallenchs.
",NA
35,"EN JUANET DE L' ONSO 25

S' al'lota no s' hi era vista mai, i la perd dins un
uiastrar.

Cerca qui cerca, no la pogué trobar en via nin-
guna. , :

Se 'n va tota desconsolada a ca-seua: i, com es
seu homo la sent, li diu: /

—el has tenguda cara per venir-te 'n sensa sa
vaca: iToca, toca, ara meteix a cercar-lal i ino
torns que no la mensi

La pobreta no tengué més remei que pendre 's
tapinets cap an aquell uiastrar, plora qui plora.

Li surt un onso, i la se'n du dins una cova,
sensa malmenar-la gens, fent-li afalagadures.

Tot d' una que foren dins sa cova, tapa sa boca
amb una gran pedra, que no hi havía cap persona
nada que la pogués moure.

l passà aquella nit, i un día i un altre día, i una
setmana, i un més i un altre més, i aquella al'lota
sempre dins sa cova.

S'onso cada día se'n anava a fer volta per
dur-li que menjar, però sempre deixava sa boca
de sa cova tapada amb sa gran pedra, i no hi ha-
vía que pensar de togir.

Des cap de temps ella tengué un nin.

i Vaja quin nin més gros i més abrinatl

Com feu set anys diu a sa mare, un día que
S' onso no hi era.

—el sempre hem d' estar dins aquesta cova

—Fins que s' onso vulga, tii meu.

—No i jo ja començ a estar-ne cançat.

—idò t hauràs de quedar amb so cançament,
perque veiam: com se 'n va, sempre deixa sa boca
tapada amb aquesta pedrota.

—el si la decantàvem2
",NA
36,"L

26 RONDAIES MALLORQUINES

—Poríem fogir. Però aquí està es rè: an es de-
cantar-la.

S' al'lotó s' aborda a sa pedra, i amb una sem-
penta la feu botir un tros enfora.

Ell i sa mare, com a coets, cametes me valguen
cap a la vila.

S' homo d' ella va esser mort, i se posaren a
una caseta.

S'al'lotó havía nom Juàn, i tothom al punt li
digué En Juanet de l' onso.

Anava a escola, i un día d'estiu es mestre el
se 'n mena amb sos altres al'lots a rentar-se a mar.

Com se despuiaven per tirar-s-hi, que En Juanet
se va treure sa camía, veren que ja tenía es bra-
ços i es pits plens de pel.

—iO En Juanet que es de pelutl digueren tots.
iEll pareix un onsol... jEleil jeleil... jjust un onsol

—Jo vos ne donaré d' onso i migl diu ell, amb
totes ses formigues an es cap des tió.

Encivella xisclet an es que tenía més avinent, i
el deixa estès, etziba a un altre, i li passa per ui

sa post des pits.

Fins a cinc n' envià a veure Sant Pere.

Es mestre se 'n tem, i se'n hi va brandant ses
corretjes, i dient: )

—jAh polissól ijo t he de ter blaul ijo t he de
matarl iNo 'n fas altral

—iMestre, no pegueul deia En Juanet. iNo pe-
gueul que son estats ells que m' han insultat, i
m' han dit /ja/ei/

—é No pegueuP deia es mestre. iNo, ell jo t' he
d' atzuiarl

lja hi està afuat, i corretjada vé i corretjada va.

En Juanet se vola, s' hi tira demunt, l' embrao-
",NA
37,"EN JUANET DE L' ONSO 27
na, li pega estreta, li acopa ses costelles, i mort.
No tirà cap cossa.

El deixa estés amb sos altres cinc, i se'n va a
ca-seua es més descançat del mon.

Allò va esser una bomba dins la vila. l

Tothom s'alça, i amb sa Justiçia devant devant
se'n van a ca 'n Juanet. Es pares i mares, ger-
mans i germanes, cosins i cosines i demés parents,
amics, coneguts i benefactors des sis morts ana-
ven tora corda: el se volíen menjar frit, i sa por
que teníen, que no hi hauría espipellada per hom,
i no se 'n poríen assaciar. tg, CS

—ePer que has fetes aquestes sis morts2 li de-
mana es bal'le. :

—Cinc, diu ell, perque m' han dit pelat i m' han
cridat alei, s' altre perque m' ha envestit, i sa de-
fensa es natural.

—iAh pelut del dimonil jpelut i re-de-pelutl
cridaren aquí tots es pares i mares, germans i ger-
manes, cosins i cosines i demés parents, amics,
coneguts i benetactors des sis morts.

—Parlau poc i bé, diu En Juanet, que jo no 'm
pos amb voltros.

—iMirau es polissól digueren aquells. il encara
s' alça reo/ jAh pelut del dimonit itots quants de
pels tens demunt es teu cos, i tota sa pell, i tota
sa carn, i tots ets ossos han de venir dins aquestes
unglesi

I tots les hi mostraven fent flamadeta, tirant
llamps i pestes i gotes corals.

—iCallaut deia es bal'le. iCallau tots, dicl

A força de forces los arriba a ter callar una
mica, i diu:

—Juanet, així meteix has fet un poc llarg, just
per haver-te dit allò.
",NA
38,"28 RONDAIES MALLORQUINES

—No, jo encara he fet curt.

—Sobre tot, t' haurem de posar dins sa presó
abans de més raons.

—èDins sa presó2 Cap teina hi tenc. Jo no 'm
pos amb ningú: ara qui 'm demana de noves, troba
sabata de son peu.

—Ses raons, síen acabades, diu es bal'le: jpas-
sa-mos devantl

, —iSerà massa dejornl diu En Juanet sensa ba-
tegarse i en to de fisconada.

l Es bal'le fa senya an es satx i demés força que
menava, de que li posen ses mans -demunt, i ells
ja hi estàn abordats. Però En Juanet agafa es satx
p'es garrons, i, tent-lo servir de garrot, se posa a
pegar a dreta i a esquerra, i venga ventai i altre
ventai, i Sardonaia i altra sardonaia, que no hi ha-
vía qui hi paràs. Allà ont tería, feia portell. E-hi
va haver ventim i bescuit per tota la Justicia, i.—,
p'es pares i mares, germans i germanes, cosins i
cosines i demés parents, amics, coneguts i bene-
factors des mort, tant com en volgueren.

En Juanet pegà tins que tengué tros de satx i
gent devant.

Com no n' hi hagué que l'esperassen, encalça-
va es qui togíen.

Es carrer estava ple d' homos i dones estesos,
atracats a Sa paret i de corbeu. N' hi havía de
mig esbaltits, d' estormeiats, d' arrenyonats, amb
s'ansa des coll rompuda, amb sa post des pits

l passada an el dimoni. E-hi havía a l'ut caps xapats,
ceies que penjaven, nassos esclatats, escal'lèbits,
, breverols, ossos tora des lloc, costelles i cuixes
rompudes, braços cedats, peus engrunats, i un

sens ti de peladures i cops blaus.
",NA
39,"EN JUANET DE L' ONSO 29

Qui pagà la testa fonc es satx, que romangué
tot bocins: i es demés, qui va tenir mal, l hagué
de guardar, perque ni a bal'les ni a altri vengueren
ganes de demanar pus de noves an En Juanet de
l onso.

Però es revel'ler sortía es vespres per vila, i, en .
trobar fadrí, ja li tocava s' arnès, i Si eren un pa-
rei, los ajustava un vestit nou per-hom, que los
feia dir: Oli m' hi es caigut.

Veient això, la Justicia crida tot es poble, i tiren
junta per veure que n' havíen de fer d' aquell di-
moni d'al'lot: perque estava ben vist que guanyava
de massa a tot-hom, i que los escabetxaría a tots
es primer día que s' ho passés per s' escudeller.

Com prou se varen haver buidat es carabaçot
tirant plans i discutint, digueren:

—Ja no porem fer cosa millor que donar-li lo
que demàn, i que se'n vaja des poble, i que no
torn.

El criden, i li diuen:

—iA veure que vols, i te'n aniràs des poble
per a semprel

—eQue vuiP diu ell. Una barra de terro de cent
quintars i un pa de dotze barcelles.

—iFeta està sa barrinal clamaren tots. jDins
tres díes tendràs sa barra i es pal

Llavò se perpensaren, i digueren d'amagat
d'ell:

—ija li bastarà sa barra de cent roves i es pa
de dotze aumutsi

Le hi enllesten així, i es día que feia tres le hi
entreguen.

—el això es un pa de dotze barcelles2 diu ell tot
enrabiat. i Ni de dotze aumutsi
",NA
40,"30 RONDAIES MALLORQUINES

L'agata i los ho tira per sa cara.

Llavò pega grapada a sa barrota, i diu:

—el això son cent quintars2 iNi cent rovesi jEll
no la 'm trob dins ses mansi cSabeu que es això2
una caramutxa. l

La tira a l'aire, i sa barrota per amunt i per
amunt. Llavò pren sa fua per avall i per avall...
Sabeu que l' atravessava de bé a s' aire.

l Com pegà abaix, quedà sembrada set braces
dins sa terra.

Aquí veren que no hi havía altre remei que do-
nar-li lo tractat.

Li tan sa barrota de cent quintars i es pa de
dotze barcelles, i l'homo amb sa barrota an es
coll i es pa devall xella surt tot xarpat des poble,
i de d' allà a descubrir mon.

Tothom botava d' alegría, manco sa mareta que
s' escabeiava tota plorant.

—iBon viatge, i que no torn fins que l' enviem
a demanarl deien uns.

—l Si prova de tornar, ique no trob es camíl
deien altres.

—l si 'l troba, ique torn girat com ets odresi
deien aquells que encara duien cap, cuixa o braç
embenat o anaven rancacega des vespre de sa
planiçada.

Camina caminaràs, En Juanet troba un llenyater
amb un ase que duia una bona somada de llenya,
i el tenía dins un encallador, encallat tai de panxa,
que no se poría atxategar, per bé que malavetjàs.

—Germanet, digué es llenyater, eno m' aida-
ríeu a treure aquest ase, per amor de Deu i María
SantissimetaP

—No 'm costarà gaire, diu En Juanet. Se'n en-
",NA
41,"EN JUANET DE L' ONSO 31
tra dins s' encallador, se posa amb s' esquena de-
vall sa panxa de s'ase, pega envestida, i treu
bistia i somada, lo mateix que si fos estat un pa-
ner de caragols buits.

Es llenyater quedà amb sos cabeis drets.

—iGermanet, arribà a dir, jo no sé com pagar-
vos aquest favorl ijo n'estic com un beneit de sa
proesa que vos he vista teri Vos no teniu sa força
mesurada: satalcaríeu un gigant, n' estic segur.

—jCal això no es res.

—iNo, ell passa la mida d'un bon trosi Sobre
tot: veiau que importa.

—Que estigueu bo, i alerta a no encallar s' ase
un altre pic. l

—I de-hu deis de bo que no voleu reso

—il tan de bol

—ldò al manco, digaume qui sou, per poder
tenir es vostro nom dins es meu cor.

—Me diuen En Juanet de l'onso.

—ldò iDeu vos do vida, i vos guart de perill
diu es llenyater, seguint sa seua vía amb s' ase.

—Amen, i amb Deu siau, diu En Juanet, pre-
nent es bobiot de bell nou.

Camina caminaràs, passa per un pinar, i me
troba un homo que arrabaçava pins, i amb cada
tirada n' arrabaçava un.

S' hi acosta i l escomet:

—ijAlabat sia Deul

—iPer a sempre alabem-lol

—el que teim de bo

—Ell no teim gaire. Sa dona m' ha dit que ha-
vía mester quatre encenais p'es fogó, i he dit:
me'n vaig a dur un teixet de llenya, i he trobat
que 'm convenia carregar assí.

Pell
",NA
42,"32 RONDAIES MALLORQUINES

—ildò digau que 'n teniu de forçal

—No men por a ningú, en no esser an En Jua-
net de l' onso.

—el que vos diuen a vos, Si 's pot sebre2

—N' Arrabaça-pins.

—Idò éque vos voleu llogar amb mí2

—SÍí ""ns avenim des preu.

—el que voleu guanyar

—Quatre sous i pa.

—Feta està sa barrina, diu En Juanet.

—iVaja per fetal diu n' Arrabaça-pins.

Il tots dos ihala per envantl

Camina caminaràs, passen per sa vorera de
mar, i me 'n troben un que a cops de puny escatr-
dava ses penyes.

S' hi acosten, i En Juanet li diu:

—iAlabat sía Deul

—jAlabem-lo per a semprel

—eQue li feim de bo2

—No li teim gaire. Avui no tenía jornal, i he .
dit. me'n vaig a esclatar tantes puntes, bonys i
regruixos com tan ses penyes de mar, i així no hi
haurà aquella mala petja, que 'l dimoni hi perdría
una ànima.

—ildò sí que s'ho poren dir granats aquests
punys vostrosi iSí que n' heu de tenir de forçal

—No men por a ningú, en no esser an En Jua-
net de l'onso. 0

—el que vos diuen a vos, si 's pot sebreP.

—N' Escarda-penyes.

—eQue vos voleu llogar amb míP

o —Si 'ns avenim des preu.
—el que voleu guanyar2
—Quatre sous i pa.
",NA
43,"EN JUANET DE L' ONSO 33

—iFeta està sa barrinal diu En Juanet.

—iVaja, idò, per fetal diu n' Escarda-penyes.

Í tots tres ihala per envantl

—Sobre tot, diu En Juanet, ja es grandía, i
hauríem de veure aont mos feim ses sopes avui.

—Mos bastaría una barraca o una cova, digue-
ren ets altres dos.

—Idò a veure si en trobam cap, que cercant
cercant troben Roma.

Camina caminaràs i cerca qui cerca ben arreu,
en troben un qui llaurava de bous, i eren uns bo-
vots qui teien por.

S' hi acosten, i En Juanet li diu:

—jAlabat sía Deul

—Alabem-lo per a semprel

—éi Com va sa llauradar

—Va bé, si agrada a Deu i a l amo.

—el no sabríeu cap casa que no hi estiga ningú
0 Cap cova per noltros habitar-hi2

—Sí que 'n sé unes de cases, i ben grans, i que
no hi està ningú.

—iAquestes seràn bonesl .

—Però hi surt por.

—iPorl millor, i per ventura hi haurà qualque
negret. iSabeu que mos hi vendríen de bé unes
quantes aufabies de dobles de vintl No res, digau-
mos per amor de Deu aquestes cases aont devers
mos cauen. l

—No 'm costarà gaire, diu es pareier. Demunt
aquesta muntanya que tenim devant. jVet-les-
t'allàl

l en lloc d'apuntar amb so dit, agafa fort es

: Tom llI—3
Pes
",NA
44,"34 RONDAIES MALLORQUINES
mantí, (1) i apunta amb s' arada, alçant-la de braó
i en pes, i alçant també es parei.— i

Era ver que se 'n hi colombraven unes de cases
rotjes demunt aquella muntanya.

Aquells tres no les veren, astorats com queda-
ren des braó d' aquell pareier. /

En Juanet va rompre es de devant dient:

—jRe-cent-mil carreranys de carretades de se-
naions de guimes, germanet, quins braons que
teniu vosl iSí que hu deveu esser estorçegatl

—No men por a ningú, en no esser an En Jua-
net de l' onso.

—el que vos diuen a vos, si es pot sebres

—N' Apuntera-pareis.

— Vos voleu llogar amb mí

—Si ""ns avenim des preu.

—el que voleu guanyar

—Quatre sous i pa.

—iFeta està sa barrinal diu En Juanet.

—Vaja, idò, per teta, diu n' Apuntera-pareis.

—Sobre tot, diu En Juanet: je-hu haurà d' esser
de pel arreveixinat i n'haurà de tenir de regui-
nyols es qui mos embrut sa pesquera a noltros
quatre i mos meng sopes demunt es capl

—iSí que deis ver, l amol iSí que deis verl
exclamaren n' Arrabaça-pins, n' Escarda-penyes i
n' Apuntera-pareis.

l tots quatre ja li varen haver envelat cap an
aquelles cases rotges de dalt sa muntanya: i vos
assegur que hi anaven envidats i que le hi duien
alt an es capell: ni s'hi haguessen tenguts mile-
nars de corteres de xeixa venal.

(1) Això se diu apunterar una arada.
",NA
45,"mont EN JUANET DE L' ONSO 35

Com foren a ses cases, troben tancat, i de ferro
que eren ses portes, i ben gruixades. xd

—i Com deu esser això2 diu n' Apuntera-pareis.

No sé es conte de vegades que som passat per
aqui, i sempre veia ubert.

—eiQue serà cosa que se síen temuts de noltrosP
diu n' Arrabaça-pins.

—iFiauvos-nel respòn n' Escarda-penyes.

—No res, no res, diu En Juanet: obriguem
abans de més raons, jiHala, tu, Arrabaça-pins, ja
haurías d' haver ubertl

Aquell se posa a pegar sempentes i costerades
a ses portes, i sempenta ve i costerada va, amb
tota sa força. Arribà a tornar blau, feia roi de
suor. Com més anava, més granat pegava. Tot
resplandía, ses parets tremolaven, ses portes croi-
xíen: però no hu provaren de obrir-se gens. ,

—No res, arriba a dir En Juanet, veent allò,
iaborda't-hi tu, Escarda-penyes, veam si faràs una
mica més de bretxal

N' Escarda-penyes s' hi aborda amb so puny, i
inala bones punyadesil ijO quins xisclets més a
ferir que eren aquellst Tota la casa resplandía, ses
parets tremolaven, ses portes croixíen, però se'n
guardaren prou de obrir-se gens ni mica.

—No res, arriba a dir. En Juanet: aterre't-hi tu, :
Apuntera-pareis, veam Si 'n sortirem.

N' Apuntera-pareis s'hi aterra, i empeny qui
empeny, un cop amb s' esquena, un cop amb sos
pits, un cop de costat. Va ter servir es puny, e-hi
pega culades, cosses, carabaçotades i tot. Tota la
casa resplandía, ses parets tremolaven, ses portes
croixíen, però s' aturaren an es croixits, i no los
va lleure gens obrir-se.

ll
",NA
46,"36 RONDAIES MALLORQUINES

—Sobre tot, arriba a dir En Juanet, m' heu en-
ganat de dalt a baix. Me pensava tenir tres mis-
satges de primera, uns homos d' homos, i ara
veig que sou tres mollefes, tres tigues ilors, tres

A mosquits... Decantau, jja obriré jol
l Alça sa barrota, etziba ventova a ses portes, i
sentiren es torreiat que botí a s' entront de la casa:
ses portes quedaren ubertes de bat en bat.

Aquells tres se miraren ells amb ells, tot es-
glaiats, i exclamaren:

—Ningú es capàç de ter aquesta proesa, en no
esser En Juanet de l onso.

—iPer aquest me tencl

—eQue vol dire éVos sou En Juanet de l' onso

—jA la tresca'

—iCap com aquestal No es extrany que mos l
hàgeu guanyat de tant.

—Entren dins la casa, la rastretgen tota, sensa
deixar forat ni alberjó aont no aficassen es nas.
No hi trobaren ningú, ni senya de que hi habi-
tassen.

Dinaren des pa d'En Juanet, ja era hora-baixa
de tot, passaren el Rosari, i ja geure s' ha ditl

Lo endemà ben dematí s'aixecan, i En Juanet
diu:

—Arrabaça-pins, tu queda per guardar. En ve-
nir grandía, comença foc, i pose-hi una olla amb
aigo. Noltros mos n' anam a caçar, i lo que aga-
fem le hi tiram dedíns, i jveureu quina dinadal

Ells tres ja son partits de d' allà, i n' Arrabaça-
pins, grandiet, comença toc, i e-hi posa una olla
amb aigo.

Al punt s'entrega un jai, peu rossec peu ros-
sec i acalat acalat, amb una pipa an ets morros.
",NA
47,"EN JUANET DE L' ONSO 37

Se'n entra sensa dir alabat sía Deu ni Ave
María Puríssima, i cap dret an es togó.

—ilUeil diu n' Arrabaça-pins. el aixó es manera
d'entrar dins una casa, sensa dir ase ni bestia2
Un poc de política es bona. : l

—Es que he mester una brasa per sa pipa, diu
es jai. l

—éAi heu mester una brasaP el ja sabeu si la
vos volen darP iL' hauríeu de demanar primertl

—el tu que voldràs fer de porcell curt termP

—Amb ses coses meues Sí. l

—el que 's teu es focP

—iVeam si serà vostrol

—jiPer manco de dos doblers te faría ses feines
dins s' olla, per repropil

—jUn quern vos ne regal si la ""m feis an aques-
tal iVajal

—iUn quern2 Sensa res i tot, diu es jai.

l'eque me 'n direu Ell se destà ets calçonets, i
casi li omplí s' olla.

N'Arrabaça-pins, volat de tot, s'hi aborda,
però es diantre des jai li ampara es cop amb sa
pipa, i li envest amb ella, i nespla i altre nespla,
i li dona una planissada del dimoni.

El deixa en terra, estés com una verdolaga,
s'acosta an es fogó, posa una brasa demunt sa
pipa, i se'n torna peu rossec peu rossec i acalat
acalat, tot dient:

—iJa hi tornaràs una altre volta a ter-te dolent

l per una mica de foci :

Demunt les onze s' entrega En Juanet amb sos
altres dos, i me troben n' Arrabaça-pins estés a 's
mitx de la casa i tot copetjat, i aquell recapte
dins s' olla.

rr
",NA
48,"38 RONDAIES MALLORQUINES

Lo que los va caure més avall, haver hagut d'
esser un jai que los fes aquella endemesa.

Lo endemà En Juanet diu:

—No res, Escarda-penyes, queda avui tu. Co-
mença foc també, i pose-hi s' olla amb .aigo, i ihu
he de veure si te 'n pendrà per l'estil de n' Arra-
baça-pinsi

—No tengueu ansia, l'amo. Anau-vos-ne -des-
cançat.

Se'n van, i ell queda. Grandiet, comença foc,
i e-hi posa s' olla amb aigo.

Al punt s' entrega aquell meteix jai, peu rossec
peu rossec, acalat acalat, amb sa pipa an ets
morros.

Se 'n entra sensa dir ase ni bestia, i cap dret an
es fogó.

—ilei, estornelll qi aont tiramP... cçAixò es
manera d' entrar a casa esterna, sensa dir a/abat
sía Deu o Ave María PuríssimaP jiAixí meteix
poríeu tenir un poc més de polítical

—Es que he mester una brasa per aquesta pipa,
diu es jai.

—jAi una brasal l éque ja sabeu si la vos volen
dar /

——Una cosa tan mónica no se demana.

—j Es qui tenen poca criança no la demanenl

—En tenc més a s' ungla d' un peu, que tu en
tot el cos.

—iSabeu que teniu vos2 Poca alatxa ferm.

—el per una mica de foc tant d' estutornetjaro
iJo som capàç de ter-te ses teines dins s' ollal

—Ell no vos hi atansareul
—eNoe diu es jai. jldò jasi
Se desfà ets calçonets, i casi li omplí s' olla.
",NA
49,"EN JUANET DE L' ONSO 39

N'Escarda-penyes, fet un Nero, s' hi afúa: però
es diantre des jai li Surt al enquantre amb sa pipa,
i, cirera ve i cirera va, i xisclet i altre. Que me 'n
direu2 Ell n' hi donà fins que 'n volgué.

El deixà estés en terra, S' arramba an es fogó,
posa una brasa demunt sa pipa, i s'en va peu
rossec peu rossec i acalat acalat, tot dient:

—iJja hi tornaràs una altre volta a fer-te dolent
per una miseria de foci

Demunt les onze se'n venen En Juanet i ets
altres dos, i me troben n' Escarda-penyes més
blan que un cotó, tot copetjat, i aquell recapte
dins s' olla.

ja los hi va caure avall aquesta endemesa, i
sobre tot que los ho hagués teta un veil

Lo endemà dematí En Juanet diu:

—No res, Apuntera-pareis, romàn tu avui, i inhu
he de veure si també 't deixaràs atupar d' un jail
iHu he de veurel

—i No tengueu ansia, l amot jAnau-vos-ne des-
cançatl

Se 'n van, i ell queda.

- —Grandiet, comença foc, i e-hi posa s' olla amb
aigo.

Al punt s' entrega aquell meteix jai, peu rossec
peu rossec, acalat acalat, i amb sa pipa an ets
morros.

Se'n entra sensa dir alabaí sía Deu ni Ave
María Puríssima, i cap dret an es togó.

—ilei, estornell de beuradal diu n' Apuntera-

pareis. eQue vos e-hu figurat que això sía cap
boal i que no hi haja cristians, que vos n' entrau
sensa dir ase ni bestiaP jaixò no es manera d' en-
trar a una casa honradal
ll
",NA
50,"40 RONDAIES MALLORQUINES
—Es que he mester una brasa per sa pipa, diu
es jai.
—iJjusti L' heu mester, i la preniu sensa veure
Si la vos volen dar. jAixò se diu tenir polítical
—En tenc més corteres que tu aumutsi
—iAixí, gallet, i tocs per sa crestal Mirau que
si no fósseu un jai, i no n' hagués de dar conte a
Deu, amb una morma vos esbaltiría.
—iSabs que hi vas d' erratl Jo som capàç de
fer-te ses teines dins S' olla.
l —iVaja, idò, provau-hol.
—Prompte seràs servit, diu es jai.
Se desfà ets calçonets, i casi li omplí s' olla.
N'Apuntera-pareis cuidà a ter es trò, i ja hi
està aiuat: però es diantre de jai li surt a camí
amb sa pipa, i ja li enteterra ventova i altre, i
venguen serves i més serves, tan espesses com a
calabruix. Que me'n direu2 Ell n'hi donà més
que no 'n volgué.
El me deixa en terra ben estés: S' acosta an es
fogó, posa una brasa demunt sa pipa, i se'n va
peu rossec peu rossec i acalat acalat, tot dient:
—ija hi tornaràs una altre volta a fer-te dolent
per una miseria de focl
Demunt les onze se'n ve En Juanet amb sos
altres dos, i me troben n' Apuntera-pareis mig
estormeiadot i aquell recapte dins s' olla.
iO que los va caure d'avall, sobre tot an En
Juanetl No hi sabía donar volta.
—(An aquíP deia ell. ijAixò no es sotridorl jUn
jai haver-me d' amassolar d' aquesta manera ets
meus tres missatjes2... il jo no sé tampoc que
dimoni féieu voltrosl ideixar que un jai amb sos
morros per sa terra vos satalci jJo'm taría taiar...
",NA
51,"EN JUANET DE L' ONSO MM
es nasi Sobre tot, demà quedaré jo: i iho veurem
si me 'n farà menjar de terra a mí o Si jo n' hi taré
menjar a elll

Lo endemà dematí se'n van a caçar ets tres
missatjes, i queda ell.

Grandiet comença foc, i e-hi posa S' olla amb
aigo.

Al punt se presenta es jai, peu rossec peu ros-
sec, acalat acalat, i amb sa pipa an ets morros.

Se 'n entra sensa dir ase ni bestia, i cap dret
an es fogó.

—ilUei, bergant de So 'n Ametlerl diu En Jua-
net. En aquesta casa per entrar se diu alabatí sía
Deu o Ave María Puríssima. iArrera a dir-hol

—No hu paga: no més vui una brasa, i me ""n
torn, diu es jai.

—e Voleu él que estau segur de que la vos vul-
guen dar

—No me 'n empalx. -pois

—ildò, acostauvos-hi an es fogó, veam que vos
succeiràl

—iVaja si m' hi acostarél Il te taré ses teines
dins s' olla per ategitó.

—cAi de boP Mostrau com.

—iAixí, tietl jaixíl diu es jai. l

lja s' ha destets ets colçonets, i li amolla, però
no tenguè temps d'acabar sa funció, perque En
Juanet li pega grapada, i va esser com que agatar
un llegost: el rebat amb s' olla dins es fogó,
l'atzuta, en ta una coca..—,

Ben segur de que era mort i re-de-mort, el ter-
ma amb una corda p' ets garrons, i el penja a
una estaca de derrera Sa porta.

Torna compondre es toc, e-hi posa una altre

x
",NA
52,"42 RONDAIES MALLORQUINES
olla amb aigo, i va a tirar a de-fora ets tests de sa
rompuda.

Demunt les onze se presenten n' Arrabaça-pins,
n' Escarda-penyes i n' Apuntera-pareis amb una
bona caçada.

Me troben En juanet demunt es portal, tot xa-
ravel'lo, i ja l escometen:

—jAlabat sía Deu, l amol

—iPer a sempre sía alabat, atlotsi

—eQue no hu veis que no duim es trare2

—iSí que hu topatl

—l a vos çcom vos ha dits dQue no es vengut
es jai2 ,

—iVaja si es vengut, però no se'n es tornatl
ija no té cap os que li fassa mall

—eQue vol dirP cL' heu mort2

—A la fresca. No més es estat una grapada.
Entrau, i el veureu, que ""Il tenc penjat a una estaca.

o Los entra per mostrar-les-ho derrera sa porta,
i dque me 'n direu

Ell es jai ja no hi va esser a s' estaca.

Lo que hi hagué en terra, en aquell endret, una
bassa de sang, i llavò un carrerany de gotes i
gleves fins a un recó aont hi havía un gran iorat.
Veren que era sa boca d' un pou sensa coll. l

—El idimoni es ellt digueren tots. jPer aquí
mos es fuit es bergantl

—iSí que hu ha de esser el dimoni per forçal
Però ijo no sé coin puga esser estat aixòl

—Es que no devía esser mort de tot, i deu ha-
ver cobrat es dimoni.

—No res, diu En Juanet, dinem: i, en haver
dinat, miram dins es pou.

Dinaren, i mira qui mira per tot si hi hauría
",NA
53,"l EN JUANET DE L' ONSO 43
gens de corda, en troben un rest com una roda de
carro i de més de deu paums d' alt.

—jA veure qui hi amollaml diu En Juanet.

—Amollau'm-hi a mí, diu n' Arrabaça-pins..— .

Li donen un corn, i li diuen: i

—En no haver d' amollar pus corda, pegas una
cornada: en haver-te de treure, en pegas dues.

El termen ben fermat per sa cinta, i l amollen
dins es pou: i ell per endins i per endins, i aquells —
corda i més corda, i ell per endins i per endins.

Des cap d' una bona estona pega cornada, i
s' aturen d' amollar. Pega dues cornades, i estiren.

Estira qui estira, l' arriben a treure demunt.

Estava més blanc que la paret: ses barres li ha-
víen pres es tremolor. :

—lI équé es estatP diu En Juanet.

—iQue ha d' esser estatl Que no he vist més
que tosca, una fosca que la poríen taiar a espasa-
des, una fosca corgeladora.

—el no ets arribat a baix2

—iNi d'un bon troçi Jo diría que travessa a
l'intern. Sobre tot, ja m' envestía una fumassa
que m' aturava s' alé.

—iVaja quina passadal diu En Juanet. No res,
t hi amollarem a tu, Escarda-penyes, veam Si faràs
més portell.

—Amollau'm-hi idò.

El fermen ben fermat per sa cinta, i li donen es
corn.

—En no haver d' amollar pus, una cornada, en
haver d' estirar, dues.

Començen a amollar-lo: i ell per endins i per
endins, i aquells corda i més corda, i ell per en-
dins i per endins.

pe
",NA
54,"44 RONDAIES MALLORQUINES

Des cap d' una bona estona senten una cornada,
is"" aturen d' amollar. Llavò en senten dues, i es-
tiren.

Estira qui estira, l' arriben a treure demunt.

Estava més blanc que la paret: ses barres li ha-
víen pres es trot.

—El qué es estat2 diu En Juanet. dQué també
vens de buit

—il tant de buitl iRes pus .que fosca he vistl
Res pus, res pus. l una fosca qui gelava, que la
poríen taiar a espasades.

—el no ets arribat abaix tampoc2

—iQué he d' esser arribat, Deul 4dQué no veis
que s' atravessa amb l' internP iNo hi poseu dup-
tesi Ja sentia sa calentor per ses cames, i se tu-
massa m' entabanava de tot.

—iVaja quina passadal diu En Juanet. No res,

iveam tu, Apuntera-pareis, Si faràs més carreral

—Jo 'n tenc ganes. Amollau 'm-hi al acte.

El termen ben termat per sa cinta, i li donen es
corn, i li diuen:

—En no haver d' amollar pus, una cornada, en
haver d' estirar, dues.

Començen a amollar-lo: i ell per endins i per
endins, i aquells corda i més corda, i ell per en-
dins i per endins.

Des cap d' una bona estona senten una cornada,
i S aturen d' amollar. En senten dues, i estiren.

Estira qui estira, l' arriben a treure.

Aquest sí que les havía perdudes a ses colors,
pareixía un sentenciat, tot es cos lí tremolava.
iCom que tengués mal espaumatiul

—e Vol dir també vens amb ses mans buides tú
diu En Juanet.
",NA
55,"EN JUANET DE L' ONSO 45

—iNo me 'n parleu, P amol ijQue 'm tiren d'
una passa Si he vist res pus que foscal però iquina
fosca, germanetsi iGela es corl

—el tampoc no ets arribat abaix2

—Abaix, m' heu dit2 el que no veis que tira
fins a P interns

—él aquesta serà veraP l l

—Jo lo que vos puc dir que, no sols m' entaba-
nava sa fumassa i me sentía sa calentor per ses
cames, sino que ja sentía ets dimonis i ets con-
demnats que deien: deixam es cedasset. Però lo
més ferest es estat com he cornat, que m' han sen-
tit, i una partida ja han hagut pegat bot i altre, i
amb ses ungles ja m' arribaven p' ets peus, i amb
sa forca devers ses anques. Sobre tot, si no esti-
rau tan depressa, m' assolíen. iNo sé amb quin
sant he tengut bòl

—iJo hu creg poc, diu En Juanet, que aquest
pou arrib a l'intern i que hàgeu sentides aquestes
coses que deisl iQuigolles que sou tots tres, i més
porucs que coniets que començen a Sortir de sa
lloriguerat iVajal No sou bons per res... jNi s'
aigo vos guanyaul

Com prou hagué renyat, diu:

—Sobre tot, amollau 'm-hi a mí, i com més cor-
naré, més corda amollau. En no tenir-ne pus i sen-
tiu cornar, estirau.

El termen per sa cinta ben termat, i començen
a amollar-lo: i ell per endins i per endins, i bones

cornades, i aquells corda i més corda, i En Juanet ..
per endins i per endins, i corna qui corna.

Des cap d' una bona estona s'aturen d' amollar-
li corda. Ja la hi havíen amollada tota.
 Allarga ses puntes des peus, i troba fort: era en
es fons.

ps
",NA
56,"46 RONDAIES MALLORQUINES

Se desferma: destría una clarura a una banda,
s' hi acostà, i va esser una mina. E-hi pren, i de
d' allà.

Sa clarura aumentava, aumentava, i sa mina S'
engrandía, s' engrandía.

Com se 'n tem, se troba dins. un jardí sa cosa
més preciosa: tot eren redols de tarongers, pome-
res i pereres, amb una toria fora mida, tot carre-
gats de taronges, pomes i peres, es rosers, clave-

llers, aufabegueres i vaumaroseres se tocaven, i
ro vos poreu pensar floreta hermosa ni erba de
bones olors que allà no n' hi hagués a rompre.

En Juanet no se 'n poría avenir d' allò.

Cuidaven a botir-li ets uis de tant que mirava,
i no se 'n poria assaciar.

Tresca qui tresca, m' afina baix d'una perera
una tadrineta d'una quinzena d' anys, hermosa
com un sol.

Li clava la vista, i queda amb un peu alt, com
un encensat. l

iO que la hi trobava de gentil i de garridal Com

que la s' hagués de menjar amb sos uis.

—iJjovenet, bon jovenetl arribà a dir ella. jiNo
t entretengues gaire per aquí, Si no tens sa vida
avorridal

—eSa vidaP Jo no la voldria, si no t' hagués de
veure a tu.

—No 'm veurés gaire temps. Fuig si no vols
morir tot-d' una, perque has de sebre que som una

. tia de rei encantada, i n'hi ha tres que me guar-
den, que no s'aturen mai de voltar aquest jardí,
un derrera s' altre, per que no hi hage ningú que
los engàn. Jo no sé com has pogut arribar viu
aquí: i, Si no trompitxes tort, no te 'n hi tornaràs.
",NA
57,"EN JUANET DE L' ONSO 47
—l iqui son aquests tresP
, —Una serp de foc, un bou de foc, i un jai.
—ildò mos veurem ses caretesi
—iJesús, jovenet, que vas de tapatl iNo t ho :
cregues poder't-hi posar amb ellsl Jo no sé s
conmpte des que son venguts, es més estorcegats
del mon, i tots han feta ietxida.
—Idò ihu veurem si ""n faré jol
—iJjovenet, per amor de Deu, lleve't-ho des
capl iFuig abans de pus remorl
—eJo togire Tu no 'm coneis, segons veig. Som
En Juanet de l'onso, i En Juanet de l onso no
es fuit mai. E-hi vui un arrap amb sa serp de foc i
es bou de toc, i sobre tot amb so jai: que Si es qui
'm sospit, haurà topat a mala mata amb mí, jjo t
ho asseguri
—Mira, idò, diu sa tadrineta, si es que t' hages
de provar amb ell, te manarà dins una cambra
plena d' espases ben lluentes, per que 'n triis una:
tu no n' has de voler cap, en no esser una de veia
i roveiada que veuràs a un recó. Ses altres son de
canya, en que paresquen tot lo mon.
Encara sa fadrineta tenía sa darrera paraula a
sa boca, com començen a sentir uns ciulos, que
feien alçar es cabeis des cap, i un renou d' escata
sa cosa més escarrutadora.
Era sa serp de foc que s' era temuda d' En Jua-
net, i se 'n venía cap a ell ben acanalada. l
En Juanet no l' esperà: li surt a camí. brandant
sa barrota de cent quintars.
Com la tengué a bon dret, li enteferra ventai
devers es cap, i l'e-hi esclafa, però ben esclafat..— :
Li etziba altres set ventoves, i sa serpetota que-
dà tota bocins.
xx
",NA
58,"l
l
48 RONDAIES MALLORQUINES /
Tot amb u s' entrega, corrents de quatres, es
bou de foc, que havía sentit es telabastaix. Amo- i
llava uns bramuls que gelaven sa sang dins ses i
venes. Era un bovot com un elefant, amb un re-
coll com un cosi, amb unes banyes que duien tres l
brasses d' orde..Treia foc p' ets caixals, foc p' ets i
— uis, foc per tot el cos. i
En Juanet no l' esperà gens. Li surt al enquan- i
tre, brandant sa barrota de cent quintars. i
Li encivella ventai devers es cap, i n' hi fa una
coca.
S' animalot pega grufada en terra, tira quatre /
cosses, i aixampla ets potons.
Aqui compareix es jai, peu rossec, peu rossec,
acalat, acalat. Era aquell mateix dimoni de jai, i
diu, fent sa fel:
—iAh, gran polissól çA dins ca-meua i tot ven-
dràs a ter-me aquesta destrossaP iNo te 'n escapas
aquest picl Però no 't cregues que te vulga esca-
betxar usant de traidoría. Tu amb una espasa i jo
. amb una altre, i un des dos e-hi ha de quedar. il
seràs tu que hi quedaràs, mira quina hora t' ho
dicl i(Anem-hi ara meteix, i triaràs sa que vulguesi
—ija hi hauríem d' esseri díu En Juanet.
. Se'n van dins aquella cambra, i ses parets esta-
ven totes plenes d' espases. N' hi havía de llar-
gues, de curtes, de mitjanseres, de voltades, de
dretes, de totes ses classes que vos pogueu pensar:
però totes ben lluentes, noves, flamants, amb un
tai que pareixía que se 'n havía de dur un cabei al
aire.
—iVajal diu es jai. Tu meteix tría sa que vul- l
gues.
En Juanet mira qui mira, afina sa veia i roveia-
da a un recó, i ja la tengué amb ses mans.
",NA
59,"EN JUANET DE L' ONSO 49

—Aquesta es sa que jo vui, diu ell.

—él aquesta aniràs a pendre, que no té tai ni un

- tòtil mort2 diu es jai.

—ecQué voleu que vos diga2 Es sa que m' agra-
da més.

—No res, del teu se pagarà si la prens. Això
has d' esser tu. iJo ja he dit massal A mi 'm convé
que la prengues.

Ja 'n va fer es polissó de revolteríes i n' embo-
licà de fil per que no la prengués, però En Juanet
no 'n volgué altre, i arribà a dir:

—Ses raons síen acabades: jo ja he triat. Triau )
vos depressa, o Si no vos envest.

Es jai no tengué altre remei que despenjar una
d' aquelles espases tan lluentes.

Se posen un devant s' altre, peu. envant peu
enrera, i ja son partits, espasades d' un vent i es-
pasades de s' altre. Vos assegur que tots dos
treien s' estam de bona manera, i que ""Il se vel'la-
ven an es ble, i que s' hi pegaven a ferir.

Però com s' espasa des jai era de canya, malde-
ment ferís, no feia gaire mal. Ara sa de 'n Juanet
ja eren altres cinc centes: allà ont tocava feia maig.
Si es jai no fos estat tan bon esgrimador, si no
hagués botat tan falaguer, amb sa primera En
Juanet l' arronsava. Al punt estigué ple de traus i
escarrinxades que brollaven sang a la vela.

A la tí, veent-se perdut de tot de tot, e-hu dona
a ses cames per no esser-hi demés. :

En Juanet li pitja a derrera. Anava a encivellar-
li su es mig de sa closca: s' espasa li recatxa, li
aplega una oreia i la se 'n du neta.

Es jai aquí pega tua, i fonc com un llonsí: no 'n
veren la pols.

Tom lII—4
",NA
60,"50 RONDAIES MALLORQUINES

En Juanet aplega aquella oreia i la se posa dins
sa butxaca. l

Compareix botant i saltant d' alegría, cuidant
a fer ui de contenta, sa fadrineta encantada, cri-
dant com una loca:

—ija estic llibertal jJuanet tu m' has salvadal
jAnem a ca-mon pare, i mos casareml jTu m' has
guanyada, m' has teta teua: i teua he d' esser,
surta d' ont surtal

No vos dic res si li agradúà aquest sò an En
Juanet.

De content que estava no cernía de son cedàs.

A la tí diu:

—Fieta, ia veure per ont preniml

—Per aquí ont tu ets vengut.

Se'n van cap a sa mina, s'hi afican, i, com
toren an es fons des pou, paupant paupant troben
sa corda, i ell diu:

—Veus, tieta, ara mos trobam an es fons d'un
pou. Aquí dalt e-hi tenc tres missatges, que, en

l fer-los senya amb aquest corn, estiraràn, i mos
, l treuràn. Te pujaràn a tu primer.

—Idò mira, diu ella, per lo que puga succeir,
jas aquesta sabateta meua, tota d' or, i aquesta
mitja pera, també tota d'or. Guardeu be per un
Si acés.

En juanet pren sa sabateta i sa mitja pera, les
s' amaga ben amagades, ferma sa tadrineta per sa
cinta, i se posa a cornar, i bones cornades.

Es missatjes senten es corn, i se posen a es-
tirar. I

Estira qui estira i estira qui estira, acaben sa
corda, i me veuen pujar aquella atlota tan guapa
i tan guapa.
",NA
61,"EN JUANET DE L' ONSO 51
I No n'havíen vista cap mai que li arribàs de
cent llegos.

Si agradava ben re-de-molt a un, agradava re-
de-molt més a s' altre.

No se 'n poríen assaciar de mirar-la-se.

—iVol dir sou voltros, diu ella, ets missatjes —
des qui m"" ha desencantadaP

—Si, senyora, per servir-la i dar-li gust, diuen
ells.

—iAh tietsl iDe bones me som escapadal Som
sa fia del Rei i pobila, i no sé es compte d' anys
que estava encantada, sensa gens d' esperança de
que 'm desencantassen mai.

Figurau-vos quins uis devíen badar aquells com
la sentien.

l ija le hi trobaven gros tot allòl

Tot amb u senten cornar de bell nou.

Era En Juanet que ja estava termat, i los feia
senya.

. Ja son partits a estirar, estira qui estira.

Com ja teníen la mitat de corda defora, tots
tres s' avengueren des pensament.

—Amollem-li, digueren, ara que'l tenim tan
amunt, i caurà mort, i treurem busca quin de
noltros tres se casa amb aquesta. Es qui s' hi cas,
en tenir sa corona, ha de fer ets altres dos gene-
rals de mar i terra.

Dit i fet, amollen a sa corda, i peguen crit:

—iRe-cent-mil dimonist iMos ha escapatl...
iCap com aquestal... jBona nit, amo nostrol jja
l'ha fetal... jA l'hora d' ara ja es tot troçosi...
iPobre homonetl iRe-cent-mil dimonisi

Com sa fadrineta veu allò sa pena l' estrangola,
tors es coll, i cau tan llarga com era, lo meteix de
morta.

al
",NA
62,"52 RONDAIES MALLORQUINES

Aquells tres la se carreguen, i la se 'n duen a
ca 'l Rei.

Com som pare i sa mare la veren, cuidaren a
fer ui de plorar.

Per una part estaven contents de veure-la sal-
vada, allà ont se creien ja no haver-la de veure
pus: per s' altre part sa pena los matava de que
les ho haguessen duita d' aquella manera.

Aquells tres polissons digueren que com no
eren caiguts morts des malaveig que havíen ha-
gut de fer per desencantar i salvar la Princesa ja
no hi cauríen mai, i que esperaven que los dona-
ríen es premi que s' havíen guanyat. .

—Voltros tres la m' e-hu duita, digué el Rei,
un de voltros tres la tendrà, Si ella hi consent.
Treureu busca. An ets altres dos los ferem cosa
grossa. No vos queixareu de mí.. l

A la ti la Princesa cobra ets sentits, i conta tot
lo que havía passat.

Ets tres polissons negaven com l'ànima de Ju-
des, jurant i perjurant que era així com ells deien,
i que aquella atlota anava malament des cap, que,
amb sa carta gallega que havía haguda de correr
per Sortir de s' encantament, es seu seny per força
havía d' haver patit una mica, i que sobre tot, ells

l eren tres, i ella no més era una, i es testimoni de
tres valía més que 's d' un, Sobre tot essent aquest
dona.

El Rei estava apurat de tot: no sabía per ont
pendre.

Ara anem an En Juanet de l' onso.

Com aquells li amollaren i va veure que se 'n
anava cap avall, entravessa sa barrota en es pa-
redat des pou, i e-hi queda aixencat.
",NA
63,"EN JUANET DE L' ONSO 53

l —eQué dimoni serà estat aixóP diu ell tot con-
fús. iVaja quin perbocl... il sa corda i tot que
m' han amolladal Per esser de desgracia, tan me-
teix sería molt. Per esser tet aposta... joh si hu
haguessen fet apostal... Sía com sía, jo estic aquí
dins, i ells... iDeu sab aont soni iDeu sab que es
d' aquella hermosura meual

Podeu pensar quin cap de fil degué pendre,
quin sementer faría En Juanet, aixencat demunt sa
barrota, dins aquell pou, a les fosques, sensa cap
esperança de sortir ni d' atenyer mai aquell tresor,
iaquell gran tresor que encara no l'havia trobat,
com ja li era tuit de ses mansi

Des cap d'un parei de díes, sa tam el comen-
ça a.petxucar fort, però encara sa rabia el sobre-
guetjava més que sa fam.

Paupant-se, sensa sebre per que, ses butxa-
ques, se troba aquella oreia des jai, i ja li pega
clavada per menjar-la-se.

Encara no li hagué clavades ses dents, com
sent una veu que diu:

—ecQue mana, mi Amor

—cQue man2 diu En Juanet. Que me tregues
d'aquí dins mes que depressa.

Tot-d' una sentí que agataren sa barrota per
cada cap: i per amunt i per amunt, amb un san-
tiamén va esser dedalt.

Se carrega sa barrota an es coll, i cap a ca'l
Rei manca gent.

Com feia un parei d' hores que caminava, li va
ocórrer:

—Ben mirat, així meteix es gros que amb una
clavada an aquella oreia haja pogut sortir des
pou. Si amb una altra me plantava devant ca I
Rei, ija m' hi diría en popal
",NA
64,"54 RONDAIES MALLORQUINES

Dit i fet, se treu s'oreia, li encivella clavada,
i sent una veu:

—cQue mana, mi Amoe

—Esser devant ca ll rei. /

Encara no hu va haver dit, com sent que P em-
braonen, i jzeeel/ de d'allà, lo meteix d' una bala
qui surt des canó, sensa tenir temps de reparar
gens per ont passava, com se 'n temé fonc devant
ca ""I rei.

—iBonol va dir aquí. jA veure quina la feim
aral Si me present an el Rei i li dic que som jo que
li he desencantada sa fia, lo primer que 'm dirà:
el ella aont es ecL' has desencantada, i no là
dusP l jo eque li he de dir: la m' hàn presaP M' en-
viarà a fregir ous de lloca, i tarà be: i jo me'n
hauré de tornar sensa res an es fus, cul batut i
care alegre. paio

Pensa qui pensa que faría, que no taría, a la
fi diu:

—Sobre tot, barca aturada no guanya nòlits,
i de qualque cap hem. de fer estelles... No res,
donem temps an es temps. Me llogaré a qualque
part per es pa, fins que trobem portell per des- :
fer-mos d' aquests trunfos.

Se lloga a ca un ferrer que tenía una partida
de mossos.

Ja hu crec que 'n Juanet guanyava a tots d' un
bon troç. Manetjava es mai, com si fos una paia,
i es mestre estava tot alabat amb ell.

Com venía una feina aont havíen de pegar fort
de tot, ell agafava sa barrota, i amb un parei de a
cops en sortia.

iSabeu quins uis que feien es mestre i ets mos-
sos i ets veinats que se' n adonavent
",NA
65,"EN JUANET DE L' ONSO 55 .

Li menaven una por que no es de dir. l

Be filava aquell capet seu, però no 'n sabía sor:
tir en vía ninguna d'aquell marruell aont se tro-
bava, fins que, apurat i tent-se trons de tot va
dir: : l 4

—No res, deixem-ho correr: ja hu veurem en
Gelat aont se geurà.

Ara tornem a la Princesa.

Cansada la pobre de dir per cosa certa que 's
qui l'havía desencantada no era cap d' aquells
tres alexandres que juraven i perjuraven que eren
ells, arribà a dir, per llevar-los-se de devant:

—No 'm casaré, en no esser amb un qui 'm pre-
sent mitja pera d' or com una mitja que jo 'n tenc
i una sabateta d' or com una que me ""n falta.

Aquí el Rei fa unes dictes que's qui present
mitja pera d'or i una sabateta d'or així i així, se
casarà amb sa seua tía.

Bona la va haver dita el Rei: tots ets contes,
marquesos, prínceps i reis tadrins se presentaven
amb mitges peres i sabatetes d'or: però les posa-
ven devora ses de sa tía del Rei, i no n'hi havía
cap que fos gens consemblant.

Aquell terrer un día conta devant ets mossos
això que passava, i En Juanet de l onso diu:

—Jo 'm donaria amb coratge de fer aquesta mit--——
ja pera i aquesta sabateta.

Tots se 'n rigueren d'ell, i n' hauríen fets tres
díes si no haguessen menada tanta por an ets seus

A punys.

—El hu dius de bo que les taríes2 li demana es
mestre.

—l tant de bo. l

—ldò, jo hi pos ses bestretes.

pa
",NA
66,"56 RONDAIES MALLORQUINES

—ldò, venga un flasco d' aigordent, una panera
de nous i un martell, i tancau-me dins una cambra
amb un llit per jeure, i des cap de tres dies m'
obrireu. /

E-hu feren tot així com ell los havía dit.

Ell se colga, i cada instant esclafava un parei
de nous amb so martell, se menjava ets bessons i
se calava una bona tímbola d' aigordent.

—iJa serà 'l dimoni si les fal deien es mestre i
ets mossos, ben creguts que aquells tocs eren que
trabaiava a la vela. l

Passats es tres díes obrin, i el troben amb sa
mitja pera d' or i sa.sabateta d' or en ses mans.

Quedaren amb sos cabeis drets.

L' acompanyen a ca'l Rei, presenta sa mitja
pera i sa sabateta, les posen devora ses de la Prin-
cesa, i foren justifet justitetet. Ja no poríen esser
pus consemblants.

—Tu seràs es venturós, li diu el Rei.

El presenta a la Princesa al acte.

—iAquest esl diu ella botant d' alegría tot-d'
una que 'l veu. jAquest es qui m' ha desencanta-
dal D' ell som i de ningú pus.

Ni el Rei ni ningú hi posà cap dupte.

An Arrabaça-pins, n' Escarda-penyes i n' Apun-
tera-pareis los perdonaren la vida, amb un tal que
se 'n anassen a matar moros, i no S' acostassen
pus devers la Cort.

Sa fia del Rei i En Juanet de l onso se casaren,
i varen viure com Jusep i María fins que toren
morts. Í al cel mos vegem tots plegats.

Torre Nova, Agost de 1897.
",NA
67,"CICDSPCSCIGSCDCSCOCOSOGA
UNA QUI NO VOLIA PASTAR Ò
Ar era un homo que tenía sa dona molt ca-

ee partuda, i ell que no feia veta tampoc.

Un día que casi no hi hagué pa per dinar, ell
diu:

—Dona, a veure si pastes demà. L/

—Ja pastaràs tu si tens pastera, respon sa dona. .

—No, ell seràs tu, diu ell.

—lIdò no hu seré, per molt que t' enrevans.

Ell, per capturar-la, sabent lo xarradores que
son ses dones, va dir:

—No res, pastarà es qui primer diga cap pa-
raula. . .

Ella amb so cap digué que Sí. l

l allà los hauríeu vists tots dos boca closa tot lo
sant decapvespre i tota sa vel'lada, i se 'n anaren
a jeure, i s' adormiren sensa haver dit res pus.

Lo endemà dematí se desperten, però ni un ni
s' altre se mogueren de dins es llit ni provaren d'
aixecar-se, per no veure ningú i no caure en la
tentació de conversar.

Se feren les vuit, se feren les nou, se feu mig

(1) La'm conté na Juana Aina Mayol i Sal:s, de Pollensa.

rr
",NA
68,"1
58 RONDAIES MALLORQUINES
día, i ells dos allargats dins es llit, amb s' esquena
girada i boca closa, lo meteix de morts.
Ets veinats, veent la casa tancada, començen a l
tenir-ne mal de ventre, i a demanar-se ells amb
ells si han reparat que obrissen o se ""n anassen.
Ningú los havía vists blancs ni negres, ni havía
notat ni sentit que obrissen.
—Qué sería cosa que haguessen tengut cap
de-nou2 arribaren a dir es veinats.
Se 'n van a ses portes, i foc foc.
Ningú respón.
Tornan tocar més fort, i manco.
Se '""n van a donar part an es bal'le.
Es bal'le s' entrega amb so serreller. Toca i
torna tocar, però e-hi anaren ben alerta ets dos
betzols a mourer-se ni a respondre, per no haver
de pastar.
Es serreller aquí, d' orde des bal'le, afica uns
ganxets dins es pany, i obri.
Se 'n entren: no veuen ni senten ningú. Se 'n
van dins sa cambra, i los me troben dins es llit,
allargats, uis clucs, alenant ben prim, tent es mort.
Be los cridaren i los estamenetjaren: no los po-
gueren treure cap parauleta, ni ter-los obrir ets
uis ni res.
—iCal ical diu es bal'le. Això es que son morts.
No res, amortaiau-los abans de més raons, i cap an
es cementeri a tapar-los de terra, i en sortirem.
EQué me 'n direu2. Ell tant un com s' altre, per )
no badar boca, se deixaren amortaiar i posar dins
sa caixa, i consentiren que los se 'n duguessen -
an es cementeri.
—jE-hu veurem qui serà que pastaràl deien tots
dos, entre sí meteixos, com los se 'n duien. —
I
/
",NA
69,"UNA QUI NO VOLÍA PASTAR. 59

Com los tengueren en es cementeri, resultà que
's fosser havía feta una gaveta p' es primer que li
duríen, i diu an ets vuit portadors:

—eQué los enterram plegatsP

—Ben pensat: plegats en vida, plegats en mort.

—No res, idò, duis-los-me, diu es fosser.

Los duen a sa gaveta, i un diu:

—e Quin posam primerP

—S' homo que es més feixuc, respon es fosser.

Aquí ell, veent que anava de ver, no pogué
aguantar pus, i diu tot rabent:

—iA poc a pocl iNo vui jo estar devall.

—lIdò tu pastaràs, digué sa dona, tota remolesta
i aixecant-se de dins sa caixa.

Fosser i portadors togiren com cent mil diantres,
i es dos carronyes se 'n anaren a ca-seua, i ell ha- l
gué de pastar.

LS OSSE
go
",NA
70,"GESTOS SECS
DJ (1
L'AMOR DE LES TRES TARONGES V

—É P e—
Aro era un Rei i una Reina que no tenien cap
ml infant, i desitjaven term tenir-ne.

Prometeren que, si 'n teníen un, donaríen a cada
pobre qui 's presentés una barcella de farina, una
satría d' oli i una olleta de mel.

EQué me 'n direu2 Ell dins manco d' un any la
Reina en tengué un de nin, .i li posaren nom Ber-
nadet.

I tots ets pobres jhala a ca 'l Reit

Era carreró fet, i a tots los donaven sa barcella
de farina, Sa Satría d' oli i s' olleta de mel per que
tessen bunyols, i brufassen En Bernadet.

Des cap de set anys una doneta veia, Sortint de
missa, n' escomet una altre que era fada i jeperu-
da i li diu:

(i) La'm contaren los nobles senyors D."" Elisabeth Rossinyol i
Dezcallar de Dameto, D."" Concepció Gual i Togores de Morell, don
Nicolau Dameto i Dezcailar i En Periquet Morell i Fortuny, mos ger-
mans Martí i Pere Jusep, la meua cunyada Margalida Estelrich, la mes-
tressa Eularia Mir, Garrovera, i n' Antonia Sansó, Polla, de Manacor, -
D.: María Antonia Guasp de Feliu, de la Ciutat de Mallorca, D.2 Maria
Mascaró i Reus, de Campanet, n' Aina Fiol, d' Alarò, En,.Toni (rarrit i
madó Catalina Gelabert, Neu/a, de Sant Llorens des Cardessar: madó
Margalida de Ca 'n Xeu, d' Estallenchs, i madó Margalida Vicensa, de
Pollensa.

LL)
",NA
71,"L' AMOR DE LES TRES TARONGES 61

—éNo trobes, fieta meua dolça, que sería hora
de que la Reina en tengués un altre d' infant, veam
si mos alegraríen de qualque cosa com s' altre ve-
gadar

—il de que mos alegrarenP

—iCotril equé ja no te 'n recordes de sa barce-
lla de tarina, de sa satría d' oli i de s' olleta de
mel que mos donaren a tots ets pobresP

—jA mi no m' arribà rési

—l t' hi presentares2

—iCom m' hi havía de presentar si jo n' estava
ben dijuna d' una tal cosal

—eldò2... équé estaves per bestíaP... qué no
vel'les ses caigudes tú2

—l iqué vols que ""t diga, fieta meua dolça des
meu core Me passà per maia aquesta, i no hi ha
que dir tornau. l

—Jo, si fos tu, encara hi aniría. Poría esser que
hagués quedat qualque cosa.

—Be has pensat, ara meteix me ""n hi vaig.

Peu rossec peu rossec, se'n va a ca 'l Rei.
Com es criats la sentiren, digueren:

—Germaneta, haureu fet massa tart. Heu de
contar que s' intant ja té set anys, i dins tres díes
ja hu varem haver partit tot: va esser aterra-pilla.

—I ési 'm deixasseu espolsar ses saques aont
e-hi havía sa farina, i passar un borreió de llana
per dins es safreig de s' oli, i posar cap baix cul
alt ses olles coleres de sa mel, per veure si encara
atribaría a qualque cosa2

—Si vos n' aconhortau, ho poreu provar.

eQué me 'n direu 2. Ell sa jaia se posa espolsa
qui espolsa ses saques, i encare los ne va treure
de farina, que casi no li cabé dins un talec que

l sl
",NA
72,"62 : o RONDAIES MALLORQUINES

duia. A força de passar es borreió de llana p' ets
recons i es sol des satreig de s' oli, encare omplí
sa satría, com omplí també meteix s' olleta de
mel, a torça de tenir ses olles coleres amb sa boca
per avall.
— lequé fa la donaP Se posa es talec demunt es
cap, s' olleta demunt es gep, sa penja sa satría
an es nas, i, mans cinta coll de jerra, amb sos
peus girats per defora i tota xarpada, pren es cam-
bussot cap a ca-seua.

Passa per baix d'un terrat des jardí del Rei,
aont En Bernadet jugava amb bolles d' or: justa-
ment cau una bolla, i ja no tengué altre part aont
caure més que demunt sa satría de sa jaia, i fríc
le hi romp, i rebocillo, gipó i gonellons tot anà oli.

Sa jaia, més cremada que una monea, digué:

—Del bon tat i del mal tat, que la mía mare m'
ha comenat, i un punt més: lo que ara diré que
sía ver i veritat: que En Bernadet, en tenir setze
anys,

no puga estar ni sossegar

que l amor de les tres taronges no vaja a cercar.

Ets criats i criades de ca 'l Rei varen riure ferm
des pas de sa jaia, però ningú parà pus esment a
ses paraules que havía dites.

Sobre tot, En Bernadet cumpleix es setze anys,
i se posa trist i més trist, i mal a pler, i no tenía
posa ni conhort en lloc. ,

El Rei teu compareixer tots ets metjes des seu
reinat, i ninguns li saberen atinar es mal ni es re-
mei, fins que una criada veia se recorda d' aque-
lles paraules de sa jaia geperuda, i exclama:

—jCallaut Ja sabém que es lo que té En Berna-
",NA
73,"L'AMOR DE LES TRES TARONGES 63
det: es que aquella mala jaia li digué: /jQue 'n Ber-
nadet, en tenir setze anys,

no puga estar ni sossegar

que l'amor de les tres taronges no vaja a cercar.

Com En Bernadet e-hu sent, agafa son pare i
sa mare, i los diu:

—Me 'n vaig al acte a cercar /' amor de les tres
taronges. No tornaré que no la duga.

—iJjesús, Bernadetl diuen ells, ino hi vages per
amor de Deut iLleve't-ho des cap, si vols estar bél
Com noltros erem joves, ja hi anaven prínceps, fiis
de rei i reis fadrins, i primer queien morts, que no
la trobaven... iNo hi penses pus, fii meul jja t'
espassarà això, si Deu vol, amb una cosa o s' al-
trel

—Es ben per demés tot quant me direu, excla-
ma En Bernadet. iMe 'n hi vaig i forisi
. Pren un bossot de dobles de vint i un cavall, i
amb un: /a re-veure i amb Deu siau/ se despedí
de son pare i de sa mare i de tot-hom i de d' allà
s' ha dit.

Í tot-hom un plors desfet: el Rei teu encortinar
de negre tota la casa, i passà per orde que hi ha-
gués dòl tins que En Bernadet tornés.

En Bernadet ja no estava tunest, ja tenía con-
hort, perque ja cercava / amor de les tres taron-
ges.

Camina caminaràs, en demanava noves à tot-
hom que trobava, però ningú n' hi sabía donar.

Un día, entredeta de fosca, veu un llumet blau
i diu: l

l —iORI... jun llumeneret blaul jE-hi arribarem
si a Deu plaut
Ps
",NA
74,"64 RONDAIES MALLORQUINES

E-hi arriba, i foren unes cases blanques.

Una dona sortí demunt es portal. .

—iAlabat sía Deul diu ell.

—iPer a semprel Í qué cerques per aquí, Ber-
nadet2

—L' amor de les tres taronges. €No 'm dirieu
per ont es2

—Jo no hu sé, però es meu homo es gigant

i amic d' un drac
que tot lo mon cerca,
que tot lo mon sab,

i per ventura ell mos ho diría.

—l caont es es vostro homoè

—No 's pot torbar gaire a venir.

—lIdò me poríeu deixar romandre, a veure Si
aclariríem res.

—Però ell es gigant, i te menjaría.

—Amagau-me a part o banda, i si Deu ho vol,
no se 'n temerà.

—No res, évols que t' amac devall s' escudelleta
de brou i es cavall devall es cassolí de fer s'
amidó.

—ija hi hauríem d' esserl

Ella posa En Bernadet devall s' escudelleta de
brou i es cavall devall es cassolí, i des cap d' una
estona, fac, s' entrega es gigant, amb unes bones
passes.

Ensuma qui ensuma, se posa a dir:

—iSent olor de carn humanal

Ja 'n menjarem aquesta setmana.

cQui es passat per aquí2 a

iSent olor de carn humanal

Ja 'n menjarem Si-'l demoni no mos engana.
Qui es passat per aquí2
",NA
75,"L'AMOR DE LES TRES TARONGES 65

—Un ase vei, diu sa giganta, i li he taiades ses
cuixes, i les t' he sotregides. l

—iVaja, idò, si les me treusl

—eEQué no vols ses faves primero

—iJa les hauríes d' haver duitesi

N'hi dugué una cuinada d'una cortera, que l'
havía mester per cada menjada i llavò una posta-
da de pa.

—Si hi vols sopes, diu ella, feten. fot'en

Se 'n hi fa set pans, i amb quatre xuclades tota
sa cuinada va haver volat.

—Venguen ses cuixes d' ase, digué com encara
tenía sa boca plena de sa derrera cuierada de
faves.

Les hi du, i casi no li tocaren voreres.

—dE-hi ha res pus2 diu ell.

—Set cossis d' ensiam.

—i Venga-losi

Los hi du, i los se cala tots set, sensa gens de ,
returada.

—iAmb que m' he de torcar ets morros2 digué
com va haver fet etzenet.

—Amb so sarrió.

Y ja l'ha despenjat des clau, i ibones tregades
per aquells morrots, que casi s'arregussava sa
pell:

—cAmb que m' he d' escurar es quixals2

—Amb sa barra de sa porta.

Era una barrota de set roves, i ja la s' ha en-
fonyada dins sa boca, i iponyides d'un vent i de
s' altrel

Redó, que no poría dir pruna, se 'n va a jeure,
i sa dona li diu:

Tom III—5 -
rr
",NA
76,"66 RONDAIES MALLORQUINES

—l l amor de les tres taronges no sabs per
aont esP

—jMassa que hu sél Jo i sis més la guardam.

—Vaja, idò, diguem-ho.

—Sou massa xarrims voltros dones. jiHala, ca-
llemi... iNo vui sentir cap mosca pusi

Es gigant al punt va fer uns roncos que resplan-
día tota la casa.

No tenía tanta son sa dona, que estava mal a
pler de tot, com veia que ell no li havía volgut
dir aont era / amor de les tres taronges. :

Tant s'hi arriba a iniundar, i tan fortes arriba-
ren a esser ses ganes que tenía de sabre-hu, que
n'hi vengué an es cap una de feresta: se'n va a
dur sa barra de sa porta, i encivella barrotada
devers es morros des gigant.

—ijiiAilll digué ell escapant-li un bramul espan-
tós. EQuí es que m' ha pegat

l Ella amaga sa barra devall es llit, i diu:

—Era jo que somiava que vos preníen / amor
de les tres taronges.

—iCom la mos han de pendre, diu ell, si per
arribar-hi, han de passar tres camps: un camp de -
formigues, que 'n negretja, i que faríen morir ra-
biós es qui hi entràs, i llavó un camp d'animals
ferosos, que, si hi afinassen ningú, no hi hauría
bocinada per hom, i llavò un camp aont hi ha una
serp de set caps, més afectada d'homos que un
gat de formatge, i que los se passaria sencers.

iVajal pots estar descansada: no la mos pen-
dràn a / amor de les tres taronges... No res,
encén es llum, i mirem aquesta boca, que per mi
no serà pus lo que era.

Encén es llum, la hi mira, i li va haver tomats
",NA
77,"L'AMOR DE LES TRES TARONGES 67
set aumuts de dents i set de quixals, Jr
però encara ni quedaven altres tants. — V ua

—iRe cent mil carrerancs de carretades de di-
monis cucarellsi diu ell, com veu tanta destroça.
iOh, si no fosses ma muller, no't valdria Sant
Perel... ite menjaval Sobre tot, imiret-hi més
una altre vegada en so somiar, Si no tens sa vida
avorridal

Ja hu crec que En Bernadet no los ne perdé
cap de paraula. iMassa ell escoltava be, i en tenía
poca de sonl

Anau a dormir voltros a un cas d' aquests.

Lo endemàú abans de s' auba, es gigant li envela
cap a guardar l amor de les tres taronges.

Sa dona alça s' escudelleta de brou i es cassolí,
i surten En Bernadet i es cavall.

En Bernadet diu:

—Deu vos ho pac lo que hu tet per mi, i en
coses que síem bons, manau i disponeu.

—Deu te do tanta ventura com desig per mi
meteixa, diu ella.

En Bernadet pega bot demunt es cavall, i de
d'allà, ben atacat.

Camina caminaràs, hora-baixa de tot, veu un :
llumet blau, i diu:

—jUn llumeneret blaul
IE-hi arribarem si a Deu plaul

E-hi arriba, i foren unes cases blanques.

També hi havía una dona demunt es portal.

—iAlabat sía Deul diu ell.

—iPer a semprel diu ella. iQué cercas per aquí
Bernadet2

r
",NA
78,"68 OO RONDAIES MALLORQUINES

—L amor de les tres taronges. cNo m' en sa-
bríeu donar noves

—No, fiet. I enecessites sabre-hu precís precís2

—Que no poré estar ni sossegar, que no hage ,
trobada aquesta a/n07.

—Idò, en no esser que hu sapia es meu homo,
que es gigant

i amic d' un drac
que tot lo mon cerca,
que tot lo mon sab...

—I saont es es vostro homoP

—No 's pot torbar gaire a entregar-se.

—Idò sper que no 'm deixau romandre2 i per

, ventura aclariríem qualque cosa.

—Fii meu, ell es gigant, i te menjaria.

—No se'n temería si vos m' amagàveu ben
amagat.

—iVois que't pos a tu devall s' escudelleta
de brou i es cavall devall es cassolí de ter s'
amidó.

—Posau-mos-hi.

Los hi posa, i des cap d'un poc s'entrega es
gigant, amb unes bones passes.

Ensuma qui ensuma, se posa a dir:

—iSent olor de carn humanal

Ja 'n menjarem aquesta setmana.

:Qui es passat per aquí2

iSent olor de carn humanal

Ja 'n menjarem si 'l demoni no mos engana.
:Qui es passat per aquí:

—Un cavall vei, diu sa giganta, i li he taiades
ses dues cuixes, i les t' he rostides.
",NA
79,"L'AMOR DE LES TRES TARONGES 69

—iVaja, idò, si les me treusi

—el ses tavesP cO 't penses haver-te d' atepir
de derrería no mése Tampoc no has d' esser tan
golatre.

Li treu sa cuinada de cortera i sa postada de
pa, i li diu:

—T hi hauríes de fer unes quantes sopes.

Se 'n hi fa set pans, e-hi tira ses faves demunt,
s' hi aborda, i foren quatre grapades.

—iHala, si me dus ses cuixes de cavalll digué
com encara tenía sa boca plena de faves.

Les hi du, i dins un santiamén les hagué des-
nossades de tot, i diu ben rebent:

—eQue no hi ha res pus

—Set cossis d' ensiam.

—Idò éque esperas a dur-losP

Los hi du, i amb unes quantes xuclades los se
cala tots set.

—ecAmb que m' he de torcar ets morrosP digué
com va haver tet etzenet.

—Amb so sarrió.

l El despenja des clau, i bones tregades p' ets

morros, que casi s' arregussava sa pell.

Llavò diu:

—iAÀmb que m' he d' escurar es quixalsP

—Amb sa barra de sa porta.

Era una barrota de set roves, i ja la s' atica dins
sa boca, i puny qui puny.

l Més redó que unes xeremíes, se 'n va a jeure, i

sa dona ja li demana:

—Escolta, ci tu no sabríes / amor de les tres
taronges aont es2

—iCom no hu he de sebre, Si jo i sis més la
guardamP

,
",NA
80,"70 RONDAIES MALLORQUINES

—ciAquesta m' es vera2

—Passa de vera.

—iVaja. idò, si m' ho dius aont devers est

—i No 'm garlemi Voltros dones sou uns paners
foradats: tot e-hu vessau si vos diuen res.

—iTiral idiguem-hol... itant com t' estiml...

—iSil... jja 'l me comanaràs molt que jo t' ho
digal eSabs que has de fer2 callar: que no estic
per merendengues. jA dormir s' ha ditl

Ell al punt dormí com un tronc. Ara ella, girada
de un vent i girada de s' altre, i com més anava,
més poca son tenía, i més mal de ventre sobre

, allò que 's gigant no li havía volgut dir.

iSabeu que hi arribà a estar de mal a plert

Aviat ses ganes que tenía d' aclarir-ho toren
tan fortes, que no pogué pus, i va dir:

 —E-hu hem de veure si m' ho dirà o quel
S' aixeca, se'n va a dur sa barra de Sa porta,
i enteterra barrotada devers es morros des gigant.

—iiiAilli digué ell, escapant-li un bramul terest.
eEQUÍ es que m' ha pegat

Ella amaga sa barra devall es llit, i diu:

—iEra jo qui somiava que vos preníen / amor

de les tres taronges.

—iQue han de pendre / amor de les tres ta-
rongesl... Si per arribar-hi han de passar un camp
de formigues, un camp d' animals terosos i un
camp aont hi ha una serp de set caps que taría
benes qualsevol que s' hi acostàs. Í si a un cas de
casos n' hi hagués cap que passés, llavò se troba-
ría amb sa murada que tanca es jardí, una murada
de setanta pams d' alt, i no més e-hi ha un portal
amb unes portes de bronzo, que sempre s' obrin i
se tancan, s'obrin i se tancan ben aviades i amb

h
",NA
81,"L' AMOR DE LES TRES TARONGES 71
tanta força, que 'n faríen una coca de s' atrevit
que s'atansés a passar. l no los unten mai es
gautons per que fassen més estrai i amb so renou
no mos deixen dormir a noltros qui guardam, per
que així en cap manera mos puguen trair... iVaja,
no la mos pendràn a / amor de les tres taron-
gesl... jen pots estar ben segural... No res, encén
es llum, i mirem dins aquesta boca, que per mí no
serà pus lo que era.

Encén es llum, la hi mira, i li va haver tomats
set aumuts de dents i set de quixals,
però encara n' hi quedaren altres tants.
—iRe cent mil carrerancs de carretades de dimo-
nis cucarellsl diu ell com veu tanta destroça.
re iAhl... Si no fosses ma muller, no 't valdría Sant
Pere: te menjaval Sobre tot, imiret-hi més una
altre vegada en so somiar, Si no tens sa vida
avorridal
Ja hu crec que En Bernadet no los havía perdu-
da cap parauleta. Massa ell escoltava be, i en
tenía poca de son.
Anau a dormir voltros a un cas d' aquests.
( Lo endemà abans de s'auba es gigant li acopa
cap a guardar l amor de les tres taronges.
Sa dona alça s' escudelleta de brou i es cassolí,
i surten En Bernadet i es cavall.
En Bernadet diu:
—Deu vos ho pac lo que hu fet per mí, i en
coses que siem bons, manau i disponeu.
—Deu te do tanta ventura com desig per mí
meteixa, va respondre ella.
En Bernadet pega bot demunt es cavall, i de
d' allà.
dl
",NA
82,"72 RONDAIES MALLORQUINES
Camina caminaràs, hora-baixa de tot, veu un
llumeneret blau, lluny, ben lluny, i exclama:
—jUn llumeneret blaul
iE-hi arribarem si a Deu plaul
E-hi arriba, i foren unes cases blanques.
També hi va haver una dona demunt es portal.
—jAlabat sía Deul diu ell.
—iPer a semprel diu ella. Que cercas per aquí,
Bernadet2
—L amor de les tres taronges. çNo 'm diríeu
per ont para, germanetaP
—Jo no hu sé, tii meu. En no esser que hu sa-
bés es meu homo, que 's gigant
i amic d'un drac
que tot lo mon tresca
que tot lo mon sab...
—ldò ell es fàcil que hu sapia. Si me deixaveu
romandre, le hi poríem demanar.
—Però ell es gigant, i te menjaria.
—Si volíeu, me poríeu amagar a part o banda.
—e Te '""n aconhortes que 't pos a tu devall s' es-
cudelleta de brou i es cavall devall es cassolí de
fer s' amidóP
—Sí que me 'n aconhort.
Los hi posa, i des cap d' una mica s' entrega es
gigant, amb unes bones passes.
Ensuma qui ensuma, se posa a dir:
—iSent olor de carn humanal
jja 'n menjarem aquesta setmanal
Qui es passat per aquí2
iSent olor de carn humanal
iJa 'n menjarem, Si 'l dimoni no mos enganal
:Qui es passat per aquí2 I
",NA
83,"L'AMOR DE LES TRES TARONGES 73

—Un bou vei, diu ella, i li he taiades ses cui-
xes, i les t' he rostides.

—ldò cper que no les me treus que duc una
fam que m' alça.

—Sí, ell lo que 's diu tu no importa que t' untes
es quixals de vinagre... T' acabarías un llinatge.

—iVaja si ""m dus ses cames de boul

—iEll has de tastar ses favetes primerl jM' ho
haguesses comanat avui dematí, Si no les t' havíes
de menjarl

—iHala, idò, ses favesl... iDepressa:

—ija les te durél... ij Ten un poc de paciencia,
que la Mare Priora en tenía i la batculaveni

Li du una cuinada de cortera, i una postada de
pa, que era sa seua racció, i li diu:

—iVaja si t hi tas sopes i t' assaciaràs un poc
mési

Se 'n hi fa set pans, e-hi aboca ses faves: i idas-
sa qui dassa bons budoixosi al punt les tengué
totes dins l ànima.

—iVenguen ses cuixes de boul diu ell, com en-
cara tenía Sa boca plena.

Ella les hi du, i aviat les tengué escloveiades. l

—Que no tens gens d' ensiam2 diu ell.

—Set cossis.

Los hi posa demunt sa taula, s' hi aborda, i no
hi deixa ponedor.

—çAmb-e que m' he de torcar ets morrosP

—Amb so sarrió.

El despenja, i bones tregades p' ets morros, que
casi s' arragussava sa pell.

Llavò diu:

—cAmb-e que m' he d' escurar es quixalsP

—Amb sa barra de sa porta.

di
",NA
84,"74 RONDAIES MALLORQUINES

Era una barrota de set roves, i ja la s'afica
dins sa boca, i ponyida ve, i ponyida va.

Redó, que no podía dir pruna, se'n va a jeure,
i sa dona ja li demana:

—l ètu no sabs per ont caplleva / amor de les
tres tarongesP

—jiMassa que hu sél Des que som nat, la guart
amb sis més.

O —eLa guardes, i no m' ho havías ditP

—No hu havías mester sebre.

—iSabs que hi vas d' erratl... Nores, per càstic
diguem-ho ara. ,

—j Per vos son fetes ses monges d' Incal iPer
paga voltros dones sou tan trempades per guar-
dar un secretl... jell sou tan callades com ses
campanesl

-—iVaja, diguem-hol idepressal

—iSabs que has de fer2 Callar, que tenc una
son que'm roega, i no'm vengues en. recapito-
letjar.

Sa dona va veure la mar bruta, i se posà un
punt a sa boca. l

Ell s adormí com un sauló. Ara ella jses derre-
res que tengué d' aclucar ets uist

iMassa ell li covíen amb so pebre de / amor
de les tres taronges/

iSabeu que li va caure de tort que's gigant no
li hagués volgut dir aont eral

Arribar a tenir-ne tant de mal de ventre, que,
pensa qui pensa com el se poría espassar, a la ti
s'aixeca, se'n va a dur Sa barra de Sa porta, i
enfloca barrotada devers es morros des gigant.

—jiiAilil digué ell, escapant-li un bramul es-
glaiador. cQui es qui m' ha pegat
",NA
85,"L'AMOR DE LES TRES TARONGES 75
Sa dona amaga sa barra devall es llit, i diu:
—iEra jo, qui somiava que vos preníen /' amor

de les tres tarongesJ

—iBestia, més que bestial diu ell. dQuin possi-
ble es que la mos prenguen, si per. arribar-hi han
de passar un camp de formigues, un camp d' ani-
mals terosos, un altre que hi ha una serp de set
caps, i llavó una murada de setanta pams2 Passat
tot això encara venim noltros, qui som set de día i
set en sa nit, ajaguts abaix des taronger que té
l amor de les tres taronges an es brot de més
amunt. Í per enganar la gent, en dormir tenim ets
uis badats, i en no dormir los tenim clucs. Veiés
com el mos han de porer prende an es brot de tres
tarongesi Ja pots estar ben descansada jal No 'l
mos pendràn... Sobre tot, encén es llum, i mirem
dins aquesta boca, que per mi no serà pus lo que
era.

Ella encén es llum, li mira dins sa boca i li va

haver tomats
set aumuts de dents i set de quixals,
però encara n' hi quedaren altres tants.

—iRe cent mil carrerancs de carretades de di-
monis cucarellsi diu ell, com veu tanta destroça.
iOhl si no fosses ma muller, no 't valdria Sant
Pere: te menjaval Sobre tot, miret-hi més en so
somiar una altre vegada, Si no tens sa vida avo-
rrida.

Ja hu crec que En Bernadet no 'n perdé cap de
paraula d' aquestes. iMassa ell escoltava arreul

Es gigantot lo endemà, abans de s' auba, ja li
hagué envelat cap a guardar l' amor de les tres
taronges.

r dl
",NA
86,"16 RONDAIES MALLORQUINES
Sa dona alça s' escudelleta de brou i es cassolí, l
i surten tots xalests En Bernadet i es cavall.
En Bernadet digué a sa dona: l
—Deu vos pac lo que hu tet per mi: i en coses
que siem bons, manau i disponeu.
—Deu te guart de tot perill, Bernadet, diu ella:
i Ell te do tanta ventura com desig per mi me-
teixa.
—Amen, i amb Deu siau, diu ell.
lja està demunt es cavall, i de d' allà s' ha dit. l
Camina caminaràs, topa a un riu, i a Sa vorera
hi havía una veieta, qui com que provés de passar, . l
i ja s' escometen: l
—Alabat sía Deu, germaneta. l
—Per a sempre... iOh. Bernadet, fii de reil etu /
ets2
—Jo som. I equé volíeu ter araP
—Passar aquest riu.
—iCa, donal Vos ne duría. Esperau, vos possa-
ré a ses anques des cavall.
La. hi posa, dona an es cavall per dins es riu, i
dins un instant ja fonc a s' altre part.
Sa jaieta tot d' una devalla, i diu.
—iOh Bernadet, quin favor m' has fetl i(Deu del
cel el te pot pagar i no mési l Ú
—Això no es cosa, germaneta. Si voleu res
puS.....
—Que ""m digues aont te 'n vas per aquests pa-
ratges, i tal volta te poría dar un camí.
/ —A veure si trobaré P amor de les tres taron-
ges, germaneta. Ja 'm tarieu un gros favor si 'm
déieu aont para.
—Dins es llevant. Ves sempre tot dret cap allà
ont veges Sortir es Sol.
",NA
87,"L'AMOR DE LES TRES TARONGES Ti

—Me diuen, germaneta, que he de passar un
camp de formigues, un d'animals ferosos i un
que hi ha una serp de set caps, i que llavò hi
ha unes portes de bronzo que sempre portetgen i
no deixen passar ningú.

—l ben ver que es, Bernadet.

—il com ho hauría de ter perque ses tormigues
no 'm diguessin res i me deixassen passar2

—Du-los blat.

—el an ets animals ferososP

—Euveies i anyells.

—el a sa serp de set capsP

—Set gerres de llet.

—el a ses portes de bronzo2

—Unta-los es gautons de sdím bó, i s' aturaràn
de portetjar i de ter renou, es gigants s' adormi-
ràn, i tu porés fer sa teua vía.

—iPer amor de Deu sía, germanetal diu En
Bernadet, i li dona una grapada de dobles de vint.

Sa veieta se posa sa ma a sa butxaca, i se treu
tres rodetes de floc, una verda, s' altre color de
cendra, s' altre rotja, i llavó un bolic de cotó.

—Jas això, diu ella. Per entrar dins es jardí,
per que no 't senten, posaràs aquest cotó ú ses
potes des cavall, i quant t encalsen, si veus que
ja t agaten de tot, amolla aquests tlocs. No res,
Bernadet, fes sa teua vía, i que Deu te guart de
perill, i te deix arribar allà ont tu vols.

—Amén, diu En Bernadet.

l ja es partit ben acanalat cap a llevant.

Camina caminaràs, troba un traginer amb un
mul i tres sacs de blat.

Li compra es mul y sa somada, i ihala per en-
devantl
",NA
88,"78 RONDAIES MALLORQUINES

Camina caminaràs, troba un pastor que pastu-
rava un centenar d' euveies, les hi compra, les se
passa devant, i de d' allà s' ha dit.

Camina caminarés, topa a un hostal, e-hi compra
set gerres somerals i una olla de saim: muny ses
euveies, i umpl ses gerres de llet, i amb tot aquest
carro-portal ihala per envantl

Camina caminaràs, a força de cercar, arriba a
trobar es camp de formigues, que negretjava de
tantes que n' hi havía: teien tel per tot, no veien
gens sa terra.

l equé fa En Bernadet2 Descarrega ets tres sacs
des mul, i ja es partit escampa qui escampa blat,
i... fins que l hagué escampat tot.

Ses formigues s' aborden an es blat, i vos asse-
gur que n' hi hagué de teixina.

Ja no s' empatxaren de res pus, i En Bernadet
pogué passar de lo millor amb so cavall, es mul i
ses euveies.

l Arriba en es camp d' animals ferosos. Fa passar
ses euveies devant, i elles pagaren la testa.
Aquells animalots s' hi abordaren tot atamegats, i

I vos assegur que les hi trobaren saboroses, i ets
. —Troissos que feren foren molts pocs.

Ja no s' empatxaren de res pus, i En Bernadet
pogué passar de lo millor amb so cavall i es mul

amb sa llet.

Arriba en es camp de sa serp de set caps, que
hi va compareixer amb totes ses barres ubertes,
i amb uns ciulos que 's cabeis s' arrissaven.

En Bernadet li presenta ses set gerres somerals
plenes de llet, s' animalot atica un cap dins cada
gerra, i allà, gloc, gloc, beu qui beu llet, sa més
descansada del mon.
",NA
89,"L'AMOR DE LES TRES TARONGES 9
iSabeu que l' e-hi trobava de bonal Te Va
No li llevía gens alçar es cap ni girar la vista

entorn.

ija ho crec que En Bernadet pogué passar de lo
millort

Ja veia es jardí de / amor de les tres taronges:
sortíen ses rames d' ets abres i ets brolladors part
demunt sa gran paret, deixant anar una oloreta i
una frescor que tot allò embalsamava.

Ja era devant ses portes de bronzo, que no se
donaven raó a obrir-se i tancar-se, i com que se
haguessen d' estallar amb sos fufups que teien,
que resplandíen dins es cervell, i amb so rac arrac
des gautons, que hauríen escarrufat un ase retut,
quant i més un cristià. Se coneixía que hi anaven
ben alerta a untar-les.

En Bernadet s' hi acosta, se treu S' olla de saim
bo, i de dalt es cavall unta ben untats es gautons
des mig i de més amunt. Bota, i unta es de baix:
i e-hi posta tot es saim.

Qué me ""n direu

Ell aquelles portes, lo meteix que si los hagues-
sen donats dormissons, s'aturen cop en sec de
portetjar i de ter estrai, i romanen mig ubertes i
mig tancades, lo meteix d' adormides.

També s' adormiren ets gigants amb so parar
aquell telabastaix, i devers les onze que eren, s'
hora que sa son petxuca més tort ets qui estàn
mans fentes.

En Bernadet embolica i ferma es cotó per ses
potes des cavall, i ja se'n entra dins es jardí,
sensa fer petjades casi casi: i cap an es taronger
des migl que 'l veien de per tot, de alt que era i
de vorjo que duia.

T A
— Pi
Opera cs
FOR so
",NA
90,"/
I
80 RONDAIES MALLORQUINES
Al punt e-hi va esser devora, i e-hi afina ets set
gigants, enrevoltats de sa soca, ajagudots, badant
uns uis com uns platets.
S' hi acosta de puntes de puntes, sensa alenar
casi casi: se senya tres vegades, s' enfila com un
aranyó per sa soca, arriba an es brot de ses tres
taronges, el cui, devalla, pega fua cap an es cavall,
i ja hi està demunt, i venga esperonada i altre, i
es cavall de quatres, i de d' allà.
Amb sa mica d' estabeig es gigants se desperten,
i me veuen aquell qui fuig i es taronger sensa es
brot de ses tres taronges.
iOh quin bramul que pegaren i quin botl
—iNo la mos ha feta, que no la mos hagem pen-
sadal diuen cridant com a locos i amb unes flesto-
míes qui socorraven.
l lia han pitjat derrera En Bernadet tots set,
E) brandant cadasqú una barrota de set quintars.
La hi tiraven per capturar-lo, però no ""I feriren.
Com veren que ja anava a passar ses portes de
bronzo, se posen a cridar: l
—iÓ portes, aturau aquest polissó, que mos l
pren / amor de les tres taronges/ l
—iAturar-lo2 diuen ses portes. Ell ningú mai
mos havía untades ni de morques, i ell mos ha
untades de saim ból... jQue pasi
ls obrin de pinta en ample i el deixen passar
com si tos estat el rei, tot dient-li:
—ilUal Bernadet, que no t' agatenl l
Il En Bernadet de d' allà per dins es camp de sa l
serp de set caps, i ets set gigants correns derrera, I
fent tlamada, tirant-li ses barrotes, però mai el po- I
ríen endivinar.
—iO serp, atura aquest polissó, que .mos roba I
l amor de les tres tarongesJ
",NA
91,"L'AMOR DE LES TRES TARONGES 81

—péAturar-loP diu sa serp. Ell ningú mai m' ha-
vía duit un glop de llet, i ell me 'n ha duites set
gerres someralsi ijQue pasi

Í sa serp el deixa passar sa mes lleal del mon,
tot dient-li:

—ilUà, Bernadet, que no t' agatenl

l En Bernadet de d' allà per dins es camp d' ets
animals terosos, i ets gigants derrera ell, cuidant a
fer ui de córrer, i tira qui tira ses barrotes, però
sempre errant es tir. l

—ijAnimals terosos, parau aquest polissó que
mos pren /' amor de les tres taronges/

—eParar-lo2 diuen ets animals terosos. Ell nin-
gú mai mos havía duit un os, que es un os, i
ell mos ha menada tota una guarda d' euveies
i anyellsi jQue pasi

l el deixen passar, i tots li diuen:

—ilUà, Bernadet, que no t' agatenl

l En Bernadet de d' allà per dins es camp de
formigues, i es cavall que volava, i ets gigants
correns derrera, tant com en poríen treure, i ba-
rrotes al aire, però mai teríen En Bernadet, ni
d'un bon troç.

—iFormigues, parau aquest polissó, que mos
pren /' amor de les tres taronges/

—éParar-lo2 diuen ses formigues. Ell ningú mai
mos havía duit gens de blatet, i ell mos n' ha duits
tres sacs ben grans i ben plensi ijQue pasi

l el deixen passar, tot dient-li:

—jUà, Bernadet, que no t' agatenl

l En Bernadet bones esperonades an es cavall,

i es cavall qui rebotía, i amb cada llongo feia set
destres. I
Tom llI—6
P.
",NA
92,"l l
82 RONDAIES MALLORQUINES a a
Ets gigants aquí digueren: —.
—iNo, ell si no deixam ses barres i no hu feim
de tot, no'l plegaremi jEll corre mes que I di-
monil l l
Deixen ses barres, i, ihala petitsl tots set .derre-
ra En Bernadet. Ú
iVos assegur que hi debanaven ben aviat i que
""n feyen de carreral l
En Bernadet se gira, i veu que li reprenen una
cosa grossa, i que promte li seràn demunt.
Se treu sa rodeta de floc vert, la desta, los ho
tira: i aquell floc torna un camp de gatoves, arge-
lagues, esparagueres de gat, donardes, roma-
guers, garanyoners i cirerers de bon pastor, tots
reblits de púes. Les teníen més espesses que 's
cabeis des cap, i ben afuades que eren i ben llar-
gues. Feien cara de mes aficadisses que un ca
de bou. l
Ets gigants no hi repararen gens, però com e-hi
varen haver caminat un troç, tengueren. peus, ca-
mes i cuixes com un llatze, de tantes púes que
s'eren aficades, sa sang ratjava a la vela, no hi
tenien repòs.
S'aturaren a desticar-les-se, però com partíen
de bell nou, ja se 'n tornaven aticar set deus.
Amb lo sorts que eren de pell: i amb sa rabia
que duien, a força de potoiar i de palancatjar,
passen aquell camp.
En Bernadet casi ja no'l veien. Tornen partir
ben correns, ben correns, i isabeu que 'l feren d'
envantl
En Bernadet se gira, i los se veu demunt. ,
Aquí desfà sa rodeta de floc senrós, les ho /
amolla, i aquell floc torna un camp de fuies de
: l
",NA
93,"L'AMOR DE LES TRES TARONGES 83
trinxets, guinavetes, serres i destrals amb so tai
per amunt.

Ets gigants no hi repararen gens, però, com se
sentiren aquells tais que los entraven dins sa carn
viva, jo quins bots i quines revinglades que pega-
ven, i quins bels i bramuls que feient

Al punt tengueren peus i cames plens.d' ubertes
i tais, i Sa sang que los ratjava roi seguit.

Així com pogueren, sortiren d'aquell camp,
però tan entforiolats anaven, que no hi pogueren
consentir de deixar fogir En Bernadet: i ja torna-
ren esser partits, coixeu coixeu, derrera ell, fent
de la guerra pota.

En Bernadet tenía es cavall cansat i mort, que

- — NO poría pus.

Se gira i los veu que encara se 'n venien, i feien
més vía que ell.

Aquí destà s' altre rodeta de floc roig, los ho
tira, i aquell floc torna un camp de brases ben es-
pesses i ablamades.

Ets gigants, que ja no hi veien de cap bolla ni
sabien que 's feien ni per ont caminaven, s'afican
dins aquell camp, i allà los n' hauríeu vists pegar
de bots i xecalines, i fer-ne d'esquerevits i rebel:
lades. Sabeu que xuclaven de fort, i quins ais i
quins remeulos los escapaven més esglaiosos i
aborronadors.

Per encapironats que estiguessen a passar en-
vant, aquelles brases los capturaren, tan si vol-
gueren com si no volgueren: un derrera S' altre
varen caure, graponetjaren i se bolcaren una

: estona, de rabiosos que se veien: i allà fent xiu
— xiu, colaren tots la vida.

Com En Bernadet va veure que ja no n' hi ha-

ao
",NA
94,"84 RONDAIES MALLORQUINES
vía cap que l' encalçàs, atura es cavall per repo-
sar una estona.

Estava abrasat de set, i li vengué s' idea de
xapar una taronge.

La xapa, i hi hagué de-dins una fadrineta com
un sol, sa cosa més garrida que se tos vista mai.

Encare no va esser Sortida, com diu:

—iBernadet, Bernadet, dam aigo: si no, m'
autecl

No n'hi pogué donar perque no 'n tenía, i la
pobreta tors es coll, i morta.

Figurau-vos quin esglai se 'n degué dur En
Bernadet. jO quina pena que teníal

Torna pendre es tapins cap a ca-seua, i de
d' allà.

Camina caminaràs, com més anava, més li re-
venia sa set.

Com no pogué suportar-la pus, va dir:

—Xaparé una altre taronge, i serà lo que Deu
voldrà.

La xapa, i també hi va haver de-dins una fadri-
neta com un sol, que, Si guapa era estada S' altre,
més e-hu era aquesta, però d' un bon troç.

Í digué tot d' una:

—iBernadet, Bernadet, dam aigo, si no, m'
auteci

No 'n tenía gens d'aigo, no n'hi pogué dar, i
ella tors es coll, i morta.

, Figurau-vos quin altre esglai p' En Bernadet.
Se pensava morir-se de sa pena que tenía.

Torna pendre es tapins cap a ca-seua i de
d' allà.

Camina caminaràs, sa set sempre anava aumen-
tant, i no era sofridora per cap vent del mon.
",NA
95,"L'AMOR DE: LES TRES TARONGES 85

Ja n'hi veníen de ganes de xapar sa taronge
que li quedaval... però va dir:

—Fins i tant que trop un pou, no l he de xa-
par... Primer consent morir. jNo vui jo entregar-
me a ca-meua mans buides, amb tant com m' ha
costat de trobar i de pendre aquesta bona d' Amor.

A la fí troba un pou, treu un poal d'aigo, i
xapa sa derrera taronge.

Ja ho crec que també hi va haver una fadrineta
com un sol, però com es sol més hermós que se
puguen pensar enteniments de criatures.

Amb tot i esser ses altres dues tan garrides,
devora ella no eren vistables, eren morques..— .
Encara no va esser fora de sa taronge, com diu:
—iBernadet, Bernadet, dam aigo: si no, m'
autecl

En Bernadet li atica es cap dins es poal, cla-
mant: )

—iBeu fins que tengues begueral

Il pogué beure tot lo que va voler.

En Bernadet pegà també una bona tímbola.

iOh que hi estava de xelest, i que hi anava de
xaravel'lo, com se veia devant aquella tadrineta
maravellosa, devant /' amor de les tres tarongesJ

No sabía que 's feia: botava, i saltava, i tenía
por term de esclatar d' alegría.

—No res, diu ell: a ca-nostra tenim ses feines,
i a casar-mos abans de més remor.

—Ja ho hauríem d' esser diu ella.

Ell munta a cavall, ella se posa a ses anques,

: i de d' allà s' ha dit cap a ca 'n Bernadet.

Camina caminaràs, des cap d'un parei de díes
destriaren la Ciutat, que estava demunt un puig, i

era ben gran i ben vistosa.
",NA
96,"86 RONDAIES MALLORQUINES

Troben un pou a sa vorera des camí.

—eSabs que terem2 diu ell: tu devalles, i no 't
mous d'aquí, i jo aniré a menar es cotxo i tot
s' acompanyament que mos estableix.

—Deixeu anar an això, diu ella. Ja arribarem
així meteix sensa cotxo, en no esser que 's cavall
se rete.

—Es cavall no se retrà, si Deu ho vol, però
veus: no està be que mos presentem tots dos ple-
gats cop en sec i a les sordes. La gent e-hi troba-

ría que dir, i mon pare i ma mare ho pendríen
tort. Creu-me, tu esperem devora aquest pou: i
dins un moment som aquí. jjas aquest anell per
penyoral

I n'hi dona un tot d'or i diamants.

Ella el pren, el se posa, i devalla des cavall
amb llàgrimes an ets uis, es cor nuat de pena, i
dient:

—iPer amor de Deu, Bernadet, torna prest:

—Molt pots trissar tu, però encara t'assegur
que fris més jo, diu ell.

Dona esperó an es cavall cap a la Ciutat, i po-
deu creure que' n teia de vía.

El colombra un negret de demunt sa torre més
alta, que d'orde del Rei guaitava sempre amb
una trompeta amb sa mà per donar avís tot d' una
que 'l ves venir, i pega cop de trompeta, cridant
amb tota sa força:

—iEl príncep vel jel príncep vel iel príncep vet

Sentir aquella veu, i alçar-se tot-hom, i Sortir-li l
al enquantre, va esser tot u.

Com se suposa, el Rei i la Reina foren es de
devant, i podeu pensar ets abraços, aterrades p'es
coll i besades que li daren, i ses festes i xicotines
que li feia tota la cort i tota la Ciutat.
",NA
97,"/
L' AMOR DE LES TRES TARONGES 87 f
4

—el que vens de buito li digueren son pare i sa
mare.

—iQue he de venirl diu ell. iBen de ple venc
jol

—eiQue vol dir2 éL' has trobada a / amor de
les tres tarongesP.

OO —L'he trobada i la duc.

—él aont esP

—An es pou d'aquí baix, que mos espera que
hi anem amb so cotxo i tot s' acompanyament.

Aquí el Rei passa orde de que s' enrenc la cosa,
i que se pos tot a punt de pastora mía, i que no
hi talt cap gra a sa dobla.

Criats i criades i tot-hom s' hi posen, i vos asse-
gur que traullaven, i se treien es fret de peus, i
s' afanyaven tot lo que poríen, i En Bernadet que
no feia més que córrer d' una banda a s' altré, cri-
dant:

—iHala si feis víal... jespediul... ijdepressal

Mentres tant, /' amor de les tres taronges, em-
pagaída de que la vessen allà tota solina es qui

o passassen, s' en puja dalt un noguer que becava
demunt es pou.

Està qui està, s' entrega a dur-se 'n un viatge
d' aigo una esclava d' una fornera, més lletja que
'l pecat. Dir que pareixía teta amb sa destral gros-
sa i que no més l' havíen mig embastada, es dir
massa poc. Per dir-ho així com era, pareixía feta
amb so mol'lo de fer llamps.

Sa derrera pussa que li picà que demunt es no-
guer e-hi hagués ningú.

: Quant treia ses gerres, veu dins es pou s' imat-
ge d' aquella tadrineta, i sa beula se cregué que
era sa seua propia, i ja se posa a dir:
",NA
98,"88 RONDAIES MALLORQUINES

—jiBon re cap de re cotril ija som guapa jo
ferm, i no me 'n era temudal jAquesta si que m' es

Dn-e qu blaval... cAn aquíP éJo, tan guapa i tan bella, ha-
ci ver d'esser esclava d'una fornera2 jTrinqueni
itrinquen les gerresi

I clif, clif, clif, trenca ses quatre gerres.

Se 'n torna an es torn, i diu:

—Ses gerres se son rompudes. iVenguen unes
altres, si voleu que vos dugue aigo.

Sa fornera n' hi dona unes altres, noves de trin-
ca, i s' esclava se 'n torna an es pou.

Quant treia ses gerres, veu de bell nou s' imat-
ge d' aquella fadrineta, i sa beula se torna creure
que es sa seua propia, i diu:

—jBon re cap de re cotrit éNo hu dic jo que

som una hermosura, i no me 'n era adonada2 çAn -€
aquí2... dJo, tan guapa i tan bella, haver de esser
esclava d' una tornera2... iTrinquinl itrinquin les
gerresi /

I clif, clif, clif, trenca ses quatre gerres.

Se '""n va an es torn, i diu amb uns morros d' un
paum.

—Ses gerres se son rompudes.

—jiAltre pic, Toni Colaul diu sa fornera. Ell,
segons veig, sortiràs cara per ses gerresi i Tu 10
que cerques, tastar sa verga de boul iBouetge un
poc, i veuràs si ho es saborosal

Per sortir-ne d' una vegada, li dona unes gerres
d'aram, dient:

—iAra ho he de veure si també les romprés an
aquestesi i.Ja seràs el dimoni si les rompsi

Se 'n torna sa pertafè a dur aigo amb ses ge--—
rres d'aram: i ja ho crec que, com les afica dins
es pou, veu de bell nou s' imatge d' aquella fadri-
",NA
99,"L'AMOR DE LES TRES TARONGES 89
neta dins s'aigo, i llevó sí que s' ho va creure
que era sa seua propia, i comença a descapdellar:

—iBon re cap de re cotril éNo hu dic jo que I
som s'atlota més hermosa que escaufa es solP
cAn aquí eJo, tan guapa i tan bella, haver, d'o Àn-e que
esser esclava d'una tornera2... iTrinquenl itrin-
quen les gerresi

Ja les tira en terra amb tota sa força, i les hi
torna tirar, les fa pegar per ses roques, les ente-
ferra pedra y altre pedra.

Una mica se copetjaren i S' aclocaren, però no
se romperen.

—iMal llamp ses gerresl deia ella, fent sa fel,
taiant claus. ,

Se sería tornada a un puat.

Sa tadrineta de dalt es noguer, veent allò no
pogué aguantar pus, i esclateix de riure, ben fort.

S' esclava alça és cap, mira arreu, i la m' afina
dalt es noguer.

Sa primera idea fonc de pujar-hi i tirar-la de
cap dins es pou, però se'n pensà una altre: tin-
geix una estranyesa plena d' alegría, i li diu:

—iO fieta meua dolça des meu cort éque fas
aquí dalt, hermosissim xeretíP Devalla, mirai des
meus uis, i conversarem una estona, i m' espassa-
rà Sa rabiada que he presa.

Sa fadrineta devalla, mouen conversa: i va
esser tan paner foradat, que al punt hagué dit a
s'esclava qui era ella, i com estava amb so fii
del Rei. l

s Quant s' esclava la sent, se'n pensà una de
feresta, i diu:

—iO que estic de contenta de lo que me con-
tesi Però, tieta: per rebre es fii del Rei i tot es
",NA
100,"90 RONDAIES MALLORQUINES
seu acompanyament i anar-te 'n a casar, dus
aquests cabeis, tan rossos i tan llarcs, un poc des-
carabutats... iDassa, t' esplugaré i te pentinaré
amb quatre grapadesi iSabs que s'es mester d'
anar d'enllestides per rebre un fii de Rei i tota .
la Cortl
Sa tadrineta, com qui mal no fa, mal no pensa,
ses derreres que tengué de sospitar-se gens d'
ella: li posa es cap demunt sa talda. Amb s' esplu-
gar-la i pentinar-la se condorm, s' esclava li treu
s' anell i el se posa, i li afica una guya an es
clotell.
Al acte sa tadrineta torna una colometa blanca,
i vola qui vola per allà. -
S' esclava se 'n puja demunt es noguer.
Al punt sent sa remor i es trepitx de tota la
cort, que se'n venía ben xarpada, i el Rei i la
Reina i En Bernadet devant devant.
Arriben an es pou, i s' esclava devalla des no-
guer tota remolesta, i diu:
—iO que t'ets torbat, Bernadetl iTampoc no
m' havíes de ter aquestal iPer avui t ho perdóni  -
Com En Bernadet, el Rei i la Reina i tota la
cort me veren aquella milana, color d'aram, que-
l ge Pl Ei pedra, done polsos, : l
/ 4 n En Bernadet sa cara li queia de empagait,
Cel 3 el Rei i la Reina se feien creus: la cort devall de-
vall teia qualque cosa més, i uns amb altres se
deien petit petit: 8
—iÓ quin diamantl iper ter por, val tan com
pesal iEll guardarà de mals pensamentsi jEll es
més comuna que alló qui putl... iBones fropís ha
tetes En Bernadetl
Sa polissona, veent que tot-hom era quedat
sensa paraula, se posa a dir:
",NA
101,"L'AMOR DE LES TRES TARONGES 91
—IEl sol i la serena I
m' han feta tornar morenal
(El sol i la lluna
m' han feta tornar comunal
(El sol i la serena
m' han feta tornar morenal
(El sol i la lluna .
m' han feta tornar comunal

En Bernadet mirà si duia s' anell que havía do-
nat a sa fadrineta, i ja hu crec que 'l va dur.

—No hi ha remei, digué l homo tot acongoxat,
es ella, maldement no hu parega. Sortí dona feta
de dins una taronge, i ara una mica de sol i de
lluna i de serena la m' han posada així. ecQue hi
faremP iPlanetes que hem de córrerl

El Rei i la Reina, per sortir d' aquells emblavins,
fan pujar s' esclava an es cotxo, i cap a la Ciutat,
i tota la cort derrera derrera.

—Mal camí passar-lo prest, diu el Rei.

Se'n van tot dret a la Seu, se fa es casament,
i al acte ses noces.

A s' esclava no hi havía qui li anés devant ni
derrera. (Com se veia sa dona des fii del Rei, i
dins quatre díes Reina:

No sé com no esclatà d' intlada que anava.

Estava asseguda a cap de taula, costat per
costat de 'n Bernadet, mirant a una part i altre,
sensa repós, com a picada d' aranya, i dient amb
Sos uis, Si no amb sa boca:

—jiEstau-me alerta tots, i vel'lau-me be es ba-

. tuts, que tenc males voltes termi jiQui la 'm fa,
la 'm pagal

Començen a dinar, i a mitjàn arrós compareix
una colometa blanca, sa cosa més puriticada,
",NA
102,"92 RONDAIES MALLORQUINES
agradosa i galanxona, i ja es partida vola qui vola
per s' endret de sa taula, de cap a cap, i sobre tot
devers En Bernadet.

—iO quina colometa més guapal digué tot-hom /
iO quina pintural

S' esclava començà a fer morros de bon de ve-
res, i com sa colometa s' acostava devers ella, li
pegava un bon toc, dient:

—iO quin animalot més profidiós i més lleigl
iXo, dicl il encara diràn que los agradal... jEll
deuen tenir es paladar enretjolatl

E-hu deia p' En Bernadet, que no llevava sa
vista de sa colometa: i s' animaló vola qui vola
per demunt es seu cap i entorn d' ell.

—iÓ que m'agradal jÓ que m' agradal deia
l homo.

Se posa unes quantes miques dins sa mé, la hi
alça, i sa colometa zas les hi pren amb so bequet.
l fua d'aquí i tua d' allà, i se posa a dir amb un
ronquet ben suau, com un ratjolí de mel:

—iPer mí se fan les nocetes,
i jo me menj les miquetesIi
iPer mí se fan les nocetes,
i jo me menj les miquetesl

l ja tornava esser devers En Bernadet: i aquest
que no s' aturava de dir:

—iO que m' agradal iO que m' agradal iQuin
animaló més agutl

—iQuin animalot més grosserot, dic jol exclamà
s'esclava, tota furiosa i fora de sí. iNo sé aont J
tens es gustl... /(O quina pudorl... i/Treis-lo defora, l
que put més que carn de vas ——

l En Bernadet que sols no la sentía, perque no
",NA
103,"L'AMOR DE LES TRES TARONGES 93
veia ni sentia més que sa colometa, i sempre esta-
va amb sa mé alta, plena de miques, i sa colometa
que era ben falaguera de saupar-les-hí amb so be-
quet, i les s' enviava, i no parava de dir:

i —IPer mi se fan les nocetes,
i jo me menj les miquetesli
iPer mí se fan les nocetes,
i jo me menj les miquetesl

—iXol ixol jxo, animalot del dimonil arribà a
dir s' esclava, volada de tot i fent flamaradeta.
iTreis-lo defora, dicl itreis-lo detoral jO quina
giteral i Tot quant tenc dins es ventrei gitarél iXo,
dimonil

A les hores En Bernadet, tot embebeiat amb
sa colometa, mentres ella li prenía ses miquetes
de dins sa mà, l'agata, i se posa a atalagar-laia
besar-la, i no se 'n poría deixar.

A la fí li troba an es clotell un cap de guya.

—iPobre animalól diu ell, di que es això que
téP jiil es un cap de guyalll jjjO diclli ijjUna
guya aficada dins aquest capetlll

Pega tirada a Sa guya, i dque me'n direu

Ell sa colometa tornà aquella tadrineta que En
Bernadet havía deixada devora es pou, tornà
l amor de les tres taronges, tota gentil, galan-
xona, bella com el sol, enlluernant ets uis, robant
ets cors.

—iAquesta es sa que jo vaig deixar devora es
poul digué En Bernadet. jAixò es l' amor de les
tres taronges, que tant me costà de trobar i de

5 pendrel jAquesta es sa meua amor

Tot-hom estava amb sos cabeis drets, ningú

se 'n poría avenir.
",NA
104,"94 RONDAIES MALLORQUINES
En Bernadet i sa tadrineta contaren tot lo que
havía passat, tot-hom los va creure. Fermaren
s'esclava a ses coes de quatre cavalls, i aviat —
fonc troços.
Més se 'n mereixía sa polissona.
En Bernadet i Ll amor de les tres taronges se
casaren, feren unes noces i unes festes mai vistes:
 — i visqueren com Jusep i María anys i més anys, i
encara son vius si no son morts.
l al cel mos vegem tots plegats.
Amén.
Manacor, Juriol de 1897.
———É TT a TT ES —
Ú
I
l Do a
",NA
105,"———— Mo gç
ES a I
he
ES CANYEMET, S'ASE Y SA SERRA-PORRA O)
————É i —en—

Au era un homo de So'n Servera, que ha-
ET vía nom el sen Tomeu, més pobre que un
grí, i més carregat d'infants que un ase vei de
mosques: tots cabíen devall un aré, no n' hi havía
cap qui 's guanyés es pa.

El sen Tomeu tenía una rota de prat a So'n
Corp. 2) l

Un día que hi teinetjava, i havía penjada sa
barxa amb so dinar a una pomera, devers les nou
e-hi compareix un corp, i li obri sa barxa, i li sau-
pa es dinar.

A bell mig día l homo se'n va a sa barxa, i la
troba buida.

—iJa es aquell polissó de corp que feia sa bar-
ca per aquí, devers les noul diu ell capetjant. Si
demà torna sabrà jo qui som.

Lo endemà atica es dinar dins una caera, deixa
sa caera demunt sa meteixa pomera, i se posa a
l'aguait, esperant es corp.

Es corp no se teu esperar gaire. Estava llépol,

(1) La 'm contaren En Xeraíí Bua, En Toniet Tiru i el sen Gaspar
Busquets, Salero, de So 'n Servera.

(2) Possessió de So'n Servera.
",NA
106,"96 RONDAIES MALLORQUINES
i devers les nou s'enfrega: veu que s' olor des
dinar surt de dins sa caera, i zas s'hi entonya, i
bones espipellades.

El sen Tomeu el vel'lava com un gat sa rata,
i se'n hi va correns. Tapa a cada cap de caera, i
es corp no li pogué togir. a Q4

—iGran lladrel deia ell. jAra 't tenc, gran po-
lissól iAra 'm pagarés sa nova i Sa veial é Vol dir
no trobes que 'm basta sa cateita d' infants a man-

tenir que tenc, que encara vols que 't mantenga a
tu, cara de poca vergonya2 dDemunt mi vendràs
a ter sa llenya, i veus que no 'm puc etxetegar
amb sa somada que duc, gran noningúP

—iAmollau-mel deia es corp, jamollau-me per
amor de Deul.

—i No 't valdrà Sant Pere, not ija 't tenc sa sen-
tencia tetal... iNo'n robaràs pus de dinarsi...
i"" ho don per cosa certal

, —Mirau, diu es corp a la fi: sols que no 'm ma-
teu, vos promet un canyemet, que, en estendrel i
dir-lí.—Canyemet, fes lo que sabs ter:—tot d' una
hi surten demunt plats d' arrós engrogat, galls
farcits i porcelles rostides.

—el aont tens tu canyamets ni carabassa fritaP

—Ara meteix porem anar a dur-lo de na Penyal
de ca s' Hereu, (1) aont tenc es niu.

— —Idò anem-hi. Jo te termeré es lligabaiasses
per una cama, i així meteix podràs volar.

Le hi terma, i es corp vola qui vola cap a sa
cucuia de na Penyal, i el set Tomeu derrera,
derrera. h.

(1) Una muntanya del meteix poble, que ía un gran penyal a la
cucuia.
",NA
107,"ES CANYAMET, S'ASE I SA SERRA-PORRA — 97

Arriben an es niu, que era dins una encletxa de
penyes, es corp treu es canyemet, i el tira an el
sen Tomeu, i diu:

—iVaja si m' amollaul

—Ja hu veurem demà, diu el sen Tomeu.

Í el se'n du a tancar dins sa caera.

Va compondre de no fer ses proves des canye-
met fins es vespre amb sa dona i ets infants, però
no pogué estar que no se'n anàs a ses cases de
So'n Corp, perque eren ses de més prop, i no
passava ningú amb qui poder-se desengavatxar
una mica.

Agata l' amo i sa madona de part, i los diu:

—M ' hauríeu de ter un tavor entre la paga.

—Sensa paga ninguna si porem, el sen Tomeu.
Digau:

—ldò, de guardar-me aquest canyemet fins es
vespre. il el m' hauríeu de guardar ben guardat,
però ben guardatl

—el que té de particular aquest canyemet2

—Es que no 'l donaria per tots ets doblers del
mon.

—No res, (digueren l'amo i: sa madona, que
coneixíen el sen Tomeu, i sabíen que patía un
poc de s' aigovés de devant), anau-vos-ne des-
cançat, i no tengueu ansia des canyemet.

El sen Tomeu ja era un bon troç lluny, que
se 'n anava, i torna arrera.

—Mirau, diu a l'amo i sa madona, havía fet
un descuit: no digueu an es canyemet:—Canye-
met, fes lo que sabs fer.

—eQue hi hauría cap de nou, si le hi déiem2
—No, però ino le hi digueu per amor de Deul
—Be, no le hi direm, digueren ells.

Tom IlI—7
",NA
108,"98 RONDAIES MALLORQUINES
Però encara el sen Tomeu no era a sa rota,
com l amo i sa madona exclamaren:
—ja hem de veure noltros que diantre es aquest
canyemetl l
L' agafen, l'estenen per veure si hi havía res l
de-dins, i llavò diuen:
—Canyemet, fes lo que sabs fer.
l encara no hu varen haver dit, com zas, ja hi
AO hagué allà demunt un plat d'arróç engrogat, ben
gran, galls farcits i porcelles rostides.
Pegaren tots dos una bona panxada, i llavò va-
ren dir:
—iCal ical iLe hi baratarem an aquest canye-
met an el sen Tomeul jNo fos tan bàmboll ijQue
fassa feina, ell que ja hi està avesatl
éQue me 'n direu2. Ell com el sen Tomeu, en-
tradeta de fosca, se 'n anà a cercar es canyemet,
n'hi donen un altre just igual. Ell, basques males
quimeres poques, no 's sospità de res, i s' entrega
tot Xarpat a ca-seua.
—Mira, digué a sa dona, no tasses sopar anit.
—4Ai de bo l eque't penses, Si tu vens redó,
que ets altres també hi estiguen
—No, dona. Es que has de pensar i creure, l
fieta meua, que duc un canyemet, que no son tot
verbes sa virtut que té.
—iSil jja 'n deu tenir de virtutl... jtant com sa
coa d' un rava.
—iTe dic que 'n té, i ben moltal En estendre 'I
i li diuen:—Canyemet, fes lo que sabs ter,—tot-
d'una hi surten demunt plats d' arróç engrogat,
galls farcits i porcelles rostides.
—iEl Bon Jesús mos assistescal Ja deus haver
escapat a qualque tlasco d' aigordent o a sa bota
de qualque celler:
",NA
109,"ES CANYEMET, S' ASE I SA SERRA-PORRA — 899

—jA poc poc, dona meuatl iNi he vist cap tlasco
avui ni cap bota, ni he hagut mester guardar mai
en vers d' aquestes coses, gracies a Deul jA mi
no 'm tracten de gatl

—Idò équi ha vist mai creure-se que, en dir això
an aquest canyemet, hagen de Sortir plats d' arróÇç
engrogat, galls tarcits i porcelles rostides2

—i Te dic que ""n surtenl

—jiMostrau coml

Aquí el sen Tomeu estén es canyemet demunt
sa taula, i li diu:

—iHala, canyemet, fes lo que sabs ferl

Es canyemet no 's va moure ni comparegué res.

—iFes lo que sabs fer, gran belitrel digué el
sen Tomeu, més de mig cremat.

l es canyemet no res.

Be miraven tots ets uions que hi havía dins
aquella casa per veure si atinaríen cap plat d'
arróç o gall farcit o porcella rostida, però se que-
daren amb so mirar.

El sen Tomeu, tot atxul'lat, se posa fet un Ne-
ro, jurant i perjurant que lo que primer tería lo
endemóà en esser à Sa rota, sería tòrcer es coll an
es COrp.

l anava a ter-ho tenir ver tot-d' una que arribà
a sa rota. ,

—jAh corpetetxo del dimonil digué acostant-se
a sa caera. l, équi t ha mostrat a tu de riurer-te
d'un homo de be com som jo jAviat estaràs fora
cap i colll jA mí no m' enganen, gran polissól

—iEl sen Tomeu, diu es corp, no som jo que

hus he enganat, sino un altre, que vos baratà es
— canyemet, i no vos ne teméreu.
—el aquesta m' es vera , ,
ull
",NA
110,"100 RONDAIES MALLORQUINES

—iPassa de veral

—l, équi va esser aquest noningúP è

—No vos ho vui dir, perque tendríeu massa
malicia, i sería perillós ter un desbarat, dur-vos a
perdre.

—i Si no m' ho dius, te matl

—Perdonau, el.sen Tomeu, no hus ho diré. Jo lo
que puc ter, arrambar-vos un ase que, en donar-lí
faves, si com les s'ha menjades li diuen: Aset,
fes lo que sabs ter,—en lloc de buines fa doblers,
tot plata i or.

—el -aont el tens an aquest ase

—A na Penyal de Ca-s' Hereu, que pastura
p' ets forats. (1) /

—No res, te fermeré es lligabaiasses per una
cama, i mos n' hi anam a veure-hu. l

Le hi terma, i se 'n hi van.

Ell e-hi va esser s' aset pastura qui pastura p'
ets forats, baix de na Penyal.

—Per que vegeu que no hus engàn, diu es corp,

tornau-me tancar dins sa caera tins que hàgeu te-
tes ses proves. Lo que m' hauríeu de donar, una
mica de recapte, que estic desenat de tot de tot.

Se 'n torna a sa rota amb s' ase, tanca es corp
dins sa caera, i li dona una mica de recapte, i
llavò pensà:

—Si ara aquest aset me togía, jja m' hi ataba-
caría torti Í je-hi estic ben esposatl Sobre tot, no
puc fer cosa millor que menar-lo a So 'n Corp a
veure si el me volen deixar tenir dins una boal
fins es vespre. J

Le hi mena, i l'amo li digué:

(1) Es el tombant de baix del penyal.

l
",NA
111,"ES CANYEMET, S' ASE I SA SERRA-PORRA —10l I

—Tancau-lo allà ont volgueu, i no tengueu an-
sia de s' animal.

—Per tot lo mon no voldría que mos fogís. iSa-
beu quin animalet, l amol

—eDe bor ec Vol dir val ets seus doblers2

—èSi los vale No'l donaría per tots ets del
mon.

—No 'm pensava jo, el sen Tomeu, que aquest
animalet fos tan bufarell.

—ldò hu es lo que no hus poreu pensar.

El sen Tomeu el tanca dins una boaleta, i icap
a sa rota altre vegadal

Com ja havía caminades docentes passes, torna
arrera, i se posa a cridar:

—iL' amol iO l amol iSortiu si voleul

L'amo sortí demunt es portal, i diu:

—cQue hi ha de nou, el sen TomèuP

—Que havía fet un descuit.

—eQuin descuit

—No havía pensat a comanar-vos que, si donau
faves a s' ase, no li digueu: Aset, fes lo que sabs
fer.

—eQue hi hauría cap denou, si le hi diguéssemP2

—No, però ino le hi digueu per amor de Deul

—Be, anau-vos-ne descançat: no le hi direm.

Però va esser a sa man revés.

El sen Tomeu no era a sa rota, i s' ase ja ha-
vía escloveiada una senaia de faves ben gran. :

Des cap d' una estona l amo i sa madona se 'n
hi van, i se posen a dir:

—iAset, tes lo que sabs ferl jAset, fes lo que
: sabs terl

l aquell animal ja es partit a alçar es cul, i se
posa a fer descàrregues de pessetes, durets d' or
i dobletes de sis lliures, de dotze i de vint.

v-
",NA
112,"102 RONDAIES MALLORQUINES
: —ila, petitl deien l' amo i sa madona.
Í ell thala qui halal
—dQue me'n direu2 Ell los n' omplí una senaia
ben gran de patenes d' aquelles.

—jCal ical varen dir. cAixò ha de tenir el sen
Tomeu2 iEll al punt sería més que noltros i més
que 'I Reil iNo pot esser tenir ell aquest asel... No

- porem fer cosa millor que baratar-le-hi, que no
se 'n teme.

En teníen un per l'estil: treuen es del sen To-
meu, i e-hi posen aquell.

Es vespre el sen Tomeu e-hi va a treure'l, i ses
derreres que tengué de reparar que le hi hagues-
sen baratat.

Arriba a ca-seua, i diu a sa dona:

—Ves a devallar una senaia de faves.

—el d' onte

—iDes sòtil, talucal

- —él que no sabs que fa dues setmanes que les
acabàremP

—ldò ves-ne a dur a espera de ca 's Marxando.

—el que has de fer ses tavesP

—No hu vulgues sebre.

—é No hu vulgues sebre, i jo que haja de mos-
trar cara2

—lIdò, per s' ase.

—ePer s' ase2 ja li basta paial

—ldò anit ha de sopar de faves: i abans de més
raons, ves-lesa dur. Í no 'm vengues a recapito-
letjarl...

Sa dona se'n anú gruny qui gruny a dur ses
faves a espera de ca 's Marxando, el sen Tomeu
les dona a s'ase, i S'ase, dassa qui dassa, aviat
les s' hagué empessolades.
",NA
113,"ES CANYEMET, S' ASE I SA SERRA-PORRA — 103

Com el sen Tomeu va creure que Ja cosa ja
estava a punt, diu a sa dona:

—iTreu un llençol net de bugadal

El va treure, i ell diu:

— Anem.

Se 'n van dins sa paissa, ell agata a dos corna-
lons, i a ella la ta agafar an ets altres dos, i fort
i no't mogues, se volgué posar amb so llençol
estés derrera s' ase, de manera que 's llençol li
iregava per ses cuixes, i Sa coa anava i venia per
demunt.

N'hi hagué d'haver de raons per que sa dona
aguantés es llençol, no hi faltaren protestes ni po-
tadetes ni oteriments de tronc.

Tot-d' una que va esser es triquet, el sen To-
meu diu:

—iHala, aset, fes lo que sabs ferl iHala, aset,
fes lo que sabs ferl

—iAra hu veure'm que faràl deia sa dona, taiant
claus. 2

—iTe dic que tarà cosal iHala, aset, tes lo que
sabs ferl

Aquell animal estava més redó que unes xere-
míes, i assetsuaixí pega: premuda, i entloca tal

descàrrega, que omplí tot es llençol de lo que po-
reu pensar.

Sa dona cuidà a fer es trò de crits i paraulotes
lletges. Se descabeiava, se tirà en terra.

Si fos estada ciutadana, li hauría agatat hes-
teri o atac de nirvis. No hi havía vel.

El sen Tomeu la deixava belar, mira qui mira,

i remolca qui remolca, a veure Si guiparía ets du-
rets d'or, ses dobletes de sis lliures, de dotze i
de vint.
",NA
114,"104 RONDAIES MALLORQUINES

Be mirà i remolc, però ell no 'n va veure lluir
cap.

L'homo quedà més empagait que'l rei porc.
Hauria esclatat un re amb ses dents. Si hagués

xa 4 tengut es corp allà, s'hi hauría tornat amb ses
ungles i es barram, i haguera pegades grapades i
tanaiades fins que hi hauría hagut corp.

Lo que va jurar i perjurar, que hu faría lo ende-
mà dematí, tot-d' una que arribaria a Sa rota.

Se'n hi anà abans de s'auba, manades fetes, i
ja escomet es corp d' un troç enfora:

—eGran polissól igran noningúl jaquí't matl
iNo 'n fas altrel iA mossegades t' he de fer be-
nesl... €No deies tu que s' ase feia doblers, en do-
nar-li faves i dir-li: ijAset, fes lo que sabs fer2

—Es que vos vaig dar, en feia: es que vos ne
menàreu de So 'n Corp supòs que fa altre cosa.

—él que me dius ara2

—Que així com vos barataren es canyamet des-
puisair, air vos barataren s'ase. Vos ne donaren

: un qualsevol, i s' estojaren aquell.

—lI équi es estat es polissó que m'ha feta
aquesta

—No hi haurà més remei que dir-vos-ho: P amo
i sa madona de So 'n Corp. ,

—jiAh grans polissonst iNi si m' ho haguessen
predicat, no hu hauría cregut que ""m tessen aques-
tal... El ara com ho arretglam per que me. donen
lo que 's meuP

—Mos haurem de valer des nostros medis, per-
que isabeu que los ne sabrà de greu d' haver de
perdre dues alhaques tan grosses com es canye-
met i s' asel

—jA veure, idò, com ho arretglaml
",NA
115,"ES CANYEMET, S'ASE I SA SERRA-PORRA — 105

—Mirau, anem a na Penyal de ca-s' Hereu.

Se'n hi van, es corp treu des niu un garrotet
d'uiastre, d'uns tres pams de llarc, amb una ra-
baça abaix com es dos punys, el tira an el sen
Tomeu, i li diu:

—Jau aquesta serra-porra. En dir-li: serra-po-
rra, fes lo 'que sabs fer,—se posa a donar garro-
tades a tot-hom qui 's present, i en dona fins que
son amo li diga: basta. Vos duis-la a So 'n Corp,
com si res fos estat, per que la vos guarden fins
es vespre, i los comanau que per amor de Deu
no li diguen: serra-porra, fes lo que sabs fer. Í si
es vespre no teniu es canyemet i S' ase, veniu, i
feis-ne benes de míl

El sen Tomeu se'n va amb sa serra-porra a
So 'n Corp, i la hi deixa, comanant que no li di-
guessen: serra-porra, fés lo que sabs fer. l

iBons estaven l'amo i sa madona per no dir-
le-hil Encara el sen Tomeu no era a sa rota, i ja
varen haver dit:

—Serra-porra, tes lo que sabs ter.

Í sa serra-porra ja està abordada a ells, i garro-
tades i més garrotades, i a terir, i més espesses
que calabruix.

Ells ho donen a ses cames, però ella los pitja
derrera, i amb cada cebeiol los teia fer mitja volta.

Amb sos bels i iues que pegaven alçen tot allò:
compareixen missatges i guardians, i cada un que
s'acostava a sa serra-porra, ella pl/um li entlocava
ventai, que s' hi posava sa mà. l

l l'amo i sa madona que 's cuidaven a esgarga-

- mellar-se cridant com uns desesperats:

—jAnau correns an el sen Tomeul i ique ven-

gal iQue venga a dur-se 'n aquest dimonil que
",NA
116,"106 RONDAIES MALLORQUINES
mos matarà a tots si no la se'n du. jDepressal
ianau-hil que no 'n deixarà cap de viul

E-hi va un missatge, i el sen Tomeu s' entrega
tot mes. Encara sa serra-porra repartía ventim a
tots ets qui li veníen devant.

L'amo i sa madona havíen tenguda sort d' afi-
car-se dins una Sarria, i així ets cops no los arron-
çaven tant. Si no es per sa Sarria, el sen Tomeu
los hauría trobats morts.

Com el senten que entra, se posen a cridar,
plorant com a nins petits:

—jEl sen Tomeu, desterrau aquesta serra-po-
rra, i duis-la-vos-ne per amor de Deu, que mos
mataró a totsl iPer amor de Deu i per amor de sa
Mare, desterrau-la i duis-la-vos-nel

—iTreis-me idò es canyemet i s' ase que 'm ba-
ratàreu, grans polissonsi deia el sen Tomeu.

—iNo los sabem, el seu Tomeuetl iDesterrau
sa serra-porral

—eNo los sabeu2 ildò sa serra-porra que vos
matl

Ell l'amo no tengué altre remei que treure es
canyemet i s' ase.

Aquí el sen Tomeu va dir:

—iBasta, serra-porral

Il sa serra-porra s' aturà.

L' homo se 'n anà a ca-seua amb ella, es canye-
met i s' ase.

—Quin senyal que vens tan dejorn2 diu sa
dona.

—Ara hu veurés, diu ell.

Estén es canyemet demunt sa taula, i diu:

—iHala, canyemet, fes lo que sabs ferl

l al acte comparegueren un plat ben gran, ca-
",NA
117,"ES CANYEMET, S'ASE I SA SERRA-PORRA — 107
ramull d' arròç engrogat, i galls farcits, i porcelles
rostides.

El sen Tomeu, sa dona i ets infants s' hi atra-
can, i pegaren una panxada, que s' hagueren de
dester ets calçons i afluixar ets copinyats de re-
dons que estaven.

No havíen tastat res millor mai.

—iAra a dur una altre senaia de faves de ca 's
Marxandotl diu el sen Tomeu. ,

Sa dona ja va esser més bona de ginyar, i ja
no estutornetjà gota com ell li teu treure un altre
llençol net de bugada i parar baix de ses anques
de s' ase.

Com estigueren amb so' llençol ben estés, para
qui para, el sen Tomeu diu:

—iHala, aset, tes lo que sabs terl

Encara no hu hagué dit, com s'ase se posa a
pegar alçades de cul, i venga descàrrega i altre
descàrrega de durets d' or, dobletes de sis Hiures,
de dotze i de vint.

eEQue me'n direu2 Ell com se 'n temeren, n' hi
va haver demunt es llençol més d'una senaia de
dues barcelles.

No vos dic res si botaven d' alegría el sen To-
meu, sa dona i ets infants.

Cuidaren a ter ui de contents.

Se pensaven tornar locos.

Ja no toren pobres pus: se posaren a anar mu-
dats, i fora feina, i venga arròç engrogat, i galls
farcits i porcelles rostides.

Ningú se 'n poría avenir, i tots ets serverins en

I teníen un mal de ventre de com poría esser allò,
que no hi sabíen donar volta, i estaven ben mal
a pler.
",NA
118,"108 RONDAIES MALLORQUINES

Es bony arribà a esser tan gros, que esclatà:
se 'n anaren a contar-ho an el Rei, que a So'n
Servera. hi havía una casa així i així, que feia
quatre díes que no poríen menjar faves torrades,
i ara manetjaven ses dobles de vint a cosses, i
feien una taula que ni es primer marqués: i que
per força havíen d' haver robat o feta qualque bal:
lendina groça.. Qqx272

El Rei se'n va a So'n Servera, i tot-hom li
digué lo meteix.

Fa agaiar el sen Tomeu, i el posen en capella
per matar-lo dins tres díes..

Des cap des tres díes el treuen per penjar-lo.

Quant ja estava dalt la forca, demana per dir
una paraula.

—Maldement síen sis, diu el Rei, que estava
allà, demunt un cadafal.

—lIdò que vagen a sa casa, diu el sen Tomeu,
i que 'm duguen un garrotet que fa rabacell abaix,

i està dins sa caixa..— 7

—jAnau a dur-le-hil diu el Rei.

E-hi van, le hi duen, i diu:

—iO garrotet meul iDeixau-me donar-li una be-
sadal I

—iQue bes tins que tenga beseral diu el Rei.

Le hi donen a besar, i encara no l hagué besat
una vegada, com pega crit:

—iSerra-porra, tes lo que sabs teri iSerra-porra,

fes lo que sabs ferl ,

l sa serra-porra ja està atficada an es botxí, i a
sa gent d'allà devora, i garrotades d'un vent i
garrotades de s' altre, i llavò que queien més es-
pesses que calabruix.

La gent, com veuen allò, començen a fer am-
",NA
119,"ES CANYAMET, S' ASE I SA SERRA-PORRA 109
ples i a togir, però sa serra-porra feia més vía, i
igarrotades a betzefl per tots ets vents.
Aviat va esser devers es cadafal del Rei, i aquí
foren ses bones. An el Rei li tomà sa corona, li .
esclafà ets morros, li feu un bon breverol a sa
closca i li cedà un braç.
An es qui li servaven es tafetà, i li feien la cort,
a un li escapollà es nas, a s' altre li passà es ba-
ram an el dimoni, an aquest li rompé una espal'
la, an aquell ses costelles dolces, a tots los deixà
nafrats.
—iAjuda, que s'ha mesterl iAjuda, que s' ha
mesterl cridava tot-hom, i el Rei es de devant. Ò
—Jo vos ne donaria, arribà a dir el sen Tomeu,
si 'm prometíen de amollar-me franc de tot, i baix
de jurament de que no s' empatxaríen pus de mú.
—iVos ho juri diu el Rei tot-d' una que 'l sent, i
diu an ets criats:
—iAmollau el sen Tomeu més que depressal
i ipena de la vida an es qui se torn empatxar d' elll .
Tot-d' una que'l sen Tomeu se veu llibert,
digué:
—iBasta, serra-porra, bastal
Í sa serra-porra, S' aturà.
L' homo teu sa contarella an el Rei de tot lo que
li havía passat, i romangueren amics corals term,
i ets serverins se varen haver de quedar amb sa :
planissada i s' enveja.
l el sen Tomeu, sa dona i ets intants menjaren
arròç engrogat, galls tarcits i porcelles rostides,
una mala ti d'anys, i encara en deuen menjar si
no se son aturats.
l, qui no hu crega, que hu vaja a cercar.
Septembre de 1897.
ri
",NA
120,"DE RE Das SR EES
EN PERE GRÍ Y l
Get
Ar era un homo casat, amb un xinxer d'in-
tants, atectat d' alçar es coleo i escorxar
moixos. Havía nom En Pere Grí.

A sa comare li passà per s' escudeller d' entre-
gar-se a ca 'n Pere amb un altre bigarniu.

En es batiar-lo toren ses raons, perque no tro-
baven ningú que volgués ter es fiol.

Justament el Rei i la Reina passen per allà, i
los arriba a ses oreies. ,

—Ja 'l terem noltros, varen dir.

El teren, i donaren una doble de vint per hom
an En Pere perque sa dona tengués bon servici,
i fessen així meteix una mica de refresc, amb un
tal: que ell no més poría buidar una taça.

Aquí l'homo trescà totes ses botigues, cerca
qui cerca taces grans. En troba una que n'hi
cabía una lliure afavorida, i la se cala ben al ra-
set d' aigordent.

(1) La'm contaren En Toni Garrit, de Sant Llorens des Cardessar: el
sen Pere Got:ze, l'amo 'n Salvador de Son Mas i l'amo Antoni Mascaró
de la Marineta de Manacor, i D. Juan Ferriol, Pre., de Sineu.
",NA
121,"x EN PERE GRÍ 111

No vos dic res sa meula que aplegà.

No li bastaren dos díes per fer-li sa pell.

l Com el Rei ho sabé, per que no donàs mal viu-
re a sa dona, el desterra a Mahó.

Però aquesta al punt no pogué estar pus, de
tant que l anyorava.

—Ja sé que faré, diu a la fi. Me'n vaig a ca'l

Rei, de cop-descuit li prenc sa mula millor des
cotxo, la me 'n men dins es pinar de So 'n Serra
d' Artà, que no té fí, i la hi deix termada llargueta,
que puga pasturar axi meteix. El Rei la terà cercar,
ses derreres que tendràn d'anar a So 'n Serra.
Jo llevò hi aniré a dir-li que En Pere meu la tro-
baria, el terà venir, i així tornarem estar plegats,
que a posta mos casàrem per estar-hi.

Així com la s' havía pensada la va ter, i ende-
vinà: tots ets criats del Rei cerca qui cerca sa
mula, uns p'es pla, ets altres per la muntanya,
mai anaren a pensar que de Ciutat se tos espitxa-
da a So 'n Serra.

Sa dona d' En Pere a les hores se presenta an
el Rei.

—Senyor Rei, li diu, En Pere meu li trobaria
sa mula.

—dEll trobar sa mulaP diu el Rei. Si tos un tlas-
co d' aigordent, ja hu crecl

—Senyor Rei, li dic que li trobaría sa mula.
iQue 'm tiren de una passa Si no la hi trobatl jSi

, es un endevinador de primeral

El Rei, veent que sa mula no compareixía, l

envia a demanar de Mahó per que endevinàós aont
3 era s' animal.

Com l' homo sentí es recaldo, en que estigués
content així meteix de tornar, pujava més es ret-
giró que s' alegría, perque deia ell:
",NA
122,"112 RONDAIES MALLORQUINES

—ePerò qui dimoni m' ha fet a mi endevinador2
iEn devía tenir poques de feines es qui m' ha po-
sat aquest berret devant el Reil iSi no'm costa
sa pell, no serà rest l

Mentres tant, l'afican dins sa barca, i a cap a
Mallorca falta gent.

Ets mariners el se cuidaven a menjar amb sa
vista.

—i Que m' e-hu atinada cap pussa2 arribà a dir
ell, més de mig empipat veent que tots ets uis
l'afitoraven.

Ets mariners no goçaven a tornar-li ses pilotes
an es joc, perque lo que ells deien entre sí me-
teixos:

—iAlerta mosquest que Deu sab que es capàç
de fer aquest homo, quant el Rei, que es el Rei,
l envía a demanar per que endevín.

Es patró no va tenir tanta teredat, i li volgué
fer una prova.

Se posa una fuia de tabac ben estreta dins sa
mé: se'n va an En Pere, i li diu, mostrant-li es
puny: :

—iVeam si sou fi per una endevinadal jEnde-
vinau-me que tenc aquí dinst

—Vos voleu fer trons vos, respòn En Pere, tot
cremat. iNo trobau que hi estic atabacat que bas-
ta, i entara vendreu a atabacar-me mésP

—j El dimoni soul diu es patró. iSí que ho es
tabac lo que hi tencl isi que ho e-hu endevinatl I

l li mostra sa tuia tot estorat, però encara hi
romangué més En Pere de veure que, sensa te-
mer-se 'n havía feta aquella endevinada..

Arriben a Mallorca. Sa dona ja va esser an es
moll. Tot-d' una s' aferra per ell, i li diu.a s' oreia:
",NA
123,"l EN PERE GRÍ 113

—Sa mula es dins es pinar de So 'n Serra, som
jo que la hi he amagada.

Ja hi havía ets criats del Rei que esperaven En
Pere, i d' allà meteix el se 'n varen menar.

—iHala, Pere, diu el Rei com el veu, ijveam
aont es sa mulal

—eAont2... caontè diu l'homo gratant-se es
clotell.

—é No sabs tu, li digueren, que devant el Rei
no se gratenP

—lIdò si no 'm puc gratar, no sabré endevinar.

—ildò gratet, mal t arregusses sa pelll diu el
Rei, impacient de tot.

En Pere se pegà un parei de gratades que feien
solc, i llavò diu:

—éSa mula aont es2... el aont pot esser aques-
ta pècora2... çSab aont seràP... Ja ho veig aont
serà... Dins es pinar de So 'n Serra d' Artà.

Hi van ets criats del Rei, i ja ho crec que la hi
trobaren fermada, pastura qui pastura.

El Rei quedà tant content i agrait, que donà un
grapat de dobletes de sis lliures a sa dona que era
més bona guardadora, i a ell el fa romandre a la
casa per endevinar lo que fos necessari.

L' homo s'estava a ca'l Rei, ben menjat i ben
begut, però no li deixaven tenir cap dobler per
que no 'n fes de ses seues per dins tavernes i xi-
bius.

Des cap de temps a la Reina li descompareix
un anell tot d'or i diamants, s' anell de ses no-
viances.

— a Tres criats/le hi havíen fet seuvatge.

Cuidà tot-hom a caure mort cercant s' anell, i
en lloc el podíen trobar.

Tom lll—8
",NA
124,"114 RONDAIES MALLORQUINES

El Rei a la fí se pega un esclafit su es mig des
front, i diu:

—jiO bestia de mil ctenim un endevinador en
casa com En Pere, i no mos ne serviremP

El crida al acte, i li diu:

—Ja veus sa tribulació que hi ha dins aquesta
casa amb aquest bo d' anell, que'l dimoni que 'l
trob. Tu que ets es nostro endevinador, es hora
que tregues s'estam, i mos digues aont es. Si
dins tres díes no hu has endevinat, fora cap i coll.

En Pere amb aquesta descàrrega quedà sensa
polsos, més blanc que la paret. Llavò rompé amb
un sens fi de carretades de llamps i pestes contra
tots ets que l havíen fet endevinador i contra ell
meteix perque havía consentit a passar-hi.

Mentres tant, el posen en capella, i aquí ja dei-
xà ses flestomíes i asperges, i ets seus uis torna-
ren dues fons.

l e-hu de creure i pensar que 's primer día un
d' aquells criats que havíen robat s' anell, li hagué
de dur es menjar.

A mig día pegà quatre bocinades, es vespre
no volgué tastar res, i va dir com es criat se 'n ho
tornava:

—IO gloriós Sant Brunl
ide tres ja 'n tenim unl

Es criat ho va pendre per ell, sensa pensar que
lo que 'n Pere tenía, era un día de capella passat:
i se'n va correns a contar-ho an ets altres, que
digueren:

—i No hi ha remeil iT"" ha aglapit aquest dimonit 3

Lo endemà toca a un d' aquells dos dur es men-
jar an En Pere, que no més pegà quatre bocina-
",NA
125,"EN PERE GRÍ 115
des es mig día, i es vespre no volgué tastar res,
sino que va dir, mentres es criat se 'n ho tornava:

, —iO Sant Brun gloriósi
. ide tres ja 'n tenim Gosi
No vos dic res amb aquesta si se va encendre
sa coa de paia des criat, i ben encesa. Se 'n va
correns a contar-ho an ets altres, i vos assegur
que los entraren uns torsors de ventre que no eren
tot berbes, i no teien més que dir:
—iEstam perdutsl... jestà fet de noltrosi... imal
llamp s' anelll l /
Ja hu crec que lo endemóà tocà a s' altre dur es
menjar an En Pere. :
El pobre no més pegà una espipellada a mig
día, i es vespre ique havía de voler tastar resi
I com es criat se'n tornava es sopar, ell va dir
exhalant un gros gemec.
—iValeu-me, Santa Ainési
ja los tenim tots tresi
Ja hu crec que's criat se donà per entés: de s'
 esglai lo que duia amb ses mans li va caure, i se
va fer benes. També sería caigut ell si no té eima
d' aterrar-se per sa paret
Així com poqué, se 'n va a cercar ets altres dos, — vc...
i, com prou hagueren tlestomat, maleit i plorat,
una hora antes de s'auba, se'n entren dins sa
presó: se tiren de genoions an ets peus d' En Pere,
amb un singlot que casi no los deixava parlar, i
sin amb tot secret li diuen:
—Es ver que som noltros que robàrem s' anell.
i Tenguérem aquesta mal hora. Ho veim que me-
b
",NA
126,"116 RONDAIES MALLORQUINES
reixem la mort, però jcompatiu-vos de ses nostres
dones i des nostros infants, que son inocentsi iNo
los tireu dins s' afronta i sa miserial iVelt-aquí a
s'anelll iDemanau-mos qualsevol cosa, sols que
no mos destapeul

En Pere devant aquella passada, se creia so-
miar, no hi poría donar volta que alló fos ver. Se
paupava es cos per veure si vertaderament estava
despert o si somiava, i se mirava aquells tot es-
pantolat, fins que a la fi diu:

—No res, duis-me una oca de ses des jardí...

Li duen s' oca, agafa s' anell, la hi afica dins sa

l boca, s' animal el s' envia.
—Ara, los diu, tornau-la-vos-ne allà meteix ont
l P heu trobada, i no tengueu ansia de res: tot s'

arretglarà.

Sol sortint, En Pere demana per parlar amb el

Rei.

El Rei s' hi presenta, dient:

—eQue esP eque hu has afinat o t hem de ma-
tar2

—No serà ver, no, que 'm maten, respòn ell, tot
xaravel'lo. iHo he afinatl

—el aquesta m' es veraP estu sabs aont es s',

anell

—iVaja si hu sél Dins es gavaig d' una oca des
jardí es s' anell. Degué caure a la Reina, i s' ani-
malet el trobà i el s' engolí.

—e Que me diusè

—Lo que sent.

—él quina es aquest dimoni d' oca

—Que les me presenten totes, i le hi diré.

Li anaren presentant d'en una en una ses
oques, i los paupava es gavaig.
",NA
127,"EN PERE GRI 117
————————————————

Arriba sa que li havien fet enviar s' anell, i En
Pere diu: l

—A questa es.

El Rei li ta obrir es gavaig, i ja hu crec que hi
va esser s' anell dedins.

Tot-hom romangué amb sos cabeis drets, i el
Rei més que tots.

Fa treure En Pere de sa presó, el nombre s'en-— Ll anomena.
devinador major de tot es reinat, i envía a sa dona
un serró ben ple de durets d' or.

Amb aquells cops de lliure En Pere entrà un
poc en sí, i encara que estigués ben menjat i ben
begut, anyorava sa dona, ets infants i ca-seua, i
feia es cuc de s' oreia malalt an el Rei demanant-li
que le hi deixés anar.

El Rei no hi poría consentir que se 'n anàs, per-
que deia: rel

—é Com ho fería sensa un endevinador com tu2 f anrta
iVaja, llevet-ho des capl ino tengues ansia de sa
dona ni d' ets al'lotst iDeixa-los ter a compte meut

Un día que En Pere li havía teta sa grémola
fort, per que 'l deixés fogir, el se 'n mena a caçar,

i diu entre sí meteix:

—jAra n' hi he de fer una, veam si també m' ho
endevinaràl iJa serà 'l dimoni, si la m' endevinal

Se posa d'amagat un grí dins sa mà, estreny,
se'n va an En Pere, i li diu presentant-li es puny
ben estret:

—iHala, Pere, si endevines que tenc aquí dinsi
iSi ho endevines, te 'n vas a ca-teual

An En Pere allò li pegà de sorpresa, i, poc per :

— berbes que estava, li va caure ben avall. l

Des cap d' una estona amb una careta ben tris-

ta, ben trista, exclamà:
",NA
128,"118 RONDAIES MALLORQUINES
—j Ah pobre Gril
iPobre de míl
Que estús en ses mans del Rei,
li no pots fogirl
En Pere s'ho deia a sí meteix, però el Rei ho
va pendre per s'altre vent, i, aixamplant sa mé,
digué tot esglaiat:

—iSi que ho es un gríl jEl dimoni ets per ende-
vinarl i Te 'n pots anar en volerl... i, en haver de
mester res, vina a sa casa. i

En Pere estava amb sos cabeis drets de veure
que, sensa temer-se 'n, havía feta aquella altre en-
devinada.

Se 'n anà a ca-seua més content que un Pasco,
i per es camí feu sa promesa d' esclatar ets morros
an es primer que li tornés parlar d' endevinar.

No n'hi hagué cap que s' hi atansés. l

él que me 'n direu2

Ell amb sa dona i ets infants, cuidant-se de lo

seu, sensa voler sebre pus qui l havía encalçada,
sensa fer mai més xicotines a borretxel'los, flascos
ni brocals, va viure una mala ti de temps, fins que
se'n anà a veure Sant Pere.

I qui no hu creu, que ho vaja a cercar.

Torre Nova, Juny de 1897.
— om o—
",NA
129,"ES RES REL RES RES DES RES RES PE
a EC EC EC I Cl El ig ig le
EN FERRANDÍ V
ii
Au era un pescador de canya, més retut que
—— un ase de sínia que'l prenen p'es cuiro,
més magre que unes banastres, i més cabessut que
un forc d'ais, perque casi mai tocava escata, i,
amb tot i això, sempre ""I teníen demunt ses penyes
de mar amb sa canyeta i ses ginyes, o en remui
fins a mitjàn cuixes dins qualque alguer, repassant

ets beverons, fent púu.

A ca-seua casi sempre es gat poría geure dins
ets fogons tot lo sant día, perque sa pobre dona
no tenía res que coure, i al manco estalviava sa
llenya.

Però encara estalviava més es barram en ma-
teria de roegar. Ara en materia de xerrar, no ll
tenía en vaga mai: era com un cadellet de mòlí,
sobre tot quant ses veinades li movíen de ses
pescades d' ell.

Tota sa dot des pescador era una pollina i un

. jardinet devant ses casetes aont tenía s' alberc.

(i) La'm contaren l'amo 'n Guillem Pujades, de Manacor, i En

dice rpm ds Neuda, i el sen Miquel Estrany, Caderncra, de Sant
",NA
130,"120 RONDAIES MALLORQUINES
Un día que havía vists llambres a betzeí, però
no n' havía pogut aturar cap, horabaixenc de tot,
li piquen: tira, i me treu un peix vermei, de devers
un paum, sa cosa més preciosa, i que cuidava es-
tellar-se de verducades i d' escaravits.
Com li treia s' am, s' animaló diu:
—No hi ha remei, som teu, però no 'm menges
Si vols estar be: taiem es cap i sa coa, i treu-me
s' espinada. Es cap done 'l a sa dona, es cos a sa
pollina, sa coa i s'espinada sembra-les dins es
jardinet. Si ho fas així, t assegur que no te'n
penedirés.
Fa lo que 's peix havía dit, i dins poc temps sa
dona tengué tres infants bessons, sa pollina tres
cavallets, i dins es jardinet sortiren tres tarongers
amb una espasa ben aiuada i lluenta a s' ui de
més amunt.
Tota aquesta nescia se teu gran, i e-hi hagué
un cavallet, un taronger i una espasa per cada un
del tres al'lots, que havíen nom Juan, Toni i Fe-
rrandí.
En Juan i En Toni sortiren de s' escuma de sa
pesta, duien un dimoni a cada cabei. En Ferrandí
era bon al'lot de tot: no més feia mal an es pa.
Ell havía de cuidar ets tres cavalls, perque En
juan i En Toni no més pensaven a fer-los córrer
per llarc, dar-los moltes cimades i gens de menjar
casi mai. /
En Fertandí, en aixecar-se, anava an es seu a
donar-li una besada an es tront.
Un día, com anà a donar-le-hi, va veure que li
era sortit un estel, sa cosa més hermosa. 3
An En Juan i an En Toni s' enveja los roegava
com veien aquell estel an es front des cavall d' En
Ferrandí, i malexemussos deien:
",NA
131,"EN FERRANDÍ 121
—é Justament l' ha de tenir es seu, i no es nos-
troP jAixò no es sofridorl
Un día En Juan alça es cap, i diu:
u —Me 'n vaig a descobrir mon. En mostiar-se es
meu taronger, serà que necesitaré ajuda.
Pren es seu cavall i s' espasa, i ihala petitl per
avall, i de d' allà.
Camina caminaràs, a entrada de fosca, troba
unes casotes, i surt una giganta demunt es portal.
—iAlabat sía Deul diu En Juan.
—iPer a sempre sía alabatl respòn aquella. .
—é No 'm deixaríeu romandre per aquesta santa
nitP
—Si-ta, però has de fermar aquest cavall.
—Això costarà poc. dQue hi ha fermadora a sa
gripia2
—No:, vent-aquí una, diu sa giganta, i S' arra-
baça un cabei, i le hi allarga.
Ell el pren, el passa p' es coll des cavall, i tot-
d'una ell i cavall tornen de pedra mabre.
Es taronger d' En Juan aquell meteix moment
se mostià, però ben mostii ben mostii.
Tres hores antes de s' auba, es cavall d' En To-
ni comença a eguinar, i eguina qui eguina.
En Toni se despert amb tants d'eguins, i, cre-
gut de que era rusca que tenía, li deia:
-- Calla, cavallinol
que es massa dematino
per dar-te l'ordi.
Però s' animaló, com més anava, més fort egui-
nava.
Ala fi En Toni s'aixeca a donar-li recapte.
",NA
132,"122 — RONDAIES MALLORQUINES
Surt defora, ja era día clar, i me veu es taronger
d' En Juan tot mostii tot mostii.

—En Juan ha mester ajuda, diu ell. Me'n vaig
a donar 'n-hi. Si es meu taronger se mostía, serà
que me trobaré an es meteix cas.

Pren es cavall i s'espasa, i jihala, petitl per
avall, i de d' allà.

Camina caminaràs, a entredeta de fosca, topa
aquelles meteixes casotes, i es cavall eguina qui
eguina.

—eQue serà cosa que hi haja es meu germà per
aquí diu En Toni.

Tot amb-u, surt sa giganta demunt es portal.

—jAlabat sía Deul diu ell.

—iPer a sempre sía alabatl respòn ella.

—éNo 'm deixaríeu romandre per aquesta santa
nitP

—Sí-ta: però has de ftermar aquest cavall.

—Això costarà poc. eQue no hi ha ftermadora
a Sa gripia2

—No: vent-aquí una, diu sa giganta, i S' arra-
baça un cabei, i le hi allarga.

Ell el pren, el passa p'es coll des cavall, i tot-
d'una ell i es cavall tornen de pedra mabre. .

Es taronger d' En Toni aquell meteix moment
se mostià, però ben mostii ben mostii.

Lo endemà, tres hores antes de s' auba, es ca-
vall d'En Ferrandí comença a eguinar, i eguina
qui eguina.

En Ferrandí se despert amb tants d' eguins, i
cregut de que era rusca que tenía, li deia:

—iCalla, cavallino/

que es massa dematlino
per dar-te l'ordi.
",NA
133,"EN FERRANDÍ 123

Però s' animalet, com més anava, més fort egui-
nava.

A la fi En Ferrandí s' aixeca a donar-li recapte.

Surt defora, ja era día clar, i'me veu es taron-
ger d' En Toni tot mostii tot mostii.

—iJja no es En Juan tot sol que hà mester aju-
dal diu ell, també es En Toni. Me ""n hi vaig a do-
nar-los-ne. Poría esser que 's mostiàs es meu ta-
ronger: si 's mostía, que venga qui puga.

Pren es cavall i s' espasa, i ihala petitl per avall,
i de d' allà.

Camina caminaràs, a entradeta de fosca, topa

/ an aquelles meteixes casotes, i es cavall ja comen-
ça a eguinar, i venguen eguins i més eguins, que
cuidava a estellar-se.

—cQue serà aixòP exclama En Ferrandí. iSabs
que hi havía d' haver ets meus germans per aquíl

—E -hi son, diu es cavall.

En Ferrandí, tot astorat veent que es cavall li
havía respost, va dir:

—él que es aixòP sl tu que sabs parlars

—Sempre que sía necessari. En veure 't estret,
mentres pugues, vina a mi amb escuses de donar-
me paia, i, jo 't treuré des mig des fanc.

—El ets teus germans també parlen2

—Parlaríen a son amo si son amo los tractés
així com tu 'm tractes a mi.

—ldò iveam que he de ter aral

—Pegar tins que t"" hagen trets ets germans teus
i ets meus.

Sa giganta mentres tant surt demunt es portal.

7 —jAlabat sía Deul diu En Ferrandí.

—iPer a sempre sía alabatl respòn ella.

—eéNo 'm deixaríeu romandre per aquesta santa

nit2
",NA
134,"124 RONDAIES MALLORQUINES

—Si termes aquest cavall.

—Es cavall no mossega ni tira cosses, i no ha

: mester fermar. Lo que importa, que abans de més
raons m' entregueu ets meus germans.

—ecQue los m' has dats a guardar

—iPerò vos les m' e-hu presos, gran polissonal
iVenga-los més que depressal

—No lleu.

En Ferrandí se destira de s' espasa, i s' hi abor-
da amb so cavall: i espasada ve i espasada va.

Sa giganta, veent-se perduda de tot, arribaa
dir:

—i No 'm matesl... ija los te darél

Sa polissona se 'n va allà ont eren, los lleva
aquell cabei que teníen mig passat p' es coll des
cavall, i al acte ells i ets cavalls tornaren de carn
i OS.

Ja hi estaven contents En Juan i En Tonil Una
aterrada p' es coll i tot donaren an En Ferrandí.
No n' hi havíen donada cap mai.

—(A veure quina la feim araP digueren.

—jAnem a trescar moni

—Anem.

Camina caminaràs, des cap de set díes topen a
ca 'l Rei moro, que vel'lava ses estrelles, i era de
mala part term.

Pareixía com un gigant, tan grosses i terestes
tenía ses troçades, i encara la Reina li guanyava:
no hi havía cap homo que se pogués provar amb
ella.

Idò be, teníen tres tíes lo més agraciades, que
valíen uis per mirar.

Ja hu crec que En Juan, En Toni i En Ferrandí
s' hi embadaliren devant, i no los llevía altre cosa
",NA
135,"- EN FERRANDÍ 125
que mirar-les-se, però ben arreu, i com més les se
miraven, més los agradaven.

An el Rei moro ses seues lletres li digueren que
un d' aquells tres joves havía d' esser sa seua des-
trucció.

— Així va això2 diu ell. iHo veurem si serà verl
Anit los tas matar tots trets.

Í passa aquestes ordes an ets criats:

—En sortir es deiols, 1) heu d' estar aixecats:
vos acostau de puntes de puntes a tots ets llits,
fora es meu, i taiau tots ets colls que no duguen
collar de perles.

Com ses seues fíes en duien, i e-hi dormien, i
ets tres germans no, per força es coll d' aquests ha-
vía de pagar la testa.

En Ferrandí abans de colgar-se va a donar paia
an es cavall, que li diu:

—iUis espolsats i fora sonl que vos ne' volen
ter una. En temer-te que ses tíes del Rei dormen,
acostet an es seu llit, treu-los ets collars de perles
que duen p' es coll: posa-te 'n un tu i un an En Juan
i s' altre an En Toni: i una hora antes de s' auba,
que ningú se 'n teme, donau-ho a ses cames.

En Ferrandí no mota an ets seus germans ni ta
res coneixedor.

Se 'n va a geure tot-hom.

— En Juan i En Toni, tot-d' una que tocaren llit,
foren lo meteix de troncs.

En Ferrandí sols no se despullà. S' ageu així
meteix, i allà espera qui espera que ses fíes. del
Rei aterrassen es sò.

3 Des cap d' una hora s' acosta an es seu llit, i
veu que ja l' han aferrat de tot.

(1) Son uns estels que formen constelació.

Pd
",NA
136,"126 RONDAIES MALLORQUINES

A poc a poc los treu es collar de perles a totes
tres: ell se 'n posa un, i posa ets altres an En Juan
i an En Toni, i s' ageu. Sa son la tenía a ses soles
de ses sabates.

Sortiren es deiols, ets criats amb una espasa que
taiava com un raó, se 'n van de llit en llit, i taien
tots ets colls aont no troben collar de perles.

Lo endemó a trenc d' auba el Rei moro s' aixe-
ca, se'nva an ets llits, i m' hi troba ses tres tíes
tora cap i coll, dins una bassa de sang.

Ets altres nius eren buits, ets estornells havíen
pres el vol.

—S' animal cuidà a ter ui de flastomíes, plors i
descapdell.

Qui pagà la festa foren ets criats, que los teu
penjar p' es peus a una torre i los tiraren pedres
fins que es cap los hagué botit.

iSabeu que s' hi eren espitxats de falaguers En
Ferrandí i ets seus germansi
"" Camina caminaràs, des cap de temps un diu:

—eQue anam a llogar-mos a ca ""I Rei cristià2

—i No hu haguesses ditl... janem-hil

Se 'n hi van, i s' hi lloguen. -

Al punt el Rei estigué tot encantat d' En Fe-
rrandí i el volía sempre amb ell, i el va fer es criat
major.

En Juan i En Toni, en lloc d' estar agraits de
tot en aquell germanet seu que los havía salvada
dues voltes la vida, no poríen suírir que ell hagués
d' esser es major, i arribaren que no ""Il poríen veu-
re ni pintat. '

En aquell entre-mig el Rei cristià, cansat de 5
moure guerra an el Rei moro i de mai poder-lo se-
talcar, crida ets homos que se tenien per més sa-
",NA
137,"4
EN FERRANDÍ 127
buts des seu reinat, per que li diguessen quin
remei e-hi hauría per capturar es moro.
Aquells homos li digueren:
—Mentres no li prenguen s' espasa que li feren
ses fades, que, en dir-lii—Espasa, taia caps, —en
taia mentres n' hi venguen devant, mentres no li
saupen aquesta espasa, no ""I faràn recular.

Com En Juan i En Toni hu saberen, se 'n van
an el Rei, i li diuen:

—En Ferrandí se deixa dir que 'S dona amb cor
de pendre s' espasa del Rei moro.

El Rei l envía a demanar, i li entloca aquesta:

—He sabut que dius que 't dones amb coratge
de pendre s' espasa del Rei moro.

—ijol diu s' al'lot, sorprés i astorat.

—i Tu, tul diu el Rei. Sobre tot, no importa
parlar-ne pus. Ja pots esser partit ara meteix, i no
tornes que no la me dugues. l

En Ferrandí quedà de pedra. Veu que no hi
ha altre remei que creure, i se'n va a treure es
cavall, que li diu:

—No hages por: la duràs. Te vests de pelegrí,
te 'n hi vas, demanes que 't deixen romandre. S'
espasa es moro no la deixa mai: en. colgar-se, la
sa posa devall es coixí. Així com pugues, afiquet
devall es llit, i, en dir-te:—Bufa an es foc, —buta
al aire, i, en veure sa teua, tes navegar sa destral.

—e Vol dir no te 'n he de menar2

—Te convé més deixar-me.

El deixa ben comanat, i ja es partit.

Camina caminaràs, des cap de set díes arriba a

s ca 'l Rei moro, horabaixa de tot.

Deu va compondre que no més e-hi fos la Rei-
na, i no 'l va conèixer.

dd
",NA
138,"128 Ò 780. RONDAIES MALLORQUINES

—é No deixaríeu romandre aquest pobre pelegrí
per aquesta santa nit2 diu ell.

—Per part meua poreu romandre, diu. ella. Lo
que hi ha, que 'l Rei du molt quantre ets pelegrins,

l i Si no hus amagau ben amagat, no sé que 'n farà
de vos.

—Deixau estar s' ansia per mí, diu ell. i Ja m'
amagatél

Ell va veure la Reina descuidada, i zas se 'n
entra dins sa cambra, i s' amaga devall es llit.

Fosca negra, s' entrega el Rei moro.

Venía cansat i mort: sopen, i se 'n van a geure.

Ja havíen apagat es llum, ja estaven colgats, i
el Rei diu a la Reina: /

—e Has aticades ses sabates be devall es llitP

—Me pens que no.

— Idò les hi havíes d' aticar, que llavò en sa nit,
si m' aixec e-hi trevel.

Bota des llit, atica: ses sabates: i les atica tant,
que arriba an En Ferrandí.

—el que dimoni serà aixó araP exclama el Rei.
i Ell trob forti

Encén es llum, alça sa devantera, i m' afina En
Ferrandí, tremolant com una fuia de poll.

—ijAh gran polissó de Ferrandí del dimonil diu
ell. ijAra t hi tenci ijAra 'm pagarés sa nova i sa
veial ija no 'n taràs altre, gran polissól

Però qui cuidà a fer es tro de tot, fonc la Reina
mora.

—iO mala ànimal deia ella, ipolissó més que
polissó, que fores causa de sa mort de ses meues
fietest... /T' hem de menjar fritl iNo te 'n esca-
pesl... iJo meteixa t' he de tregiri jM' he d' assa-
ciar de tu, gran polissól
",NA
139,"EN FERRANDÍ 129

El termaren amb una cadenota a una estaca, i
ella va dir an el Rei:

—Mira, el mos hem de menjar sofregit amb
atroç an es dimoni. No vui que cap criat el toc, jo

- meteixa l'he de escabetjar i l'he de coure. Tu
ara meteix ves-te 'n a convidar aquells altres tres
Reis de la nostra, que s' havíen de casar amb ses
nostres fietes, i que es segur que se 'n xuparàn
ets dits d'aquest convit. iHalal idepressa a me-
nar-losi que llavò no fasseu tartl

El Rei moro al acte toca soletes a menar aquells
tres, que eren reietons que estaven baix d' ell.

La Reina posa una caldera d'aigo demunt es
fogó, comença foc, i venguen ensenais i més en-
senais, i fum i fum. I

Tenía su-allà una destralota ben esmolada.
Desterma En Ferrandí, i li diu:

—iHala, bufa an es foci veam si l' encendrés, /
i no tarà tan de fum.

En Ferrandí se posa a bufar a l'aire, mirant
per amunt.

—iAn es toc t' he dit que bufasses, gran carro-
nya, i no a l'airel diu la Reina.

—lI scom ho fan per butar-hi2 diu ell.

—é Tan poc tranc tens, que no hu sabs2 diu
ella. iAixí, troç de cordal

S' acala devant es togó, i hala bons buís.

Ets seus pits pareixíen unes manxes de terrer.

En Ferrandí tot-d' una pega grapada a sa des-

tral, enteferra destralada a la Reina a cau d'ore-
lla, i li feu botir es cap dins es foc.
me l éque fa ell2 La trocetja tota, la tira dins sa
caldera, i fa un bon arròç, bollit i autegat. Posa
taula, colga dins es llit una caera ben tapada, amb
. Tom lII—9
dx
",NA
140,"130 RONDAIES MALLORQUINES
so cap de la Reina que guaitàs demunt es coixí,
lo meteix que si dormís.

Devall es coixí troba s' espasa del Rei moro,

l que amb sa rabiada i sa pressa que duia la hi ha-
vía deixada.

Mai li havía succeit un tal.

Ja hu crec que En Ferrandí li posà ses mans
demunt: i, com un llonzí, jcametes me valguenl l
cap a entregar-la an el Rei cristià.

Es moro arriba devers mitjàn capvespre amb
aquells tres reietons, amb ses dents que los prua-
ven de clavar-se En Ferrandí dins l ànima.

—iSí que hu serà saborós es polissól deien ells.
iNi ets ossos hem de tiraril iTot ha de venir dins
sa nostra panxal

Arriben: troben taula posada, s' arròç cuit, es
bollit dins una olla, i s' aufegat dins dues graixo-
neres.

No veuen la Reina, el Rei guaita dins sa cam-
bra: veu s' embalum demunt es llit, amb so cap
demunt es coixí, i diu:

—iCallaut que dorm. Això amb sa gran tres-
quelamena i maleveig li es venguda son, i s'es
tirada dalt es llit. No res, posem-mos en taula, i
amb so trui ja 'S desxondirà, i li donarem aquesta
sorpresa.

S'asseuen, s' aborden a s'arròç, i no los tocà
voreres, envesten es bollit, i no hi deixaren pone-
dor, los arramben s'aufegat, i excusaren an ets
moixos ses feines de llepar ets plats, de nets que""
los deixaren. Pareixía que no hi havíen manjat
mai.

—iVaja quina porcadal diu el Rei, com s' ho
varen haver acabat. il no hem pensat a deixar-ne. — .
",NA
141,"EN FERRANDÍ 131
per ellal iQuin perboc, haver-lo aguiat i no po-
der-lo tastarl l
l —iSi que le hi hem feta d' ase i secal exclamen
l tots, més plens que tudons, que no se poríen et-
ai xefegar. /

—él com dimoni, diu el Rei, aquesta dona ha
agatat es sò tan fortP

S' aixeca, li pega crit, i se 'n entra dins sa cam-
bra, crida qui crida:

—ecQue seràs el dimoni per dormir jHala, aixe-
quetl ija dormiràs en esser mortal cçQue no t'
aixecasP... iMal dormisses tapada...l

Anava a dir de foc, com ja era devora es llit.

Pega costerada a la reina, i Sa caera pren per
un vent i es cap per s' altre: l homo quedà de
pedra.

Tot-d' una no pogué dir paraula: li entrà un tre-
molor per tot el cos, s' hagué d' asseure.

Ets altres e-hi acudeixen, i queden aborronats
devant aquella teta: es cap de la Reina sensa es
cos, i el Rei pegant-se amb so cap per ses parets,
bolcant-se per en terra com un rabiós, traguent
espires p' ets uis, i foc p' ets caixals, i carrerancs
de carretades de tlestomíes per sa boca contra En l
Ferrandí, demanant per ell 4n pí dins cada ui i
tant de foc demunt com terra tenía devall: tirant-

li gotes, pestes i llamps de totes ses classes que 's

tlastomadors tins se saben treure: gofa serena,

gota coral, que no deixa tirar cap cossa, pesta

cernuda, que no fa pont i arriba per tot, pesta

grumaiosa, que s' afica an es foc, quant i més a
es sa gent, i fins i tot li tirà l/amps verts, forcats i

forrats de pell de dimoni.

Res d'això aturà En Ferrandí, que se'n anava

l
I l
I
",NA
142,"132 RONDAIES MALLORQUINES
com un coet cap a ca 'l Rei cristià a entregar-li s'
espasa del Rei moro.

Aviat e-hi va esser, i la hi entrega.

El Rei cuidà a tornar loco de content com la
contemplava dins ses seues mans, i que ja no ser-
viría pus per arronsar els seus exércits.

Llavò sí que l'estima an En Ferrandí, no sabía
que fer-se per ell. No volgué que fes pus de criat,
sino que menjàs i begués, i se passetjàs.

El Rei cristià aplega tota sa força des reinat, i
envest es moro, i l'arronsà, però de bona manera.

Es moro hu donà a ses cames, i, Si no té Sort
de tancar-se dins es seu castell principal, no n'
hauríen cantat pus galls ni galines.

El Rei cristià posa siti an es castell, i be'l va
estrényer, be 'l va batre, però no li pogué ter res.

El deixa en banda, i crida de bell nou ets homos
que se tenien per més sabuts de tot es reinat per
que li diguessen com ho havía de ter per pendre
aquell castell.

Ninguns n' hi sabíen donar claricies, fins que hi
va haver un homonet vei que li digué:

—No li pendrà es castell an el Rei moro, que
no li taien un grandiós pi que hi té dedins.

Tot-d' una que En Juan i En Toni saben això,
se presenten an el Rei, i li entimen aquesta:

—En Ferrandí se deixa dir que's donaría amb
coratge de taiar es pi del Rei moro.

—EQué es lo que me deiso

—Lo que sent.

—iQue venga al acte En Ferrandít

Le hi tan anar, i li diu:

—Mira, sé que 't deixes dir que te donaríes amb
coratge de taiar-me es pi del Rei moro.
",NA
143,"EN FERRANDÍ 133
ee —eJo2 exclama tot sorprés S' al'lot.

—Tu, tu, diu el Rei.

—Li assegur per cosa certa que no he dita una

tal paraula. M' ho han perposat.
x —Vaja, no fasses es desmenjat amb talent. Així
/ com me dugueres s' espasa, taiaràs es pi. Ja pots
partir en voler, i no tornes que 'S pi no estiga amb
ses rels per amunt o amb sa soca bossins.

En Ferrandí quedà de pedra.

Veent que no hi havía altre remei, se'n va a
treure es cavall, que li digué:

—No hages por: taiaràs es pi si tas es cap viu.
Deixet sa barba, vestit de pelegrí, passa per de-
vant ca 'l Rei moro, i dius que vas a ca/l Rei
cristià a veure cremar En Ferrandí.

S' al'lot se deixa sa barba, se vest de pelegrí, i
ja es partit camina caminarés.

Des cap d'una mesada, que sa barba ja tenía
un forc, passa un dematí per devant ca 'l Rei
moro, i el troba demunt es portal, que escampava
la vista.

—jAlabat sía Deul diu En Ferrandí.

l —iPer a semprel diu el Rei.

—é No 'm deixarieu reposar una estoneta i beu-
re un glop d' aigo per amor de DeuP

—jiAra es hora de Deusl éSabeu que sou vol-
tros pelegrins2 Uns polissons. No valeu ses paies
d' allà ont geis.

—iNo vos fasseu dolent per un glopet d' aigol

—No res, beveu: però m' heu de dir d' ont ve-
niu i aont anau.

hà —Venc de voltar el mon, i me'n vaig a ca'l
Rei cristià, perque m' han assegurat per cosa cer-
ta que demà ha de ter cremar un tal Ferrandí,

V
",NA
144,"134 RONDAIES MALLORQUINES
alhaca ferm, que n'ha fetes cent per un passol a .
tots ets qui se son posats amb ell.

—e Que me deisP exclamà el Rei moro, pegant
un gran bot, i obrint uns uis, que com que s' ha-
gués d' esqueixar ses pipelles. cEn FerrandíP
cAquell gran polissó d' En Ferrandí han de cre-
mar... él ho sabeu certP '

—Figurau-vos que hu ha dit es criat major del
Rei cristià. Aquestes oreies meues, aquestes me-
teixes oreies, ho han sentit.

—el no m' enganau

—iQue he d'enganar, senyor Reil Sobre tot,
jo vos convit a anar-hi, i, Si no es així com dic,
e-hi va es coll.

El Rei se posà tora de sí, es cap li cloquetjava ,
a les totes.

—iQue hi veniu o no hi veniu2 digué En Fe-
rrandí. l

—Homo, exclama el Rei. jo hi vendría, i de
bona gana, no puc... iVaja, però no pucl jl me'n
sab de greu no poder venirl jE-hu sería grossa sa
vega que fería de veure 'l cremar an aquest po-
lissó, perque es s' home que m' ha fet més mal del
monl Però jsabs quina passadal Ell el Rei cristià

"" — es també es meu contrari més gros: i eno sería de.
besties jo anar-me 'n a ca-seua així, a la bebel'la-
na éNo sería això anar a dir-li: Mira, vemet-aquí,
matem2... iVajal iNo hi puc venir, i forist... iNo,
i jo donaria tot quant tenc i esper a tenir per veu-
re-los fer es derrer badai a tots dosl... jPoreu
estar ben segurl

—Lo que 's diu an En Ferrandí le hi poreu veu-
re fer demà.

—éPer que llavò 'l me fassen fer a míP

Ld
",NA
145,"EN FERRANDÍ 135

—iCa, homol iSi hi poreu venir bellament sen-
sa que 'Í Rei cristià se 'n tema.

—iSil... iEn no esser que hi vaja volant2...
dQue me sebríeu posar unes ales vosP

—il aviatl

— Que es això que deiso

—Que si vos voleu, vos duré devant ca 'l Rei
cristià, i veureu sa funció d' En Ferrandí, i ningú

l se temerà de res, ni sabràn Si hi sou.
—Digau, idò, que hem de ter.

—eQue hem de terè Taiar aquest pinarro que
teniu dins sa clasta, buidar-li sa soca ben buida-
da, fer-hi un parei de foradins. Vos vos hi posau
dedins, carregam sa soca demunt dos o tres ca-
rros, i partirem. Amb escuses de que la duim a
vendre, passarem per sa plaça aont han de cre-
mar En Ferrandí, mos hi aturarem fins que l hagen
cremat, i vos p'ets toradins guaitareu, i ho veu-
reu tot de lo més be.

Com el Rei moro sent aquest pla, romàn tot es-
torat. Des cap d' una estona, diu:

—iEl dimoni sou per treure ideest Aquesta se-
ría molt bona si no tos que té un emperò terest.

—jCom-es-aral diu es pelegrí.

—Que aquest pi no se pot taiar... iPrimer me
taiaràn sa barba a mít

—lIdò no digueu que tengueu ganes tan fortes l
de veure cremar En Ferrandí.

—Si no hu digués, diría mentides.

—iNo 'm vengueu a contar rondaiesl Quant
s homo, i, sobre tot, un Rei com sou vos, vol fer

si una cosa de bon de veres, la ta, i no s' empatxa
de raons. éDe que vos serveix esser Rei, si no
vos poreu assaciar de lo que teniu ganes2
",NA
146,"136 RONDAIES MALLORQUINES

eQue me'n direu2 Ell es pelegrí el va sebre
trastetjar tan be an es moro, tengué traces per
encalentir-lo tant sobre s' anar a veure sa crema-
dissa d' En Ferrandí, que ""1 ginya i deu més a taiar
es pinarro. /

Buiden sa gran soca, e-hi fan dos o tres forats

de berrobí. Es moro s' hi posa dedins, la carregan
demunt tres carros, i ja son partits cap a ca ""I Rei
cristià.

Es pelegrí comana an es carreters que no s'
aturen fins que hi síen devant, i que allà s' aple-
garà amb ells, en haver enllestides altres feines
que té.

Ses feines foren, que pren una dressera, amb
quatre bots es a ca 'l Rei cristià, li diu lo que
passa, i que sa questió es que, en arribar es ca-
tros amb sa soca, e-hi haja un gran munt de lle-
nya ben seca a 's mig de sa plaça.

Dins una exhalació sa llenya hi va esser. No se
deia per que havía de servir, i ja hu crec que picà
sa mosca a tot-hom sobre que poría esser allò.

La ciutat al punt estigué alta, no hi havía qui

passés per carrers i places de gernació.

El Rei dona orde que tot-hom que vulga anar
p' es mig, ha de dir:

—Avui el cremaml javui el cremamt

Encara no se varen esser passades aquestes
ordes, com d' un cap a l'altre de la ciutat, tot-hom
cuidava a esgargamellar-se cridant: jAvui el cre-
maml javui el cremamli

Arriben ets tres carros amb sa socota i es moro
dedins, guaita qui guaita i escolta qui escolta. l

Com ell sent tant d'avui el cremam, quui el
cremam, cuidà a esclatir de content: no hi cabia
dins sa soca.
",NA
147,"ar al EN FERRANDÍ 137

—iSí que va bél deia ell, isí que serem arribats
de bon toci iSí que n' hi passaré de gust de veu-
re 'l fer flamada an aquell polissól jiVoldría que 'l
cremassen a poc a poc, per que tos més gros es

si turmentl jO que m' agradaria poder anar a pegar-
li unes quantes tionadesi l

Mentres tant ets carros ja eren devant ca 'l Rei 1
cristià. D'orde d' En Ferrandí desjunyen ets pareis
i acaramullen tota sa llenya entorn de sa socota.
Llavò li peguen toc, i fum i fum.

Prompte hi hagué una flamada de més de cent
paums, i aviat llenya, carros, soca i Rei moro va
esser tot caliu i cendra.

ija estigué tet del Rei moro, des seu castell, de
tot es seu poderl.

Poreu creure el Rei cristià si devía botar d' ale-
gria i xalar a les totes. )

Com ets seus vassalls saberen qui era que ha- .
víen cremat, tot-hom tirà Sa casa per sa finestra:
se varen ter tres díes de testa, i rigueren i tolga-

l ren fins que se pogueren aguantar.

An En Ferrandí el passetjaren en triunto: i, en
sortir an es carrer, tot-hom ja s'hi abordava a
fer-li testes i xicotines.

El Rei si que n' hi teu.

Li digué que no volía que aixecàs una paia de 'n
terra, i passa orde que tot-hom el tractàs com a
senyor, i que li accedissen tot lo que demanaria,
mentres no fos contrari a sa llei de Deu.

l En Ferrandi, tot xaravel'lo, menjava i bevía
i se passetjava, i aont se vuia. se presentés era

hi ben arribat.

Ara ets seus germans el dimoni los se' n duia
d' enveja. No menjaven ni dormíen, pensa qui
pensa quina la hi havíen de fer.
",NA
148,"138 RONDAIES MALLORQUINES
—El Rei encara era tadrí, i li arribà a ses oreies
que hi havía la Princesa d' Orient, que tenía es
reinat més gran del mon i també era fadrina, i do-
nava carabaça a tots ets qui /i demanaven de
noves. No anava gens de posar es coll devall es D
jou del sant matrimoni, i no era que no servés es
e llum ben dret i que no se pogués passetjar cara
alta per ont se vuia. /
El Rei cristià estava tot elevat amb ses noves
que li venien d' aquesta Princesa.
l —iAi si jo li poría arribarl sí jo amb un enginy
o s' altre la pogués pendrel... ijNo 'm puc casar en
no esser amb ellal
Crida ets homos més sabuts des reinat per
veure com ho ha de ter per robar la Princesa d'
Orient, i no n' hi hagué cap que li donàs gens de
camí. ,
. —l el Rei ben apurat, que no veia per ont cami-
nava.
An En Juan i En Toni los vengué una idea del
dimoni.
Se presenten an el Rei, i li diuen:
—Senyor Rei, En Ferrandí se deixa dir que 's
donaría en coratge d' anar-li a menar la Princesa
o d'Orient.
—éDe boo .
—il tant de bol
—Que venga al acte.
Le hi fan anar, i li diu: /
—Mira, me vui casar amb la Princesa d' Orient.
Tu l'has d'anar a robar, i no torns que no la 'm
— mens. -
En Ferrandí no hi feu dos mots: va veure que
era ben per demés.
",NA
149,"EN FERRANDÍ 139

Se 'n va an es cavall, que li digué:

—No hages por, la durem. Poset demunt mí, i
cap a llevant falta gent.

, S"" hi posa, i de d' allà com un llamp.

Passen per dins un pollar, i senten uns piulos,
sa cosa més llastimosa.

o En Ferrandi devalla, i veu que es un aucellet. — £
embaraçat dins un aritjal i que ja feia ses de-
rreres. :

El desembaraça, i es cavall diu: I

—Arrabaça-li tres plometes, i guarda-les, que
prou les hauràs mester.

Les hi arrabaça, li amolla, i s' aucellet, tot
aixerit, per amunt i per amunt.

Pega bot dalt es cavall, que prengué de bell
nou sa fua, i amb una exhalació varen esser a
mar.

: Dins un baixest d' arena, aont ses ones havíen
feta mica d' escapada, afina un peixet que se re-
vinglava com un desesperat, autegant-se de tot.

En Ferrandí l'agata per sa coeta per tirar-lo a
mar, i es cavall diu:

—Treu-li tres espines, i guarda-les, que prou
les hauràs mester.

Les hi treu, li amolla dins s'aigo, i es peixet
per endins i per endins just un llampó.

Es cavall diu:

—Ara tornaré un vaixell de vidre, i donem
sempre cap a llevant. En esser an es port de la
Princesa d' Orient, tas a sebre a tot-hom que, per
deixar veure es vaixell, e-hi ha d' entrar sa prime-

/ ra de tots la Princesa. Tot-d' una que hi pos es
peus, me pegas un toc amb sa mà, tot dient:
iHala petitl—i estam salvats.
",NA
150,"L)

140 RONDAIES MALLORQUINES l

Encara no hagué dit això, com pega llongo
dins mar, i torna un vaixell de vidre, que feia te-
redat de gros, i embéellía d' hermòs.

Es buc era de vidre de mil colors, ets abres
eren d'or, ses vergues de plata, velam i cordam
de seda. No hi faltava un amén.

0 En Ferrandí li dona cap a llevant, i vos assegur
que les taiava be a ses ones, que 'n deixava de
solc i de sabonera derrera, i que 'n feia de camí.

Des cap de set díes arriba an es port de la
Princesa d' Orient. l /
Com veren es vaixell de vidre, que resplandía

com. un sol, .tota.la ciutat s' abocà an es moll. Tot-
hom demanava per veure es vaixell per dedins.
—Tots el poreu veure, deia En Ferrandí, però
vui que la senyora Princesa sía sa primera. Si
ella no ve devant, no hi arribareu, tendreu es
morro curt.

La Princesa e-hu sab, i no hi fa dos mots.

Se'n va amb:tota la Cort an es moll, i, sa de
devant de tots, se 'n puja an es vaixell.

Encara no hi tengué es peus, com En Ferrandí
pega toc a s' abre mestre, tot dient:

—iHala, petitl

Dir-ho i es vaixell esser cent llegos entora,
fonc tot u.

Poreu pensar quin esglai per la Princesa.

Veent-se perduda, tira una pinta d' or a la mar.

Tocan a terra, i es vaixell torna cavall, amb En
Ferrandí i ella demunt, i ide quatres cap a ca ll
Reil

Passen per dins un pollar, i ella d' amagat se si
treu un anell de diamants, i el tira.

Arriben a ca'l Rei, i En Ferrandí presenta la
Princesa. l
",NA
151,"EN FERRANDÍ 141

Era s' al'lota més garrida i plantosa que s' ha-
gués vista mai. :

Tot-hom queda ferit l'a devant ella, sobre tot
el Rei, que digué: l

3 —iA veure quant mos casaml

—Jo no 'm cas, diu ella, que no 'm duguen qua-

tre gerres d' aigo des pou des lleó per rentar-me. ,
. Aquest pou tenía s'aigo setcentes braces en-

dins, i el guardava un lleó, fermat amb una cade-

na que tirava set llegos de llarc: i, en acostar-s' hi

ningú, l esbenava. No n'hi havíen pres un glop

mai d' aigo.

El Rei no hagué de mester que En Juan i En
Toni li anassen a borinetjar a s' oreia: En Ferrandí
se deixa dir que duría aquestes gerres.

Sensa que li butassen, crida s' al'lot, i li diu:

—Tu que t' ets sabut enginyar per dur-me la
Princesa, enginyet per dur-li ses quatre gerres d'
aigo des pou des lleó. Ves-te 'n-hi al acte, i jno
tornes que no les duguesi

En Ferrandí se'n va tot acongoixat an es ca-
vall, que digué:

—iNo hages porl Posem uns arganells amb
quatre gerres, i tu demunt. Es lleó, en estar des-
pert, té ets uis clucs, en dormir, los té badats. En
veurer-los-hi badats, atanyet a treure ses gerres,
carrega-les-me, i en tenir-les jo demunt, som escà-
pols.

Li posa-uns arganells amb quatre gerres, i ja
son partits.

Camina caminarés, arriben an es pou ditxós.

É Es lleonot, que era com un bou, estava agegut
allà devora, badant uns uis com uns platets.

En Ferrandí amb quatre grapades umpl ses ge-
",NA
152,"142 RONDAIES MALLORQUINES
rres, i just com posava sa derrera dins ets arga-
nells, es lleonot se despert, i enverga bramul i
llongo cap an es cavall. Però es cavall, amb ses
quatre gerrés i En Ferrandí demunt, icametes me

l valguenl per avall, i es lleó derrera ell, com un

dimoni. Í desiara li arribava amb sos claus i amb
ses arpes devers ses guerres i Sa coa, però es ca-
vallet ho teia de tot, i no perdía gens, i mes tost
reprenía. l

Com varen haver corregudes set llegos, sa ca-
dena des lleó s' acabà, i es lleó no se pogué fer l
pus enfora, i allà estirades, i espolsades, i bra-

l muls, i pols al aire.

— jO quina rabiada va pendre aquell animall Si sa
cadena no fos estada tan revenguda, la rompía.

No tengué altre remei que tornar-se 'n an es pou
coa baixa i brutant.

En Ferrandí arriba a ca'l Rei, i entrega ses
quatre gerres d' aigo.

Quant ia Princesa les tengué, i se va esser ren-
tada, diu:

—Ara necessit sa pinta d' or per pentinar-me.

—En tenc una que no ha fet res mai, diu el .
Rei. ,

: —No 'm serveix: ha d' esser sa meua.

—l éaont es aquesta pinta2

—Dins mar. I no'm pentinaré ni 'm casaré que be
no la tenga.

El Rei crida En Ferrandí: En, di

—Ara a la Princesa li falta sa pinta d'or per
pentinar-se i casar-mos. Sa pinta es dins mar. Tu
que no tens res impossible, ves-le-hi a dur. Parteix
al acte, i no tornes, que no la dugues.

En Ferrandí, tot acongoixat, se 'n va an es
cavall, que li diu:
",NA
153,"EN FERRANDÍ 143

—No hages por, anem a mar, allà meteix ont
vaig tornar un vaixell de vidre, i cridas:

—Animalet de Deu,
a donem lo que 's meu,
ijo't daré lo que 's teu.

Se 'n hi van, i En Ferrandí de dalt una tenassa
se posa a cridar:

—Animalet de Deu,
donem lo que 's. meu

i jo 't daré lo que 's teu.
—Animalet de Deu
donem lo que 's meu,
ijo't daré lo que's teu.

Al punt guaita un peixet amb sa pinteta d'or a
sa boca.

Era aquell meteix que En Ferrandí l havía tro-
bat que s' autegava, i l havía tirat a la mar.

En Ferrandí li pren sa pinteta, i li torna aficar
ses tres espines així com les tenía primer, i cap a
ca I Rei s' ha dit.

Com la Princesa veu sa pinta d' or, diu:

—Ara ""m falta un anell de diamants.

—el aont esP diu el Rei.

—Me caigué dins un pollar. I no 'm casaré que
no 'Í tenga.

El Rei crida En Ferrandí:

—Ara li falta un anell de diamants per casar-
mos, i li caigué dins un pollar. Tu que no tens
res impossible, ves a dur-le-hi. Parteix al acte, i

z no torns que no 'l dugues. l

En Ferrandí tot acongoixat, se 'n va an es ca-

vall, que li diu:
",NA
154,"I
144 RONDAIES MALLORQUINES
—No hages por: poset demunt mí, anem an
aquell pollar per ont passàrem, i cridas:
— Animalet de Deu,
donem lo que 's meu, r
ijo't daré lo que 's teu.
Se 'n hi van, i En Ferrandí se posa a cridar.
— Animalet de Deu,
donem lo que 's meu,
i jo 't daré lo que 's teu.
—Animalet de Deu, ,
donem lo que 's meu
ijo't daré lo que 's teu.
Al punt, fac, se'n ve aquell meteix aucellet
que l havien trobat embaraçat, i duia s' anell de
diamants amb so bec.
En Ferrandí le hi pren, li torna aficar ses tres
plometes allà ont les tenía primer, i jcap a ca /l I
Rei talta gentl
Com el Rei veu s' anell, el se'n du correns a
la Princesa, tot dient:
—jAquesta vegada se ta s' esclafitl
Però es comptes toren errats, perque la Prince- l
sa, com tengué s' anell, sortí amb aquesta: l
—Ara per casar-me, m' han de fer una tornada l
de pa de xeixa, i la m' han de treure sensa pala. l
El Rei ja ho hauría tet a tocs. Cremat de tot,
fet un Nero, crida En Ferrandí, i li diu:
—Ara vol que li tassen una tornada de pa de
xeixa, i que la hi treguen sensa pala. Tu que has
fet el més, teràs el manco: tu la treuràs. Ja t
avisaràn com sía s' hora. s
En Ferrandí quedà sensa polsos. Se'n va tot
plorant an es cavall, que li diu: (
",NA
155,"EN FERRANDÍ 145

Consent a: morir per salvar-te la vida. Taiem sa

. vena alteria, derramaré tota sa sang. En esser

l mort, m' escorxes, no 'm deixes gens de carn an

A es cuiro, el t abrigas ben abrigat, i no't tarà res
s' entrar dins es forn.

En Ferrandí per cap vent del mon volía matar
es cavall, fins que a la fí e-hi allarga es coll.

L'escorxa sensa deixar-li gens de carn an es
cuiro, i l avisen de part del Rei que sa tornada
de pa ja es treguedora.

L' homo s' abriga es cuiro ben abrigat, s' afica
dins es forn, i amb quatre grapades va tenir es pa
defora.

Es cuiro feia xiu xiu i fum per llarc, i, si En
Ferrandí e-hi està mig minut més, ja no l'hauría
defensat pus d' aquella calentor abrusadora.

Presenten sa fornada de pa a la Princesa, i
aquella gran fraidora diu an el Rei.

—Aquesta l'ha treta En Ferrandí: ara n'has
de treure una tu, si vols que mos casem. l

Com el Rei la sent, se vola, li diu ses mil llàs-
times, li fa ses -mil amenaçes, però ella, sa més
fresca del mon, i com si li haguessen tirades paies
de Menorca, no s' aturava de dir:

—iTots aquests estufornos son ben escusadorst —
Amb mí no hi valen amenaçes. Poràs ter lo que
vulgues, però lo que 's diu casar-te amb mi, Si no
treus sa fornada de pa sensa pala, mira quina
hora t' ho dic, no t' hi casarés.

El Rei a la tí va veure que no hi havía altre

— remei.
r —No res, digué, En Ferrandí s' abrigà es cuiro
des seu cavall: jo me'n abrigaré set, i m' hi faré
Tom. III—I10
",NA
156,"146 RONDAIES MALLORQUINES
deixar molta carn. l així, com sa calentor los hau- l
rà travessats, jo ja tendré sa fornada tora.
En seguida fa pastar, i entornar, i escorxar set
cavalls, comanant que deixassen molta carn en :
ets cuiros. I
Li donen avís que se fornada ja es cuita, ell s'
abriga ets set cuiros, i se 'n entra dins es forn.
Aquella tanta carn se fongué, es suc se va en-
cendre, ets cuiros feren flamada, i el Rei roman-
gué cuit. No més quedà una mica de cendra.
Aquí En Toni i En Juan digueren:
—Ara En Ferrandí se farà amo de ses mel'les.
No tenim més remei que togir.
l fogiren abans de més raons, i no los veren
pus. l
La Princesa d' Orient, com va veure el Rei cre-
mat dins es forn, digué an En Ferrandí:
—Ara 'm vui casar. l es amb tu que 'm casaré
si tu vols, perque ets tu que m' has guanyada: tu l
vares tenir enginy per robar-me, tu 'm dugueres
s' aigo des pou des lleó, tu'm trobares sa pinta
d' or i s' anell de diamants, tu has treta sa tornada
de pa de xeixa sensa pala. Aquesta serà sa for-
nada de noces.
I l ja hu crec que En Ferrandí no hi va ter dos
motsi
Se casà amb la Princesa, teren unes noces mai
vistes, i foren els Reis més poderosos del mon.
Varen tenir una partida d'infants, i visqueren
com Juseph i María anys i més anys, i encara son /
vius Si no son morts. Í al cel mos vegem tots ple- J
gats. Amén.
Torre Nova, Juriol de 1897.
",NA
157,"ODOEOIEBCdEODSODdECOQEOdOCODOdOOOdOlQOdH
TNTXTIÍTITITXTAÀTITÀ
la
EN PERE DES FORN Y
Dra Se ell

Ars era una tornera viuda que no més tenía
I un fii, En Pere, que li faltava una Saó, i sa
des Bril, que's sa millor. Ara per menjar en vo-
lía amb qui alenava. l

—Tira, vestén an es port, (2) li diu un día sa
mare, veam si duràs una somada de llenya, que
l'hem mester com es pa de cada día. No porem
fornetjar sensa, fii meu.

lli donà una coca com un aré per que li bastàs
per tot lo día.

L' homo toca soletes, i comença a donar-li clau.

Com va esser a sa /oní nova È) ja la se va ha-
ver acabada.

l éque fa ell2 Torna arrera.

—el ara2 diu sa mare, com lo veu.

—Que sa coca s'es acabada a sa /onf nova, i
he girat. l

—i Ah gran golatrel el que tendràs tam calinaP

l (1) La 'm contà el sen Pere (rotze, de Manacor.

(2) S'entén, el port de Manacor.

(3) Aquesta font o pou i els demés punts que s' anomenen en aques-
ta rondaia se troben anant p' el cami de Manacor an cl port,
",NA
158,"148 RONDAIES MALLORQUINES
éUna cocassa com aquella haver-la-te etzibada
d'aquí a sa font novaP iTan meteix passa la
midat...

—iSabeu que era de bonal No me'n he pogut
deixar, i més n' hi hagués haguda, més n' hauría I
menjada.

— ji Ell es com un avenct... iUn llinatge t' aca-
baríesl Ph al / l

—il ben aviat, si era tan bo com sa cocal

La dona, tota enfadada, ho conta a ses veina-
des, que li digueren:

—Un altre pic posa-li borres, i la tendrà més
mala de roegar. :

E-hu ta així, i lo endemà En Pere amb sa gran
coca ja es partit cap an es porí a dur sa Somada
de llenya... l

Encara no havía passat es portal de ca-seua,
com ja comença a donar clau a sa coca, i, clava-
da ve clavada va, tot eren borres que s' engan-

— Xaven per ses dents i caixals, i cada punt havía
— d'escopir.

—ija la m'ha teta de farina d' ordil deia ell.
i Tot son tàstaresi i Vaja quin cabermonil

Devers es Molí d' en Sopa se cansà de maste-
gar borres, i gira en coa cap a la vila.

—él araP diu sa mare, com lo veu.

—M' e-hu teta sa coca de farina d' ordi, tot
son tàstares, i el diantre que la roec, i he girat.

—jAh bota terreral él com farem sa fornada de
demà, sensa llenya2 ,

—iJja vos enginyareul

—Sí, t' hi porem posar a tu per llenya.

—iSi sou capasse, e-hi consenti aus

— jLocol ire-locotl l
",NA
159,"EN PERE DES FORN 149

La pobreta, apurada de tot, ho conta a ses vei-
nades, que li digueren: l

—Un altre pic posa-li macs de mar, i diga-li que
son taiades de fetge.

a E-hu va fer així, i En Pere lo endemà tot con-
tent icap an es porí/ ben cregut de que se'n duia
una coca amb taiades de fetge.

Comença a donar-li clau tot-d' una que partí, i,
clavada ve clavada va, rac-arrac rac-arrac a ses i
taiades de fetge, i no los poría ter res.

Les retxava així meteix i los llevava qualque
llenca, perque tenía un barram de ferro, però no
'n pogué engrunar cap de tot. Íl, una després s'
altre, les arribà a tirar totes, i s' hagué de calar
sa coca rònega, que li durà fins an es port. —

Com e-hi'va esser, va tenir peresa d' haver de
taiar sa llenya, i se posa passetja qui te passetja
per devora s' aigo.

Com prou s' hagué passetjat, afina a ses coves
blanques (1) una cosa negre qui se bellugava.

S' hi acosta, i fonc un vell-marí qui feia es ba-
tegot demunt s' arena, i per cap vent del mon
poria arribar a S' aigo.

—é Vols que t' aitP diu En Pere.

—Me farías un gros favor, diu s' animalet.

En Pere s'hi abraona, i a força d' estrevades i
premudes l' arribà a s' aigo.

Es vell-marí pega unes quantes remades, més
falaguer que un pern de rita, treu es cap, i diu an
En Pere:

—Qualsevol cosa vulgues, no has de fer més

(1) Son a un costat del port de Manacor: la mar hi arriba en díes de
maror.
",NA
160,"150 RONDAIES MALLORQUINES
que dir: jPer virtut del vell-marí que's fassa tal
cosal/ i se tarà al acte.

e o Encara no hagué dit això, com pren sa fua per
endins, ben atacat, i no 'l veren pus.

—dAixí va això2 diu En Pere. ija mos dirà en
popa, si aquesta es veral jAra meteix vui fer ses
provesl...

Se'n va a un redol de mates ben espesses i
ben grosses, i diu:

—iPer virtut del vell-marí, que aquestes mates
quédien taiades i teixos tetsi

l aquelles mates /zas/ ja les veren amb so ra- l
bacell per amunt, i se'n ve tot amb-u un trebolí
de vent, les alça al aire fent-los ter es molinet, i,
com pegaren en terra, foren teixos fets...

En Pere los acaramulla, s' hi planta demunt,
di. — I

—iPer virtut del vell-marí, que aquesta llenya
se 'n vaja tot dret a ca-nostra, i que me duga a míl

l aquell caramull de teixos ja es partit, tot sol,
tira tira cap an es torn de sa viuda, amb En Pere
demunt, més aixencat que 's bal'le d' Artà.

No vos dic res la gent que trobava p'es camí,
si hi quedava embadalida veent allòl

Com entrà dins la vila, al'lots, donetes, tots ets
desenfeinats, li corregueren derrera.

Com fonc an es forn, duia un rossegai de gent
que parava es carrer més de docentes passes.

l ben alerta que anà En Pere a dir res des vell-
marí.

Sa mare ja no anà curtetjant pus de llenya per
fornetjar, perque an En Pere no més li costava
anar-se 'n an es port i dir:

—iPer virtut del vell-marí, que se tai aquesta
",NA
161,"EN PERE DES FORN 151
llenyal iPer virtut del vell-marí, aquesta llenya
cap a ca-nostral

, Un día se'n hi anava an es port, i devant s'
hort d' en Contes troba un homo que menava un
h ase amb uns escorbeis, que no teia ombra de ma-
gre. No li faltaven genoieres, bonys i esclatadu-
res, i ets ossos des molucs li toradaven es cuiro.

—eQue voleu. d' aquest ase, germàú2 diu En
Pere.

—Velt-aquí per no res, si'l voleu, diu aquell
homo. Tan meteix el duia a escoixar.

—ldò jau un sou pe 's dogal, i venga s' ase.

El se passa devant, i fris-tras tris-tras cap an
es port.

Un poc antes d'arribar a Sa Rella, troba un
homo que menava un ca qui claretjava de magre,
fermat amb un vencís.

—iQue voleu d' aquest ca, germanet2 diu En
Pere. :

—El poreu pendre per no res, diu aquell. Tan
meteix el duia a penjar, perque es tornat vei, i ja
no se guanya es pa, no s' acabussa.

—ldò jau un sou pe 's vencís, i venga es ca.

El posa demunt ets escorbeis a l' endreta, i cap
envant s' ha dit.

Devant Santa Cirga en troba un qui menava

l un moix que no més tenía se pelleta i ets ossos, i
el poríen travessar bellament amb una guya. El
menava termat amb una llenderina.
—eQue voleu d' aquest moix, germà2 diu En
Pere.
- i —Si el voleu per no res, preniu-lo. Era un moix
de primera, però es tornat vei, i ses rates ja se 'n
riuen, i el me 'n menava per ter-ne un serró.
dl
",NA
162,"152 RONDAIES MALLORQUINE S

—Idò jau un sou per sa llenderina, i es moix
es meu.

El posa a s' altre banda d' escorbeis, i de d' allà

"" s'ha dit. ,

Devers sa bassa rotja de Soh Suau troba un
homo amb un garrot que abaix feia rabasseta.

—iO quin garrotet tan garritl diu En Pere.

—il si vos sabésseu s' habilidat que tél diu
aquell.

—Veam digau-le 'm.

—lIdò, que'n dir-li. Pal-i-tocs, fes lo que sabs
fer,—s atúa a sa gent, i dona més garrotades que
'l dimoni, i a ferir. Desgraciat des qui li està de-
vant.

Un sou vos ne don, diu En Pere.

—Feta està sa barrina, diu aquell. l n' estic

l content, perque jo tenc un geni més curt que una
moneia, i, en fer-me gens es per que, me crem,
afúu es pal-i-tocs, i llavò es com En Peretjal, (1)
que, en sortir, fa joia. l

En Pere li dona es sou, i pren es pafi-focs i
de d' allà.

Demunt es Coll troba un homo amb una espa-
seta.

—jO quina espaseta més plaent, diu En Pere.

—il si vos sabésseu s' habilidat que tél diu
aquell.

—Digau-le ""m, si voleu.

, —lIdò, que en dir-li: /Espasefa, tfaia collsl jes-
paseta, no li amolls/—no 'n deixa cap demunt
ses espal'les, mentres n' hi venguen devant.

(1) Es un nigul baix, blanc i gruixat, qui surt en el grec. Si surt
corretjat, això es, encrevat amb altres niguls, denota algo. Si s' alça,
se fon, i se resol en vent. i
",NA
163,"EN PERE DES FORN 153
—Un sou vos ne don.
—Feta està sa barrina, i me feis ben content si
la preniu, perque tenc un genió com a toc, i sols
/ que m' apunten, ja hi abord s'espaseta, i llavò
5 me fa massa destroça.
En Pere li dona es sou, i pren s' espaseta, i cap
an es porí manca gent.
E-hi arriba, cerca un redol de mates que li agrat,
i ja diu:
eo —iPer virtut del vell-marí, totes aquestes mates
romanguen taiades i teixos fetsi i
Encara no hu hagué dit, com ra-rrac totes
aquelles mates amb ses rels per amunt i feixos
fetsi
Los compón fent garbera, hi fa pujar s' ase amb
sos escorbeis, i es ca i es moix demunt, e-hi puja
ell amb so pal-i-tocs i s' espaseta, i diu:
—iPer virtut del vell-marí, tota aquesta llenya
i noltros cap a ca-nostral
l aquell munt de teixos i ells icap an es forn
s' ha ditl i ben depressa.
Com sa mare el me veu amb aquell ase, aquell
ca i aquell moix, el se cuidà a menjar de noms
que li digué, però ell la s' escoltà tant com si li
haguessen tirades paies de Menorca.
Donà paia i faves a voler a s'ase, i pa blan i
OSSOS i connes de formatge i pellotes de sobras-
sada an es ca i an es moix, i aquells animalets
aviat posaren popes, i es pel los tornà una mica
lluent: no pareixíen ets meteixos.
l En Pere que no se 'n anava en lloc mai en no
L esser amb so pal-i-tocs i s' espaseta, encamellat
dalt s'ase amb sos escorbeis i es ca i es moix
demunt, un a l'endreta, s' altre a l' esquerra.
MR a
",NA
164,"154 RONDAIES MALLORQUINES

I tot-hom jalerta mosquesi an En Pere des forn.

En aquells temps el Rei tenía una guerra molt
encarniçada amb un altre Rei, i no la poría gua-
nyar per cap vent del mon.

Perdut de tot, fa unes dictes: que qui li fassa
guanyar sa guerra, sa casarà amb sa seua fia.

S' hi presentaren molts de prínceps i grans se-
nyors, ets més valents que 's passetjaven, però
tots, com prou havíen avençat, arribaven a fer ,
ets ous en terra, com ets sabel'lins.

En Pere des forn se 'n arribà a témer, i diu a sa
mare: :

—Me 'n vaig, i no tornaré que no sía gendre
del Rei.

Be plorinyà sa mare, be esqueinà i s' escabeià,
però no 'l pogué tòrcex

L' homo, un dia ben dematí ben dematí, s' aixe-
cà... antes de anar en lloc: posa ets escorbeis a

s'ase, i es ca i es moix demunt, s' aixanca ell a
's mig amb s' espaseta i es pal-i-tocs, i un pa i
una sobrassada dins sa taleca.

I—jErri, Gelat/—li pega ponyida an es golés
amb sa pua des canó de s' esca.

Perque no havía pensat a dir que En Pere tu-
mava amb pipa.

l en Gelat, trot trot, de d' allà capJa""ca 'l Rei.

Camina caminaràs, e-hi arriba des cap de tres
díes. l

E-hi havía una partida de criats a sa carrera que
feien la pretxa. ,

En Pere no aturà en Gelat fins que: los va esser.
demunt, i amb un poc més en trapitja un parei.

—eQue farem amb aquest ase2. cridaren aquells
fent-li amples. él aont teniu ets uis, que no veis
si trapitjau la gente digueren an En Pere.
",NA
165,"EN PERE DES FORN 155
—lI voltros éaont los teniu, que vos deixau
trapitjar2 respòn s' estornell.
l Ets criats el se miraren de dalt a baix a ell i
tots ets seus ormetjos, i quedaren sensa paraula
tot-d' una, però llavò li digueren:
—Germanet, i éque cercau per aquí2
—l équi voleu que cercP diu En Pere, sensa de-
vallar de s' ase. iVeiés si vos cercaré a voltrosi...
Tampoc no us e-hu de figurar tenir tanta mereixe-
ra... GE-hu voleu sebre qui cercP Idò el Rei. dQue
le hi trob tan meteix I
—Si que le hi trobau.
—Idò ique surtal
- -sAi que surta2 el que veniu de ses Arasses,
germanetP
—No, de ca-nostra.
—Í ide que anau per aquí2
—No es compte vostro. Voltros anau a dir an el
Rei que surta, que a posta vos pagan per servir.
—Però di tan barbatxo sou que no sabeu que /
an el Rei no li manen teines2 /
—Si no 'I feis Sortir, sabreu jo qui som.
El Rei sentí aquestes completes de nyic i nyiec,
i guaita per un tinestró.
—il ara que teniu2 digué an ets criats.
Però llavò reparà En Pere dalt s' ase, amb s' es-
paseta, i es pal-i-tocs, i es ca i es moix a cada
banda d' escorbeis, i li va caure molt de toc.
—iBon día tenga, senyor Reil digueren ets
criats.
l venga una bona vinclada de cos per devant.
—iOlal diu En Pere, llevant-se es capell tot-d'
una que 'l repara... éVol dir això es el Rei2... iBon :
día tenga, senyorl... Que no està trempadet2 :
P
",NA
166,"156 RONDAIES MALLORQUINES

—Si-Ia, ci tu

—Jo més que un rellotje, sobre tot ara que Il
veig.

—el de que va un homor

—Jo le hi diré: venia per ter-li guanyar sa
guerra. l

—eQue dius que taràs2

—iQue li faré guanyar sa guerral

—c Tu tot sol

— Amb aquests ormetjos que duc. l

ee —eQUE N0 Sabs tu que d' un Rei no se ""n riuen.
: —lI massa que hu sé. Jo no me ""n ric gens.
: —ecQue tens sa vida molt avorrida, molt avo:
rrida2

—ijEncobeíida ferm la tenc jol

—ldò, torne-te 'n per aquí ont ets vengut, abans
de pus remor.

—Jo me 'n guardaré com de caure. éNo ha fe-
tes Vossa Real Magestat unes dictes: que es qui
li tassa guanyar sa guerra, sia el qui Sía, se casa-
rà amb sa seua fía2

—Sí que les he fetes, però éque no veus que
si te 'n hi vas, a 's temps d' una cucavela de pussa
ja t' hauràn escabetxat2

—eQue n' escabetxen cap que no hi síaP

—No.

—Idò m' hi deix anar, i ja n' haurem raó d' aquí
set o vuit dies si seré jo s' escabetxat o si seràn
ets contraris.

o —cEs el dir que hu dius de bo que hu vols
provar 7

—iVaja si le hi dicl jAposta som vengutl Que
'm menen allà ont es sa guerral... Per un gust,
ique m' hi menent
",NA
167,"EN PERA DES FORN 157

Com el Rei ei va veure tan encarat, i per altre
vent que tots ets demés que s' eren presentats ha-
víen feta quetxa, va dir:

—No res, demà dematí jo me'n hi vaig, i po-
ràs venir derrera noltros, i t espassaràs es mal
de ventre. l

—Entenguem-mos, diu En Pere, per jo acabar
sa guerra, hem d'anar a mantengut jo i aquests
animalons.

—No tengas ansia, diu el Rei, no vos faltarà
manteniment, tant menjeu.

Lo endemà ben dematí partiren cap a sa gue-
rra, i el Rei no se poría treure des cap En Pere.

—jE-hu he de veure, deia ell, que tarà aquest
bo d'homol No porà dir que no l'haja avisat.
iQue d' aviat ell, s' ase i demés animalets los veu-
rem cames al aire i esclatatsi jiEll se deu creure —
que tot es bufar i fer ampolles:

Arriben, i se comença a preparar la cosa p' es
combat. 7

—Senyor Rei, digué En Pere, demàn per anar dat
devant de tot.

—lIdò ja t' hi pots posar. a

—En haver de rompre es toc, que 'm pegan crit

de j/Hala, Pere/

Com la cosa estigué enrengada, tot s' exércit
se posa en moviment, i En Pere, pipa encesa, de-
vant devant, demunt s'ase, amb so pal-i-tocs i s'
espaseta en sa mà, i es ca i es moix a cada banda
d' escorbeis.

Tot amb-u sent que li criden: /Ha/a, Pere/

Ell aquí diu:

—jiPer virtut del vell-marí,
que 's contraris no puguen ferir
P
",NA
168,"158 RONDAIES MALLORQUINES
ni s'ase ni 'S ca ni 's Moix ni a míl
i que es que noltros toquem
imenjen terra ferm)
Dit això, pega cimada an en Gelat i una bona :
ponyida an es golés, i aquell animal ide quatres
cap an ets contrarisl que 'l reberen amb una cala-
bruixada de pedres, però no sé que era: no 'l te-
rien.
—iPal-i-tocs, tes lo que sabs teri diu l homo.
iEspaseta, taia collsi
iEspaseta, no li amollsl
l es pal-i-tocs, igarrotades a dreta i a esquerral
4 i amb cada ventai un homo estés. l s' espaseta
iespasades d' un vent i de s'altrel i amb cada re-
vés un coll taiat. l En Pere ponyides an es golés
de s'ase, i S'ase cosses i alçades de cul, i, en I
tocar homo, ja no se 'n anava a penedir a Roma: 1
queia en terra tan llarc com era, i es ca i es moix
de dalt ets escorbeis imossegades i. arpadesi en
veure cap contrari avinent, i aquell contrari fufup (
pegava de copes, i ja no se 'n aixecava. Í es pal-i-
tocs que no s'aturava d'esclatar, caps i s' espa-
seta de taiar colls, i s' ase, es ca i es moix d' es-
baltir gent amb ses potes, amb ses barres, amb .
ses ungles, i aviat e-hi hagué una estesa d' ho-
mos, que feia teredat.
eQue me'n direu2 Ell com ets contraris veren l
es joc tan mal entaulat, se posen a recular, i aviat
ja deixaren es caminar p' es córrer, i e-hu donaren
a ses cames, carrera uberta, cridant:
sé —iQui 's pot salvar, que 's salvi l
, En Pere los encalçà una estona, però no los
pogué seguir, i al punt los varen haver perduts
de vista: ja no los veren pus, ni noves.
i
I
",NA
169,"I EN PERE DES FORN 159
El Rei no hi cabía de content, tot-hom botava
d' alegría. l
An En Pere, s'ase, es ca, es moix, es pal-i-
tocs i s'espaseta los passetjaren en triunfo per Vert
tot. : Se
El Rei digué:
—Paraula de Rei no pot mentir: En Pere ha
acabada sa guerraP En Pere s' ha de casar amb sa
meua fia. do 3
A ella li sabía una mica de greu així meteix,
com el veia tan revescós.
Li llevaren una mica es grops, l'esporgaren i
l enllestiren lo millor que saberen, i se va fer
s'esclafit, vui dir, se casaren, i venguen festes i
sarau per llarc.
Í En Pere que mai volgué abandonar s' ase, es
ca, es moix, es pal-i-tocs i s' espaseta, i tot-hom
li vel'lava es ble una cosa de no dir.
j I, respectat de tot-hom, va viure amb sa fia del
Rei com Juseph i María, anys i més anys:
ijo me'n vaig venir
amb un capellet de vidre,
i ets atlots pe 'S camí,
maquets i maquets,
i no me 'n deixaren bocí.
Torre Nova, Agost de 1897.
— oa a —
",NA
170,"G——SS——SDO——DS——SeO——DED——E
EC IC DC DE Lo dC DC El ,
3 (1
S'ESTUDIANT DE SA COVA DE SALAMANÇA
: —— Le o—t—
Aux era un homo d'Artà que tenía un fii
. ri 3
——— molt etxerevit, que havía nom Juanet. L
envià a estudiar a sa Cova de Salamanca, que era
s' escola aont apreníen més, i e-hi enviaven tots
ets al'lots que tenien mes suc de cervell.

Des cap d'un parei d'anys l homo va creure
que s' al'lot ja hauría aprés que li bastaria, i se 'n
hi anà, passat Tots Sants, per menar-lo-se ""n.

Com es mestre ""I sent, diu:

—No res: ara meteix los taré sortir tots: i Si el
coneixeu, el vos ne menau.

(1) La'm contaren el sen Toni Corder i el sen Toni Nebot, Leu, de
So 'n Servera: i el sen Sebastià Sene/ i En Juan Pussa, de Sant Llorens
des Cardessar.

Aguesta rondaia se veu que ve d' aquell temps que la gent confonia
la vertadera ciencia amb les arts màgiques, 1 se figurava que ets qui
estudiaven era d' aquestes arts que apreníen. Així varen néixer les tra-

ú dicions de les les coves de Toledo i Salamanca, com escoles de magia,
perque Toledo quant la hagué presa an ets moros Alíonso VI l' any
1085, i Salamanca quant s' hi fundà l' Universidat a principis del sigle
XIII, foren grans centres d' ilustració, aont acudíen estudiants a betzef
de Espanya i fora de Espanva. La fama de l' Universidat Salmantina
penetrà de tal manera dins el cor del poble mallorquí, que la cova o es-
cola de magia que el poble castellà situà devora aquella ciutat, el ma-
llorquí la situà Mallorca, devers les muntanyes d' Artà. Sobre les
Coves de Toledo I Salamanca se pot veure lo que 'n diu En Menendez i
Pelayo, Heter. T. Í. p. 579-588.
",NA
171,"S' ESTUDIANT DE SA COVA... 161

—dEs meu tii vol que no conega

—ldò no 'n parlem pus. l

eQue me 'n direu Ell teu sortir tots ets estu-

I diants en forma de calàpets, i allà los hauríeu vists
tots /reque-trec treque-trec per Sa terra.

N'hi hagué un que s'aturà devant s' artaner, i
amb una cameta de devant se torcava ets uis. L'
homo se 'n adonà així meteix, però ses derreres
que tengué de perpensar-se.

Ja li vengué ben de nou aquella partida de ca-
làpets.

Com toren passats, es mestre li demana:

—e Que no l e-hu coneguts

—iCom l'he d'haver conegut, si encara no
m' e-hu mostrat més que calapetumP diu s' artaner,
més de mig cremat.

—iBona casta de calapetum, diu es mestre.
iEts meus estudiants eren ellique son passatsi Í
éque no sabeu que jo d'ets homos en tas lo que
vui2... €O vos figuràveu que jo'm mocava amb
sa mànega, i que 'm requintaría amb so mostrar-
los just de lletra i contes2 Es qui surt examinat
de sa meua escola, jja li poren posar es dogal de-
munt es colll ni e-hi ha perill que travel, amb tota
sa mala petja del mon: sempre troba torat per ont
passar...

Podeu ter comptes quins uis devía badar s' arta-
ner com sentía aquestes comandassions. Capet-
jant deia entre sí meteix:

—iNo es mala berba aquestal Però equi ha vist
mai fer-me tornar s' al'lot calàpet2... iBona la
vaig fer d'enviar-lo aquíl... iMal no hi hagués
pensatl iAménl... Sobre tot, isi el puc treure ho-
mo dret i condret, no serà resi

Tom. lll—11
",NA
172,"162 RONDAIES MALLORQUINES

El pobre no hi veia de cap bolla. Tot ple d'
angunia, romangué per veure Si d'un vent o s' al-
tre treuría s' al'lot, perque vos assegur que le hi
tenía ben mal a pler dins sa Cova.

En sa nit devers les dotze sentí petjades que
s' acostaven, i una veu que li digué:

—Mon pare, ci com no m' e-hu, conegutP iJo era
aquell calapetet qui se torcava ets uis amb una
cameta. Com vos he vist, que vos me miràveu i
no 'm coneixíeu, no he pogut pus, i he esclatat
en plors. Si demà mos torna fer Sortir, i en veis
cap que taça sa meteixa senya, seré jo.

Sa veu s'apagà, ses petjades s' allunyaren, i
no donaren temps a s' artaner de dir res.

—No res, li diu es mestre lo endemà, perque
sou vos, les vos tornaré fer passar per devant.

Obri una partida de portes i batiports, i /regue-
trec treque-trec S' entrega sa partida de calàpets,
de bot de bot per sa terra.

N'hi tornà haver un qui se torcava ets uis amb
una cameta.

S' artaner mirava arreu ferm, el repara i diu:

o —Aquest es mon fii. -
que hu hèu —Si que'u e-hu endevinat, digué es mestre,
tot sorprés des bon ui que havía tengut s' artaner.

—Jo meteix me som fet es dogal, digué petit,
que aquest no 'l sentís. —iPerò e-hu veurem si el
se 'n menardl

Se gira a s' artaner, i li diu:

—Mirau, per jo deixar sortir es vostro al'lot a
llivell de no tornar, primer ha d'haver feta una
proesa. D' aquí no surt ningú sensa estar exami-
nat: s'exàmen serà que se 'n vaja a pendre ets
botifarrons a una possessió de per aquí devora
que hagen fetes matançes.
",NA
173,"S' ESTUDIANT DE SA COVA... 163

E-hu diuen a s' al'lot, i s' al'lot contesta: í

—lIdò ja veure aont tenc d' anarl

—A sa Ca-nova, (1) que mataren ets porcs des-
puisair. Ho sé perque mos enviaren present, com
e-hu tenen de costum. L' amo estudià aquí també,
i no se 'n oblida des mestre.

—Idò me 'n hi vaig, diu s' al'lot.

Pren es tapinets, i cap a sa Ca-nova.

Mirà be tots es camins, tiranys i dresseres que
de sa Cova de Salamanca duien a sa Ca-nova:
es camí bo feia una gran voltera, i e-hi havía un
tirany de cabres, que no més eren quatre passes,
però que, Si no 'l teníen ben paumetjat, amb una
mica d' un no res s' hi esgarriaven, i e-hi perdíen
es coní per dins aquells matars i mala petja.

S' al'lot feu just una passada p'es camí bo, i
una partida per aquella dressera tan curta, però
també tan envitricollada. La trescà tot lo dia, i a
boca de sól'lera digué:

, —Lo que 's diu ara, me puc presentar a sa Ca-
nova descansat.
Se 'n hi va, i com e-hi va esser, ja feia fosque-
ta. Trobà l'amo demunt es portal.

—iAlabat sía Deu, l amol

—iPer a sempre, bon jovel

—Si no vos dic per que venc, no hu sabreu.

—iSí que endevinesi

—lIdò jo me som alçat mercader de bous, i ve-
nía a veure si faríem qualque barrina. éNo 'n ten-
dríeu de venalsP :

—Si, però son a sa marina, i es enforet per
anar-hi anit. Romàn, i demà dematí mos hi espit-
Xarem.

(1) Possessió d' Artà, baix des Bec de Ferrutz.
",NA
174,"164 RONDAIES MALLORQUINES

 —Mercé me feis, romandré idò.

L'homo entra, i, mira qui mira per tot, aviat
l va sebre com estava aquella casa.

Es rebost tenía es portal dins sa cuina: i, men-

ç tres reçaven la corona, va veure passar sa ma-
dona i sa criada que hi duien, mig d' amagat,
enfilais de botifarrons.

Sopen, ets missatges, un després s' altre, se 'n
van a jeure, i ell se posa de corbeu dalt un pe-
drís de sa cuina.

—Al'lota, diu l amo a sa criada, treu un llençol
p'es mercader, i porà ter vía a jeure, que ja es
la mala hora.

—No us caleu molestar, diu s' estudiant, cap
llençol he mester, l'amo. Me sab greu anar an es
sostre perque deu negretjar de pusses, i en som

l massa anyívol. Ja m' ajocaré dalt aquest pedrís,
Si no vos Sab greu.

L'amo no se 'n acabava de fiar perque, com ell
també havía estudiat a sa Cova de Salamanca,
ses ombres d' aquell homo li semblaven més d' es-
tudiant de la sopa que de mercader.

Estigué incorregut de fer-lo anar per força an es
sostre, se'n va dins sa cambra, aont sa madona
ja se desvestía, i tengueren aquestes:

—No sé que m'he de dir d'aquest mercader,
diu ell. S' estima més, per jeure, es pedrís de sa
cuina que 's sostre.

—Idò, deixe 'l assaciar.

—Però tenc ànsia que no mos ne faça qual-
cuna, perque 'm sembla més estudiant de la sopa
que mercader... Í éque hi tens ets botitarrons dins l
es rebost

—Anit los hi hem duits.
",NA
175,"S' ESTUDIANT DE SA COVA... 165
—ldò idepressa a llevar sa clau des panyl que
no los mos faça seuvatjes.
S' estudiant se temé de tota aquesta conversa,
i, com sa madona anà a llevar sa- clau, el senti
amb uns roncos que feien retronar tota la casa, i
el va creure més adormit que una rabassa.
—No hi hauría importat llevar-la, digué sa ma-
dona com s'aticava devall es llençol. éAont la
vols2
—Devall es coixí es sa part més segura.
—eQue no sents ets roncos que ja fa2 No hi ha
que tenir por d' ell, nol
l —lIdò bada un poc, i per ventura te 'n duràs
qualque oblada...
—iCa, homol No plourà d' aquest tro... Ell lo
que 's diu tu sempre veus moros a la costa.
: —Idò jalerta tu a no veúure-los, i que, com te 'n
temes, ja t' hagen aplegadal
—éiA mi aplegar-me2 No basten tots ets moros
de Morería... i
—Deixa anar això, i acabem de dir es pare-nos-
ÍTOS, que encara mos ne falta un bon raig. l
' Acabats es pare-nostros, sa sòn los agarrota a
tots dos, i quedaren mes adormits que ún seuló.
S' estudiant, en que fes tan bons roncos, la te-
nía a ses soles de ses sabates a sa sòn, i reparà
de lo millor sa madona com llevava sa clau des
rebost i la: se 'n duia.
Com los-sentí que roncaven, se 'n entra de pun-
tes de puntes dins sa cambra, s' acosta an es cap
de sa madona, i escarnint sa. veu de l'amo, se
posa a dir-li com a mig adormiçat: l
—cAont es que l'has posada a Sa clau cAont
es que l'has posada2... i(Diguem-hol i
ds
",NA
176,"166 . RONDAIES MALLORQUINES .

—iJesúsi que tens ara2 deia ella adormiçada i
malembrosa.

—iSa claul... çA veure aont es sa clauP...
cAont l' has posadaP ,

—jAmb aquesta bona de claul... éNo hu sabs tu
aont es2...

—Però, idiguem-hol... iVajal

—Le tens devall es coixí, i m' has de venir a
desbaratar es sò, batzanot2 iNo 't vui sentir pusl...

Va esser ver que no'l sentí pus, perque s' es-
tudiant posa mà devall es coixí, treu sa clau, se 'n
va de puntes de puntes an es rebost. Obri, posa 's
botitarrons dins un covo, lleva sa barra de ses
portes de devant, i icap a sa Cova de Salamancal
per es camí bo, ben segur de que no importava
pendre sa dressera.

L'amo, recelós com estava, al punt hagué aca-
bat es sò: lo primer de tot, posa mà devall es
Coixí, i no hi troba sa clau.

Paupa qui paupa una i altre vegada, i la troba
manco. l

Pega bot des llit, se n va dins sa cuina, encén :
un llum: es mercader ja no hi era, es rebost esta-
va ubert..."" E-hi entra i no hi veu cap enfilai de
botifarrons, ni un per nat senyal.

—iNo la m' ha teta, que no la m' haja pensadal
diu més cremat que una espardenya. jAixò no pot

— esser més que un estudiant de sa Cova que deu
- ter s'axàmen. Me 'n hi vaig per sa dressera, i per
ventura encara los hi sauparé.

lja li ha envelat per aquella dressera, com un
coet, i, Si feria cap mac, rebotía bronint just una
bala. l

iQue me'n direu2 Ell fonc primer a sa Cova
que s' estudiant.
",NA
177,"S' ESTUDIANT DE SA COVA... 167

Se posa dret devora sa boca, i al punt el co-
lombra amb so covonet dalt s'espal'la, que se'n. — .
venia.

l que fa l'amo2 Se recordava prou de sa veu
des mestre, i se posa a escarnir-la, i la treia lo més
en el viu:

—eQue los duse li digué.

—iVaja, si los duci diu s'al'lot, ini ponedor
que no hi he deixatl

—iBe, homol... iAixí m' agradal... No res, ves
a treure es llum, i los mirarem, veam si son gaire
cosa... ijPosa es covo en terra primerl que deus
tenir s' ansa des coll que se romp.

—iCasi casil diu s' al:lot, ben cregut de que
allò era es mestre. /

Posa es còvo en terra, i se 'n entra a treure es
llum.

Va fer un poc de temps, perque no trobava
lluquets per encendre.

Com tengué encés, i Sortí demunt es portal, ja
no hi hagué mestre ni covo.

éCom e-hi havíen d'esser, si l'amo encara no
se va veure tot sol, com pega grapada an es covo,
i de d'allà s' ha dit cap a sa Ca-nova.

No prengué sa dressera perque venía massa l
cansat i per por de pegar una mala sótola, carre-
gat amb so covo.

Va pendre es camí bo, però no cregueu que hi
fes gaire fumades. Se'n anava tan atacat com
poría. :

Com s'estudiant se troba que es mestre i es
covo havíen descomparegut, e-hu va veure tot.

—jJja es l'amo que la m'ha fetal Se serà des-
pert, i m' ha trencat el devant per sa dressera. Ara

rr
",NA
178,"168 RONDAIES : MALLORQUINES
me 'n hi vaig jo, i si ell es p' es bon camí, encara
hu veurem qui la treurà proveíida...

lja li ha estret de d' allà ben acanalat.

Arriba a sa Ca-nova primer que l'amo, afina
uns copinyats: de sa madona estesos en es llenyer.
Les s' abriga, i s' acota lo meteix que si hagués
hagut de fer ses feines.

L'amo el punt s'entrega, amb uns alens: ben
espessos i tot cansat.

—é Vol dir los dus2 diu s' estudiant, escarnint lo
més en el viu sa veu de sa madona.

L'amo, ben segur de que era el/a, respòn:

—Los duc, però no valen tant ells com es can-
sament que 'm costen... iMal viatge ets botifa-
rronsi... que pens que no 'n tendré talent de tot
l any... Sobre tot, ja estic embotifarronat.

—No res, diu ella acotada encara: posa en
terra es covo, i ja l'entraré jo, i colguet, veam si
encara porés aferrar es Sò. l

—ldò ja los entraràs, diu l' amo, posant es covo
en terra, i entrant dins ses cases, paupant per no
trevalar a cap cadira.

Se'n entra dins sa cambra, i Sent alens. S' acos-
ta an es llit, paupa, i m' hi troba sa madona.

—iCom estam aquíP diu ell, i queda fret. jVeam

. Si tendré dues dones a poc pocl

Desperta sa que hi havía dins es llit, i ben se-
gur de que era sa seua de bon de veres, diu:

—iVeam ara sa de detforal... jE-hu tenc de veu-
re que serà aixòl

Surt demunt es portal, i ja no més e-hi hagué es
copinyats en terra, un tros enfora.

S' altre madona i es covo des:botitarrons eren
per sa dressera cap a sa Cova de Salamanca, i de
d' allà com un cavall an es cos.
",NA
179,"S' ESTUDIANT DE SA COVA... 169

—iJja es estat es polissó que m'ha tràit per sa
dresseral diu P amo. :

Pensa qui pensa quina la faria, se vest de dimo-
ni: pren sa dressera, i de quatres cap a sa Cova
de Salamanca.

Com e-hi arribava, era auba, i destría una gran
foquetería i gent arrol'lada.

Era que es mestre, tot-d' una que s' estudiant
arribà amb.so covo des:botitarrons, crida ets al-
tres, i diu:

—iHala a ter un gran fogueró deforal i demunt
sa calivera torram. ets botitarrons, i feim es val
Deu.

Com l'amo arribà, los troba que los hi tiraven.

—iOooohl Ooooht va ter tot-d' una, pegant
bots i fues, i amb sa barrota que duia, ibones po-
nyides i barrotadesi

—i El dimonit jiel dimonit... iJesús, Sant Antonit
digueren tots, i fogiren com a rates, i es mestre
que també hu donà a ses cames de denou que li
vengué.

L'amo s'aborda an es fogueró per veure Si
encara salvaría sa botitarronada, però casi tota ja
estava encesa. :

S' estudiant, que no més s' era fet una mica en-
fora, com veu el dimoni tan aticat an ets botifa-
rrons, i que allà tenía es guinneu, sa mal pensa i
diu:

—eUn dimoni tan atectat de pinyataP No serà
d'infern: serà de sa Ca-nova.

Per veure-hu més cert, li fa la senyal de la creu.

L'amo no se'n temé, remolca qui remolca es
caliu cercant botitarrons. l

S' estudiant se posa a cridar, tent lulea,

r d
",NA
180,"170 - RONDAIES MALLORQUINES

—iAleil jaleit... jun dimoni que no fuig de la
creul... jun dimoni de per-riurel... jiAleit jaleil

Com ets altres estudiants el sentiren, surten
correns.

L'amo, veent es joc mal parat i per por d'un
tas de llenya que no'l pogués arribar a sa Ca-
nova, deixa es fogueró, i icametes me valguenl
per sa dressera, cap a ses cases, maleint s' hora
que havía deixat colgar es mercader demunt es
pedrissos de sa cuina.

Es mestre i ets estudiants encara se pogueren
atapir de botitarrons des troços que no eren cre-
mats de tot.

Es mestre va dir a s' artaner:

—No hi ha remei, es vostro fii ha feta sa proe-
sa qui pertocava. Ja està examinat: el vos ne
poreu menar en voler.

—Ara meteix, digueren pare i fii, i ja Son par-
tits cap a Artà.

Camina caminaràs, de demunt una taruta co-
lombraren una partida de caçadors. Menaven un
escodró de cans qui teia por: n'hi havía d'er-
vissencs i de llebrers.

—Veis, mon pare, diu s'al'lot, si vos volíeu,
ara poríem fer una bona tibada.

—el de que diu son pare.

—Me pareix que sa faría envant a valer-mos
cent cinquanta lliures.

—Mostrau com...

—Veis, jo tornaré un ca llebrer de primera: me
menau per devora aquests caçadors. En moure
cap llebra, jo m' hi abort, contrapassaré tots ets
altres, i l'agafaré. Ets caçadors me voldràn com-
prar, vos fareu es desmenjat amb talent, vos po-
",NA
181,"S' ESTUDIANT DE SA COVA... 171
Sau a cent cinquanta lliures. En arribarvos-hi, deis:
vet-aquí es ca. Cobrau, seguíu camí camí, i, com
ells se'n temeràn, ja los hauré descomparegut:
tornaré homo, i vendré a vos com si res fos
estat.

Son pare tot-d' una morretjà una micoia, però
com anava curtetjant de doblers ferm, e-hi allarga
es coll, i digué:

—iHala, idò, veam com te sortirà aquestal
— S'al'lot torna un ca llebrer, ben taiat de tot. i
es més plaent del mon: cames primes, estret d'
illades, galera molt sortida, bon rabasser d'an-
ques... l

S' artaner s' acosta an ets caçadors, que com
veren es ca ja l escometeren:

—Germóú, di aquest ca es vostror l

—A ca-meua va néixer, i per meu el tenc.

—No té mala estampal... él ses obres

—Com ses des primer qui 's present.

—iLes veu partir a ses llebreso ,

—No n'ha vista partir cap mai que no l'haja
assolida. ,

— Vol dir també té bona embocada2

—El juc amb qualsevol. l

Mentres estaven amb aquestes, ets cans ervis-
sencs mouen una llebra, i ngip-nyep nyip-nyep,
i tots derrera ella com a coets. E-hi amollenies
cans llebrers, i s' artaner ja hi ha amollat es seu: i
ihala, petits, derrera sa llebral i no n'hi havía
cap que no hu fes de tot, però de tot, i sa llebra
qui rebotía, i vos assegur que allargava de casta
forta.

Es ca de s'artaner al punt hagué contrapassat
tots ets altres, i pega llongo, i ja veren sa llebra
",NA
182,"172 . RONDAIES MALLORQUINES
qui botí al aire fent es molinet, i es ca l engospà,
i ja es partit tot mes a portar-la a son amo.

Com ets caçadors veren allò, digueren:

—Germó,. aquest ca mos e-hu de vendre.

—Senyorets, no me'n parlen, perque no e-hi /
ha doblers en el mon per aquest ca.

—eQue 's això2 Vos no teniu s' aspecte d' esser
cap senyor, i tant meteix no poreu caçar. l sobre
tot, això es massa ca per vos.

—Es gust que tenen voces mercés, el puc tenir
jo. Sobre.tot, es ca no es venal.

—j Es que 'l mos e-hu de vendrel iDemanau des
cal

—é No he dit que no""l vui vendre

—Demanau des ca.

—Miren que jo taré demanar d' ase.

—Demanau, no temeu. f

—ldò per manco de cent cinquanta lliures no 'm
vui dester des ca.

— Cent cinquanta lliures Nostro .es es ca.

Un se posa sa mé a sa butxaca, i dany dany
monyí ses cent cinquanta.

S' artaner les s' embutxaca, entrega es ca, i se-

— gueix sa seua vía, tot dient: ,

—iQue se 'n puguen servir molts d' anys i amb
Deu siaul qe a

Camina caminaràs, encara no era passada mitja
hora com li compareix S' al'lot. 0 l

—iAquesta sí que m'es bonal diu son pare...
él ara ja los ets fuit2

ea —gAi idò2 diu En Juanet. iSabeu que los ho he
feta de be a sa gamenal Tot-d'una que los he
vists descuidats, m' atic dins un matar ben espés.
Com.se son adonats. de que jo faltava, que han
",NA
183,"S' ESTUDIANT DE SA COVA... 173
començat a ciular, jo ja era tornat homo que me ""n
venía cap a vos. €çAh idòP. ijUna altre vegada s' hi
miraràn més en so comprarl jEll son més cuitors
que ses guixesl

Camina caminarós, arriben tots dos a Artà.

Aquells caçadors, pegaren a sa Cova de Sala-
manca, i feien flamaradeta de sa passada des ca
llebrer que havíen comprat, i los havía descompa-
regut, i no 'n sabíen mè ni perdiu.

Com es mestre los sentí, los demanà ses senyes
des qui les ho havía venut, i coletgí que era S' ar-
taner.

—ija es En Juanetl diu ell entre sí mateix. iSí
que hi surt fil... i Ell me donarà set voltes a mi i
tot, si me descuit gensl... No puc fer cosa millor
que anar-hi, i arronsar-lo amb sa primera.

Dit i tet, parteix cap a Artà.

Com e-hi entrava, En Juanet era demunt es
portal de ca-seua, i l'aftina, i ja li va veure la
tela.

—Mon pare, diu tot-d' una, estam perduts, es À

mestre s' entrega per fer-me mal be. Jo tornaré un
cavall, me voldrà colcar. Vos no hi tesseu dos
mots, però jalerta a posar-me sa brillal isa cadena
m'e-hu de posarl Si'n posàveu sa brilla, no ""n
veuríeu pus.

En Juanet torna un cavall, i fac arriba es mes-
tre, i ja diu:

—iOla, quin cavallino/ ijo hi vui colcarl iPo-
sau-li sa brillat

S' artaner de trastornat que estava, en lloc de
sa cadena, li posa sa brilla.

les mestre ja li ha pegat bot, i cimada ve i

- — Cimada va, i aquell cavallet jde quatres i de d' allàl
",NA
184,"174 RONDAIES MALLORQUINES

tant com en poría treure. l com més corría, més
—cimades li pegava es mestre.

S' animalet al punt estigué remui de suor i blanc
de sabonera.

, . No poría pus, i es mestre llavò sí que n' hi do-
— nava de serdonaies i ventim.

Passen per devant ses cases d' una possessió, i
es cavall se com a renega, i es mestre icrits i tles-
tomíesi

Surt sa madona, i, compatida d' aquell pobre
cavall, se'n hi va a aixugar-li Sa suor i sa sabo-
nera des cap amb so devantal.

Es cavall no se va moure: sa madona sensa
voler li despassa sa brilla, s' animalet pega vo-
gada de cap i la se treu de tot: enverga aixec, i
ja veren es mestre al aire i de copes per sa terra,

l i aquell cavall icom la bala de d' allà, cametes me
valguenl

Torna homo, i cap a Artà.

Com e-hi entrava, se gira derrera, i veu es mes-

tre que se 'n venía rancatjant rancatjant de sa
gran tomversa, amollant més carretades de llamps
i pestes que pels no tenía demunt el cos.

En Juanet veu una dona qui tilava devant ca-
seua, i li diu: l

—jPer amor de Deu i María Santíssima, germa-
neta, feis-me un favorl

—Si puc, sí, Juanet.

—ldò jo ara vos posaré una magrana aquí 's
mig. Arribarà aquell homo que se'n ve rancat-
jant, i vos demanarà:—el En Juanet per ont ha
prese—Vos li deis: Aquesta magrana m' ha deixa-
da. l li pegau cossa, i me salvau la vida.

—é No vols res pus, Juanet2 :
",NA
185,"S' ESTUDIANT DE SA COVA... 175

—Res pus.

—ldò seràs servit: no tengues ansia.

En Juanet torna una magrana allà en terra.
Arriba es mestre, i demana a sa dona:
—Germaneta, cper ont ha prés En Juanet2 l

—iJesúsi aquesta magrana m' ha deixada aquí:
's mig. ,

En es meteix temps que deia això, pega cossa
a sa magrana, sa magrana s' esclafa, tots ets
grans s'escampen, i grans per aquí, i grans per
allà.

—iVal Deu i lloca amb pollsi diu es mestre. Í
al acte torna una lloca amb polls, i zas zas ven-
guen tots aquells grans de magrana. Al punt ja no
'n veren cap: tots ja eren dins es gavatx de sa
lloca o des polls.

Però justament los ne passà per maia un que
era caigut dins sa sabata d' aquella dona.

Aquell gra era En Juanet, i diu:

—iVal Deu i milana talconeral

Torna una milana talconera, i enverga tua a Sa
lloca i an ets polls, i amb quatre titorades los ta
benes, i no'n cantaren pus galls ni gallines des
mestre de sa Cova de Salamanca, aixamplà es
potons, i el dimoni el se 'n dugué.

En Juanet se'n anà a ca-seua, i va dir a son

pare:

—Mon pare, torn viu. Ben prim m' ha vengut
deixar-hi sa pell. Qui la hi ha deixada es es mes-
tre. Mos obrí massa es cap aquest homo, i tant
se pert el qui sab massa, com el qui sab massa
poc. En som sortit en bon nom d' aquesta, però
ja no me'n veuràn fer pus de proeses consem-
blants: vui esser com ets altres homos, i fora
treure pus cap peu des solc. l

ri
",NA
186,"176 RONDAIES MALLORQUINES
En Juanet va fer tenir veres aquestes paraules:
— —cercú aquells caçadors i los: tornà ses cent cin-

quanta lliures, i fonc un homo d' homos tota la
seua vida.

Ara Si se casà o si romangué fadrí, no som anat
a 'aclarir-ho.

Qui 'n vulga sebre la neta, que hu vaja a cer-
car.

Torre Nova, Agost de 1897.
",NA
187,"a -
CREC SR CES ES RES SD RES
dE SE DE DE DE DE SE DE ME In

EN PERE DE SA XUIA O
De fes

Aux era un fadrinardo que havía nom Pere,
mm atectat de taió, més beneit que En Pep de
na Sentèma: no sabía mai quin día havía menjat
pa, i li poríen donar entenent que la Mare de Deu
havía nom Juana, que Sant Cristòfol era nan i
que ets ases volaven.

E-hi havía una Juana més lletja que una brega
de moixos, però més viva de potencies que una
centella. Havia doblegats es trenta anys, sensa
que cap estornell li hagués demanat mai com va
la vida, perque tots, en veure-la de lluny, volta-
ven, de sa por que los teia aquella teristea.

Na Juana: que tenía una casera rabiosa, i En
Pere que també se desxondí de casta forta sensa
sebre per que, perque se temé que tots es des
seus temps ja eren casats i re-de-casats: un i altre
s' aluiaren, los va venir a la memoria que per falta
de garbaions xupen bonisses, i En Pere digué a
na Juana:

(1) La 'm contaren mos amics corals D. Pere i D. Juan Orlandis i
Despuig.

Tom. IlI—12
dd
",NA
188,"178 RONDAIES MALLORQUINES

—ç Que mos casamP

Í na Juana va respondre:

—yjAmen, que fos ara meteixl

Enllestiren la cosa, i se va fer s' esclafit.

Llavò es maldecaps foren per na Juana, per
que En Pere no se cuidava de dur busques an es
niu: estava sempre com embabeiat, pensant en
l amor de les tres taronges.

Tot li passava per alt fora es berenar, es dinar
i es sopar. Per no ter-hi falta i llevar concert des
vent, en volía amb qui alenava.

Na juana armà un porcell, i le hi feia anar a
pasturar, però llavò li fogía, i ella tenía ses feines
d' anar-lo a cercar.

A força de forçes es porcell arribà a porcastell,
i P engreixaren.

Vengut es triquet de vendrel, a na Juana no li
agradà es preu, i va dir:

—Mos convé més matar-lo, i el vendrem obrat,
i en treurem més.

El mataren, i l'obraren, però llavò no trobaven
compradors. ,

: En Pere un día diu:

—éSabs que faré jo, Juana Anar-me 'n a Ciutat
a vendre sa xuia gruixada.

— No, que t' enganaràn.

—Encara ha de néixer es qui m' ha d' enganar
a mí. /

Tan gremoletjà, que na Juana, per no sentir-lo
pus, digué:

—iO quin premai que etst iVeste 'n-hi en voler,
i no 't sentiré pusi

En Pere se carrega es dos corters de Sa xuia

gruixada, i diu a na Juana.
",NA
189,"EN PERE DE SA XUIA 179

—iHala Juanal eveiés que vols de Ciutat2

—Jo sols no hu sé.

—ldò, eque hem d' anar a damanar-ho an es
veinat

—No res: ja 'm duràs tretze paums de drap.

—No tengues ansia, los te duré. éQue no vols
res pus

—No.

—lIdò ia reveure, i amb Deu siaul

—iQue Deu te guart de perill, i torna presti

L' homo pren es camí de Ciutat i £ris-fras fris-
fras.

E-hi arriba, se'n entra per Sa porta de Sant
Antoni, i pren cap an el Socós, crida qui crida
amb tota sa força:

—iHala qui ""m compra xuia gruixadal jHala qui
la 'm comprat iHala, donesi iHalatl

El sent un teixidor, i deixa es telessos, i surt an
es portal, cridant:

—iGermàl iO germàl /

En Pere se gira, i diu:

—cQue voleuP

— Que vos compr tot es viatge. Demanau preu.

—Tretze paums de drap en vui.

—é Tretze paums de drap2 Vos ne daré vint, i i
meua es sa xuia.
4 —eVint, m' heu dit2 No, ell han d' esser tretze:
i per manco no la don. iPrimer consent a torna-
la-me ""n a sa casal

—Germó, di que veniu de ses ArassesP

—No es compte vostro de ont venc. Venga de
ont venga, tretze paums de drap vui des dos
corters. Si no los voleu dar, n' hàgem parlat prou.

—Però bé, eno vos he dit que vos ne vui dar. — .
vintP él qui 'n dona vint que no 'n dona tretze

ri
",NA
190,"180 RONDAIES MALLORQUINES

—iNo m' entrareu, no, per aquest ventl jSabeu
que sou de jove per enganar-me a míl

Es teixidor a la tí diu:

—éAmb aquestes hem d' estarP iVeam jo si seré
massa beneitl jMeua es sa xuia pe 's tretzel

En Pere deixa es dos corters, pren es tretze
paums de drap, gira en coa, i icap a /a oila falta
gentl

Passades ses Enramades, se posa a ploure, i
una brusca ben espessa. l

L'homo s'abriga es drap, i hala qui hala de
d' allà.

Devers es pinar de So 'n Sant Juan (1) s' atura
de ploure.

Es drap era tot xop, i En Pere diu:

—No res: el deixaré estés a un pinotell. Aixu-
garà, i, en tornar a Ciutat, ja'l me'n duré llavò
que serà aixut i re-d' aixut.

L' estén a un pinotell, i cap a la vila s' ha dit.

Arriba a ca-seua, i envest na Juana amb aquesta:

—iJa l' he venuda jal il ben aviat que l'he ve-
nudal

—l es doblers caont son

—e Quins doblers

—jEs que t han donats de sa xuia, troç de
cordal

—Ell no me 'n han donat cap. éçNo havíes dit
tu que volíes tretze paums de drap

—iSí que hu havía ditl

—ldò tretze paums de drap n' he demanats. Me
volien contentar amb vint, però m' han hagut de
donar es tretze. jNo m' han enganat nol

(1) Aquest pínar i l'aujub des lleters, que s' anomena més envant, se
troben anant de Ciutat a Algaida per el camín real.
",NA
191,"EN PERE DE SA XUIA 181

Com na Juana sentí es manifest, el se cuidà a
menjar frit.

—(An-e quiP deia tent sabonereta. dQui ha vist
mai donar dos corters de xuia gruixada per tretze
paums de drapP iY oterir-te'n vint, i no més voler-
ne tretzel jBestia, més que bestial

—ildò m' ho haguesses dit que 'n volíes vintl ,

—l éaont havía d'anar a creure que fosses tan
potenc-... Però bé: si es tretze paums que t' han
dats aont sonP

Com ell li va dir que s'hi era abrigat, i perque
feien raig i roi los havía deixats que aixugassen a
un pinotell des pinar de So'n Sant Juan, aquella
dona amb un poc més fa es trò.

En Pere, per por de no esser-hi demés, fogí: i
això el salvà d'una altre barrumbada més grossa
que sa que havia haguda de parar pe 's camí de
Ciutat.

Des cap d'un parei de setmanes digué:

— Juana ésabs que taré jo2 Anar-me 'n a Ciutat a
vendre sa xuia prima i ses sobrassades, i de pas-
sada duré es drap, que's segur que ja deu esser
aixut i re-d' aixut.

Na Juana esqueinà per llarc, però En Pere
havía aficada sa banya, i ase encarat deixau-lo
passar.

Sa carrega sa xuia prima i Ses sobrassades, i
hala qui hala cap a Ciutat.

E-hi arriba, i tengué s' acudit d'anar a entrar
per sa porta des moll.

Me veu un sulleri que tenía una garbera de
melons.

En Pere no n' havía vists mai, i S' hi planta de-
vant, badoca qui badoca, fins que entima aquesta
an es sulleriR.

ds
",NA
192,"182 RONDAIES MALLORQUINES

—Germú, i això éque sonP es

—iFosha d' aubal cçRe no hu veis Re sone /Mu-
lons/

—éiMulons2 diu En Pere, badant uns uis com
uns salers. él fan muletesP

—iNo n' han de terl iTotes ses he vuldreu/ diu
es sulleril, que ja va veure tot-d' una de quants
de punts se calçava aquell capbaixenc.

—Idò éque me 'n voleu baratar un de muló amb
aquests dos corters de xuia prima i aquestes so-
brassades.

—jPerlee sou vos, vaja per feta sa barrinal iVos
meteix triau es millori

—No, ell el m'e-hu de triar vos que sou més
intés.

- Es sullerich, veent que hi havía bona barrina,
li tría es muló més gros i que teia més bona cara.
El posa dins ses mans d' En Pere, i li diu:

—iFeis vía, germanet, tap a Xa-vostral Le no
faça ses muletfes pe 's Xamí.

En Pere amb so meló amb ses dues mans, vel""
lant-li es ble per que no hi hagués un denou abans
d'hora, ja es partit cap ala vila, fris-fras trís-
fras.

Devora s' aujub des lleters anava vorera vore-
ra camí: pega travalada, cau de folondres, i es
meló pe 'n terra: amb sa tomversa tot se xapà, i

bossí per un vent i bossí per S' altre.

A Sa paret de sa vorera hi havía una partida
de sarcantanes (1) qui se assoleiaven. Com veren

l caura En Pere i redolar es meló, foren ben promp-
tes d' enfonyarse cada una dins es seu forat.
(1) Una especie de dragons verts, molt afectats de solei.
",NA
193,"l EN PERE DE SA XUIA 183

En Pere les atina, i exclama:

—j Es/l ija son ses muletes que's muló ha fe-
tesi... ijAixí meteix hauría pogut esperar que arri-
béssem a sa casal... iPerò sa passada més bruta
es que ses mulefes ja me son fuites. iJo no 'n ha-
vía vists mai de nadissos com ellesi iTan meteix
es un poc gros sortir des muJó i al acte togir tan
falagueresi... Sobre tot, jno hauràn mester menar
per sa màl

Com prou espants hagué fets, diu:

—Ara no 'm queda altre remei que desfer aques-
ta paret, veam Si les assolim. :

S' aborda a sa paret, i lleva qui lleva roques, i
mira qui mira a veure si afinaria cap mulefa.

L'amo de per allà se'n tem, i se'n hi va co-
rrens, i ja li diu: i

—l ara équina la teimP

—Cerc unes quantes mulefes que un muló que
jo duia m' ha tetes, i se son enfonyades dins

l aquesta paret.

—eQue vol dir un muló ter muletesP

—Vol dir que me'n ha fetes, i amb un santia- l
mén: i son estades el dimoni per entonyar-se aquí
dins tot-d' una.

—Però i é que 's un m/nu/ó ara

—Un muló es un muló. Vet-aquí ets bossins que
se 's fet amb s' estrai.

L' amo se mira ets bossins, i veu que 's un meló
esbendrit, i exclama:

el això em direu que ha fetes muletes, troç de
betzol2

—iCom no hu he de dir, si jo meteix les he
vistes

—Jjo lo que vos dic que, si tocau cap pedra

f
",NA
194,"184 RONDAIES MALLORQUINES
pus de sa paret i no vos n' anau més que depres-
sa, vos hi enterraré devall aquestes que hu lle-
vades.

En Pere va veure que anava de bo, i hu donà a
ses cames cap a la vila, dient entre sí meteix:

—No res, vendré un vespre, que no 'm puguen
veure: I n'he de llevar de pedres fins que les
tenga totes a ses mulefes.

Camina caminaràs, com fonc an es pinar de
So 'n Sant Juan se cuidà a treure ets uis mirant
pinotells, però en lloc pogué afinar ets tretze

——paums.de drap.

—jiCom es vel'la crestal deia ell capetjant. iNa
Juana em matal iNo hi ha sperifo-fuó: me tarà
blaul

Va tenir raó. Com e-hi arribà i contà la feta, na
Juana s' hi aborda: li ungletjà Sa cara, li feu ver-
meies ses galtes, li esclafà es morros, i llavò li
bestregué amb so mànec de sa granera fins que
li arribà, perque En Pere, per no colar la vida,
e-hu donà a ses cames, i isi m' apleguesl

Des cap de temps, na Juana l'envia a dur lle-
nya pe 's fogó, perque l' havíen acabada:

Se 'n va a sa garriga des bal'le, i carrega.

Es bal'le le hi troba. Li sabía greu ferm que li
robassen sa llenya, i ja li diu:

—e(An es bal'le, que's es bal'le, robaràs sa
llenya, cara de poca vergonya Passem devant, i
cap a Sa presó.

—jCap a ca-meua me 'n vaig jo ellt diu En Pe-
re, fent carusses, com tenía de costum.

—é De mi taràs burla2 diu es bal'le, que era més
curt que una moneia. Ó

l ja li encivella matalotada i altre, i cosses i més

l COSSesS.
",NA
195,"EN PERE DE SA XUIA 185

En Pere, amb so ter-li tan prop, se desxondeix,
i enrabiat de tot etziba an es bal'le amb s' aixada
devers es polsos, i el deixà estés, amb so cap xa-
pat, i es cervell pe ""n terra.

Allà devora hi havía un pou, i le hi tira dedins.

Se carrega de bell nou es feix, i icap a ses
casesi

Trobava gent pe 's camí, i li deien:

—Pere, i ede ont dus sa llenya2

—De sa garriga des bal'le.

—el no li has demanada orde2 l :

—iOrde2 jiAra es hora d' ordesi

—ija te posarà a sa presó Si hu sabl

—iNo m' hi posarà nol jEll jo l he mortl

—Que vol dir: l'has mort

—l dins es pou que l'he tirat per tenir-lo més
segur.

La gent no 'l creia, perque el coneixíen, i no 'Í
miraven capés de tal atentat.

Arriba a ca-seua, i com na Juana sab lo suc-
ceit, pensa qui pensa com Sortir-ne de tal enderi-
vell, li vengueren dues idees bones de tot.

—Tu esperem: no't mogues d'aquí dins, diu
an En Pere.

Se'n va, compra un xot retut que un veinat
tenía, se 'n va a tirar-lo dins es pou aont En Pere
havía tirat es bal'le, i amb una aixada cava i gira
sa terra per tot allà aont va veure gens de sang,
a fí de que no se conegués res, i fins i tot rentà
es coll des pou.

Se 'n torna correns a ca-seua: aguía es Sopar,
i amb sa meteixa seguida ta taiadons de tota sa
xuia que li era quedada.

Fa sopar En Pere a detora, a Sa carrera.

z
",NA
196,"186 RONDAIES MALLORQUINES
Ella se'n va amb sos taiadons demunt es sótil,
— —djaes partida a tirar per Sa finestra una grapada
de taiadons i una grapada de taves, una grapada
de taiadons i una grapada de faves.

Es taiadons i ses faves queien devers En Pere
i Sa taula, i l homo, veent això. se posa a dir:

—jO Deul il plouen taves i xuial... jjuanal jO
Juanal... iPlouen faves i xuial... iSurt, veuràst

Llavò sí que'n tirava na Juana de taiadons i

Ó faves.

—il tens raó que n' han plogutl deia ella, sor-
tint desiara, i tornant-se entonyar per que en plo-
Quessen més.

Com En Pere va haver sopat i na Juana també,
se 'n van a jeure, es més descansats del mon.

L Sa bal'lesa fins a la mala hora espera qui espe-
: ra es bal'le, i ansia i més ansia, i es bal'le que no
compareixía.

Aquella dona arribà a estar dins un foc. Se'n
va a tocar an es veinats, al punt e-hi hagué mig
poble alt, i ningú sabía claricia de res.

—En Pere de na Juana ha dit que l' havía mort
i que l'havía tirat dins es pou de devora sa garri-
ga, deien uns.

—Bo està En Pere per matar, deien altres.

—Si hu hagués fet, no hu hauría escandeiat,
deien tots, i ategíen:

—No prengueu formetat an En Pere, que's
beneit.

Però es bal'le no campareixía.

Ni comparagué lo endemà ni lo endemóà passat.

A sa bal'lesa ja li havía agafat s' hesteri, l' ha-
víen haguda de colgar, i com que hagués de do-
nar l'ànima a Deu.
",NA
197,"EN PERE DE SA XUIA 187 :

La Justicia de Ciutat, entressentida de tot això,
se presenta a la vila per aclarir-ho.

No pogué aclarir sino que ningú sSabía que era
estat des bal'le, i que un beneit, En Pere de na
Juana, deia que l havía mort i que l havía tirat
dins es pou de sa garriga.

La Justicia se 'n va a ca En Pere. I

El m' apleguen, i li demanen:

—éSe conté veritat que tu digueres que havías
tirat es bal'le dins es pou

—Si que hu vaig dir, respòn ell tot tresc i ge-
nerós. Í ben ver que's que le hi vaig tirar, però
antes li vaig xapar es cap.

—iSenyoretsi deia na Juana plorant, que no 'l
creguen per amor de Deu, que 's beneitl jMés be-
neit que 's pa de monició, senyorets'

—iCallaut deia la Justicia, que això s'ha d'
aclarir.

—l per que li xapares es cap an es bal'les de-
manen an En Pere.

—Perque 'm volía tancar dins sa presó.

— —iQualquna en devías haver fetal

—Per un feix de llenya que me 'n duia.

—iDe sa seua garriga

—iVeiés si sería de sa meua, Si no tenc més
que es nou paums en es fossarl l

—lI éper qué li robaves sa llenya

—Perque na Juana l' havía mester pe's fogó.
iNo m' hi hagués enviat na Juanal

—Idò éque no li sabíes demanar d' orde o com-
prar-le-hi2

—Es qui té ha de donar an es qui no té.

— Senyorets, deia na Juana, ique 'l deixen anar,
que 's beneitl iTan cert com s' ha dita missa avui
que hu esl

X
",NA
198,"188 RONDAIES MALLORQUINES

—iBona casta de beneitl deia la Justicia. i Ell
surt com un pinyol de cirera a tot lo que li dema-
nenl

—Sobre tot, diuen an En Pere, anem amb nol-
tros an es pou, i tu que le hi tirares, el treuràs..—

—jAnemi diu ell. Ja 'I treuré ja, però m' hi han
d' amollar amb una corda.

—l depressa que t' hi amollarem.

—ldò el treuré. Ell e-hi ha d'esser per força,
Si ja no l han tret: perque lo que 's diu jo es ben
cert que le hi vaig tirar, i bon tutup que va fer.

Se 'n menen En Pere an es pou, i, fermat amb
una corda, le hi amollen.

Com arriba abaix, dins aquella tosca tan es-
pessa que hi feia de fondo que era es pou, se posa
a paupar, paupa qui paupa.

—ijjuanat cridà ell des cap d'un poc amb tota
sa iorça, ci es bal'le que tenía llana2

—eQue vol dir llana2 diuen es de la Justicia.

—Vol dir que ""n toc, respòn En Pere.

—cE-hu veuen2 exclama na Juana. eNo los ho
deia jo que es beneit es meu homo2 jVeiés es bal:
le haver de tenir llanal ique hu diguen tots ets qui
el coneixien Si en teníat

l En Pere paupa qui paupa, i torna pegar crit:

—jjuanal si es bal'le que tenía potonse

—eQue vol dir potonsP diuen es de la Justicia.

—Vol dir que ""n toc uns, respòn En Pere.

—cE-hu veuen, exclamava na Juana, com ho es
beneit aquest homo meu2 jiVeiés qui hu ha vist
mai es bal'le tenir potonst

Il En Pere que no se donava raó a ses mans de
paupar, i torna pegar crit:

—jJuanal ci es bal'le que tenía banyes2
",NA
199,"EN PERE DE SA XUIA 189

—eiQue vol dir banyes2 diuen es de la Justicia.

—Vol dir que ""n toc unes, respón En Pere.

—E-hu veuen2 clamàú na Juana movent avalot.
dE-hu veuen com ho es beneit i re-de-beneit aquest
homo meu2 jiVeiés aont s'es vist mai es bal'le
tenir banyesi

—iTreu-lo, tant si 'n té com si no 'n tél arriba-
ren a dir es de la Justicia, apurats de tot, i per
sortir d' aquell entrevers.

—iVajal... iferme ""Il depressat que ja hauría d'
esser dalt, li digueren.

En Pere ferma es bal'/e, i crida:

—iJja estàl itiraul

Tiren, i com ho tenen dalt, veuen que 's un xot,
es xot que na Juana hi havía tirat.

Tot-hom va romandre tret, sensa paraula.

—cE-hu veuen, deia aquella traidora, com no
era es bal'le2... ijo hi hauría posat es coll que no
hu eral ijQuin està En Pere meu per ter tal atentatl
iEll no es capàç de matar una pussal iSi es beneitt
iSi no sab quin día menja pal

Mentres tant treien En Pere des pou.

Com va esser dedalt, exclama tent-se creus:

—iCap com aquestal iHaver-hi tirat es bal'le, i
ara sortir-mos un xotl :

—iPerò si no le hi tirares, troç de cordal deia l
na Juana. iVajal... janem a ca-nostral iJa has des-
varietjat proul

—iTe dic que le hi vaig tirart deia es betzol.

—j Es teu asel deia ella. Í équin día le hi tirares2
iVeaml

—eQuin díaP iSabs aquell día que plovíen taves
i xuial

—eiQue has dit que plovíen2...

Tv
",NA
200,"190 RONDAIES MALLORQUINES

—iFaves i xuial eQue no te recordar iAquell día
que 'm feres sopar deforal

—cE-hu veuen2 diu na Juana a la Justicia. cEl
senten iVeiés ploure faves i xuial Qui hu ha vist
mai2... Encara hi posaràn duptes de que 's beneit
i re-de-beneit2

Aquí la Justicia i tot-hom s' enconcaren d' es-
pal'les, i digueren:

—No hi ha remei: ho es beneit i foris aquest
homo, i e-hi perdrem tot quant e-hi posarem.

Í na Juana agafa En Pere per sa mé, i el se'n
mena a ca-seua més que depressa.

Com e-hi foren, ella va dir:

—iMira, ja pots veure Si 't desxondeis de bon
de veres i si estàs més alerta, Si no vols arribar a
una torcal iSi ara t' he pogut treure des fanc, no
espers que t hi puga treure semprel jAra es estat
que Deu ho ha volgut i no mési... iUis espolsats
idò, i fora soni... o si no jte rompré una espal'
lal... (Com som dona que la 't romprél

En Pere va mudar de vert en blau: no deixava
mai es gonellons de na Juana, no teu cap bal'len-
dina pus, i visqueren a pler una mala ti d' anys: i
encara hi deuen viure Si no se son baraiats o no
se ""n son anats a veure Sant Pere.

i qui no hu creu, que ho vaja a cercar.

Manacor, Septembre de 1897.
———e— —e———
",NA
201,"SODLDLELDSDLLDOLLOS
CIRI CURID QURID UR) QURID QURI QRI QRI QI
EN JUANET Í ES GIGANT Y
—l———

Aro era un pare que tenía tres tiis: En Pere, l
Sl En Pau i En Juanet.

Duien es ca magre de tot, eren més pobres que
un ropit.

En Pere se posa per moço de fuster, però aviat
sa feina li pudí, i diu a son pare:

—Mon pare, tan poc devertida trob sa fam com
sa feina. Com veig que per aquí no me 'n veuré
venja mai, me ""n vui anar a cercar el mon, veam
si trobaré cap encaix.

—Greu me sab, fii meu, diu son pare, però no
't vui privar es gust.

En Pere tocà soletes, i cap a cercar el mon, sen-
sa comanar-se a Deu ni a Santa María.

Camina caminarés, horabaixenc, topa a unes
casotes, veu una dona qui filava demunt es portal,
i P escomet.

—jAlabat sía Deul

(1) La 'm contaren En Toni Garrit de Sant Llorenç des Cardessar, i
En Xerefí Bua i el sen Jaume Carrió, Fontpella, de So 'n Servera.
OR 3
es.
O
dFORD
",NA
202,"192 RONDAIES MALLORQUINES
—Per a sempre, jovenet. l ede que vas per
aquíP
—Tresc el mon, cercant ventura.
—Ventura2 iNo hu sé si 'n trobaràsl Va massa l
fuita.
—Jo hi posaré tots ets medis, germaneta. I di-
gau-me: éno 'm donaríeu posada per aquesta santa
nitP
—Jo ja te 'n donaria, però es meu homo es gi-
gant, i sa menja la gent. En que síes tan magrel""
lo, encara en faría una bona vega de tu. l
—Jo m' amagaria dins es sostre, devall sa paia, l
i no m' afinaria.
—Si te 'n aconhortes...
—Me 'n aconhort.
S' amaga dins es sostre, devall sa paia.
Dins una estona se 'n ve es gigant, amb unes
bones passes.
Ensuma qui ensuma, se posa a dir: l
—iSent olor de carn humanal
iJa 'n menjarem aquesta setmanal
l iQui es passat per aquí2
—No es passat ningú, diu sa dona, en no esser
un parei de corps i voltors, i ja los correràs derre-
ra amb un pa calent.
—iTe dic que sent olor de carn humanal jben
certl jben certl
Cerca per tota la casa, i no troba res.
— Si no es dins es sostre, diu a la fí, no sé aont
puga esser. 3
Se 'n va dins es sostre, gira una mica de paia,
me guipa En Pere: el punx a un burjó, el rosteix
",NA
203,"EN JUANET Il ES GIGANT 193
lo meteix de sa porcella de Nadal, i el va trobar
més saborós que sucre.

Des cap de temps, En Pau, que s' era fet pica-
pedrer, se cansà d' esser-ho, i diu a son pare.

—Mon pare, veig que he pres un mal ofici: tots
ets picapedrers moren de mala mort. Me 'n vaig
a cercar el mon, i poría esser trobar qualque en-
giny de viure, més talaguer.

—PFii meu, diu son pare, fes lo que vulgues, i
Ho 't queixaràs de ningú.

En Pau pren es bobiot, i de d'allà, sensa co-
manart-se a Deu ni a Santa María.

Camina caminaràs, horabaixenc, topa an aque-
lles meteixes casotes que 'n Pere. E-hi havía sa
meteixa dona qui filava, i ja l escomet:

—jAlabat sía Deul

—Per a sempre, jovenet. l éde que vas per
aquí, si no es massa preguntar

l —Tresc el mon, cercant ventura.

—No hu sé que 't faràs Si 'n trobaràs gens.
iSabs que va de caçadal

—iSempre arribarem a qualque mical No s' ha
de perdre mai sa confiança.

—Ell ets contiats van a infern.

—Sobre tot, germaneta, eno 'm donaríeu posa-
da per aquesta santa nit

—Jo te 'n donaria, jovenet, però es meu homo
es gigant, i sa menja la gent. iSabs quina vega
que 'n faría de tu, maldement vages tan prim de
lloms:

—No hu descrec, germaneta, però veis, jo m'
amagariía dins es sostre, devall sa paia: i no se 'n
temeria.

-— Si te 'n aconhortes...

Tom. lll—13
",NA
204,"194 RONDAIES MALLORQUINES
-—l depressa.
S' amaga dins es sostre, devall sa paia.
Dins una estona s' entrega es gigant, amb unes
bones passes.
Ensuma qui ensuma, se posa a dir:
—IiSent olor de carn humanal
iJa 'n menjarem si 'l dimoni no mos enganal,
cQui es passat per aquí2
—iQue sé jo qui es passatl diu sa dona. jSa
derrera pussa que m' ha picat de anar-ho a mirarl
—iTe dic que sent olor de carn humanal jTe
dic que ""n sent.
—ildò sentin... iHala, a soparl
—No, ell jo n' he de veure la fí d' aquesta olor.
ja es partit cerca qui cerca per tota la casa, i
no veia fressa de res. (
—eEn no esser que venga des sostres diu des
cap d' una bona estona.
Se 'n hi va, gira una mica sa paia, i me troba
En Pau. l
El punx a un burjó, el rosteix justitet sa por-
cella de Nadal, i amb quatre xuclades el s' hagué
passat.
De bo que 'l trobà, se 'n xupava es dits.
Des tres germans ja no més quedava es caga-
nius, En Juanet, que s'era fet ferrer, i era S'al'
lot més llevent i destre per tota cosa que se fos
vist mai: pesava es sol abans de sortir. l
Un día agata son pare, i li diu:
—Mon pare, no es que no m' agrat s' ofici de
ferrer: però éque voleu que vos diga2 No som fet
jo per estar sempre dins sa lloriguera. Creis-me,
",NA
205,"EN JUANET l ES GIGANT 195
si m' han d' agatar a mí, no serà cap fura que m'
agaí. Haurà d' esser un ca llebrer i d' aquells més
abrinats, que sía com es vent i de bona embocada
termi... iVaja, me 'n aniría enderrer d' aquest mon,
si 'm morís sensa haver teta una eixida: A

—Fii meu, diu son pare. vaig donar es Si an
En Pere i an En Pau, i no'l puc negar a tu.
Ves-te'n en voler: tes es teu gust, i no 't queixa-
ràs de ningú.

En Juanet pensa qui pensa quina cosa sería mi-
llor que se'n dugués, que 'l pogués treure des
fanc a un cas de casos, arriba a dir:

 —No res, taré tres tascons de terro, que seràn
bons de dur, i poría esser que 'm fossen cent ca-
. valls qualque día.

Los ta, i li vengué s'idea de fer-ne altres tres
de tanc. Los ensalga dins pols de cagaferro, i los
asseca an es Sol.

Los se posa dins sa teleca, i ja li ha envelat de
d' allà.

Camina caminaràs, horabaixenc, topa an aque-
lles meteixes casotes que 'n Pere i En Pau.

Filava demunt es portal sa meteixa dona, i ja
l escomet:

—jAlabat sía Deu:

—Per a sempre, jovenet. él de que vas per
aquí, Si no es massa preguntar

—A veure si trobaré cap conveniencia.

—jAlerta a trobar-la a sa man-revés/

—iDeixau estar s' ansia per míl An es qui qual-
ca, no li digueu: servet. Jo, lo que vos volía de-
manar, si'm donaríeu posada per aquesta Santa
nit.

—Es meu homo es gigant, i sa menja la gent.
Per part meua porías romandre.

rr
",NA
206,"196 RONDAIES MALLORQUINES

En Juanet afina devall sa porxada un carro de
parei amb una bona estora.

—i Vos n' aconhortau que m' embolic dins aque-
lla estora des carro2 i si m' hi afina, ja va.

—Per part meua, emboliquet-hi.

S' hi embolica amb sa teleca.

Es gigant dins una estona, fris-fras fris-tras,
s'entrega amb unes bones passes.

Ensuma qui ensuma, se posa a dir:

—iSent olor de carn humanal
Ja 'n menjarem aquesta setmanal
cQui es passat per aquí2

—iQue sé jo qui es passat ni qui ha deixat de
passari diu sa dona. iHala si sopam, i a jeurel

— Te dic que sent olor de carn humanal En
sent, i n' he de veure la fí.

lja es partit cerca qui cerca per tota la casa, i
no guipà res. Se' n va dins es sostre, gira tota sa
paia, i manco.

Com sortía des sostre, En Juanet amb una re-
bel'lada se desembolica s'estora, se'n va cap a
ell, tot rabiu, i li entloca aquesta:

—iOlal jAlabat sía Deul Com vos va2 cQue ja
vos ne volíeu anar a jeure2 Es massa dejornl

An es gigant li vengué de nou de tot que 'n
Juanet li sortís tan fresc, tan xalest, i que li me-
nús tan poca por: quedà com abil'lat.

En Juanet, veent-ho, cobra coratge, i li enfoca
aquesta altre:

— Si no vos dic per que som vengut, no hu sa-
breu. Jo som un al'lot que tenc un barram bu-
farell de tot, i me passeig p' el mon per veure Si 'n
",NA
207,"EN JUANET I ES GIGANT 197
trobaré cap de més tort. M' han dit: aquí dalt e-hi
ha un gigant, que per ventura le hi tendrà. l jo he
dit: idÒò anem-hi.

Aquesta altre sortida Si que li vengué de nou an
es gigant. No se 'n poría avenir.

l En Juanet que va reprendre tot remolest:.—

—Com jo fris molt, lo millor serà provar-mos
ara meteix. No res, donau clau an aquest, veam
si l engrunau.

I li tira un tascò de ferro.

Es gigant no tengué més remei que pegar gra-
pada an es tascó. El se du'a sa boca, i, rac-arrac
rac-arrac, clavada ve clavada va, amb tota sa
força. Es barram li croixía, brollava sabonera i
sang a la vela, però es tascó no s' engrunava
gens. Ni una llenqueta li pogué ter botir.

—jiVeam, engrune ""I tut diu a la fí, tirant-lo an
En Juanet.

En Juanet l' aplega, i fou tan talaguer de mans,
que, sensa que's gigant se'n temés, el barata
amb un d' aquells de fanc. El se du a sa boca, i
rac-arrac rac-arrac, a's temps de dir una Ave-
Maria, el va haver tet miques.

Es gigant queda tret, i se pensa aquesta:

—Lo millor serà llogar-lo per missatge, i així el
poré experimentar, i Si li trob sa matute, el punx
a un burjó i el rostesc.

—Escolta, revel'ler, diu an En Juanet, éque te
vols llogar amb mí

—Si 'ns avenim des preu.

—eQue has de guanyar

—Un ase carregat de doblers.

—e Que dius que faràsP

—Lo que hu sentit.

i
",NA
208,"198 RONDAIES MALLORQUINE S I
— jUn poc ne llevaremt
—Ni una maia.
Es gigant va dir entre sí meteix:
—No res: jo ara hi abonaré. i llavò ja cobrarà
d' esquena o de costelles, lo que s' estim més.
—Sobre tot, diu an En Juanet, évols un ase
carregat de doblers2 El te daré, i morta.
—ldò, ja som missatge vostro, ja poreu manar
feines.
Lo endemà dematí es gigant li diu:
—Aniréàs a dur un teix de llenya des pinar:
l l quatre ensenays per sa cuina. l
En Juanet se carrega s' axingler des carro i una
destralota, i cap an es pinar.
E-hi arriba, i se posa a tomar pins.
Es gigant el vel'lava, i amb quatre bots s'hi .
tira, i ja li diu:
—el que fas, homo2 éNo t havía dit jo: quatre
ensenaisP
—Es ver, però jo he dit: lo millor es sortir-ne
d'un aixec: taiaré es pinar, en fas un feix, i el
me 'n duc a ses cases, i així en tendrà de llenya l
sa madona, tant cuin.
, Es gigant s' ho va beure, i diu entre sí meteix:
—iCom es vernedíssim, quin revel'lerl ijFer un I
feix des pinar, i dur-lo-se 'nl... iCom que no diga
rest iMos hi sortirà arromengatl... Lo millor que
puc fer, abans de més raons, es agafar aquests
pins, i dur-los-me ""n, i tora pus provatures.
Dit i fet, aplega es pins, los se:carrega, i cap
a ses cases.
—eVol dir ja no n'he de taiar pus de llenya,
l amo2 deia En Juanet.
—No, responia es gigant, anant-se 'n ajupit aju-
pit amb so gran feix.
",NA
209,"EN JUANET l ES GIGANT 199
—Esperau, l'amo, vos aidaré, deia s' estornell.
Es gigant no hu va voler, i a força de premu-
des i gemecs arribà a ses cases.
—Lo endeméó diu an En Juanet:
—Toca, ves-te 'n a dur una gerreta d' aigo.
lli dona una gerrota com una bota de mena.
—cAixí va això2 diu En Juanet.
Agaia una aixada, un càveci una senaia, se
carrega sa gerrota, i cap an es pou manca gent.
E-hi arriba, i comença una gaveta voltant vol-
tant.
Es gigant el vel'lava i se 'n hi va correns.
—el ara que fase li diu. ENo t havía manat que
duguesses una gerreta d' aigoP
—Es ver, però jo he pensat que lo millor sería
fer una gaveta ben fonda aquí, voltant voltant,
arrabassar es pou de rel, i dur-lo-me 'n a ses cases,
i així excusam aquest batre d' haver de córrer per
un gerricó d' aigo. jiSabeu que 's de descansat
tenir s' aigo en casal No es pagat amb diners.
—iFosca d' aubal diu es gigant, iquin estornellt
Engrunà amb so barram es tascó de ferro, volía
fer un feix des pinar, i are vol arrabassar es pou
de rel, i dur-lo-se 'n a ses cases... jCal jcal Això
es senya de brut.
—Mira, diu an En Juanet, deixa anar aquesta
 varera. iQue estiga es pou allà ont estàl que, com
le hi feren, senyal de que le hi volíen.
Amolla sa gerrota dins es pou, la treu, la se
posa demunt s' espal'la, i cap a ses cases.
De tot lo día no se pogué treure allò des cara-
baçot.
—iVaja quína passada amb aquest homol deia
ell. él de ont deu esser sortits No 'm convé gota
dl:
",NA
210,"200 RONDAIES MALLORQUINES
tenir-lo pus amb mí. Se 'n empendría, i me jugaría
a la pilota. Es massa llest...

Després de tirar molts de plans, pensà de me-
nar-lo-se 'n a veure dos germans seus, gigants
també, a fi de fer-li sa gamena entre tots tres,
perque lo que es ell tot sol no 's donava amb cor.

Lo endemà dematí li diu:

—Juanet, hauríem d' anar a veure dos germans
que tenc jo devora So 'n Servera, dalt es puig de
sa font. çE-hi ets estat mai2

—No, l'amo, però estic molt content d' acom-
panyar-vos-hi. l

Partiren, i de d' allà.

Com e-hi foren, es gigant parlà de petites amb
sos dos germans seus. En Juanet escoltava tan
arreu, que los guipa es xerro, i diu entre sí me-
teix:

—Voltros me voleu atabacar i sereu ets ata-
bacats.
ee —Mira, Juanet, li digueren ells. Noltros tenim
de costum es provar-nos sa força, i an es qui pert,
ets altres li peguen una clotellada. Í qui ve aquí
s' ha de provar, en que 'l dimoni en pas.

—ildò endevantl diu En Juanet. jA veure a ne
que mos hem de provarl

—iA ne queP diuen ells. A tirar enfora aquesta
bota de ferro.

Era una bota que pesava cent quintars.

Un gigant l'agafa, li dona una mica sa vogada,
i—ia la unal ja les duesi ja les tresi jzast—la tira
amb tota sa força cap a So'n Servera, i sa bota
pegà devant ca s' Hereu. (1)

(1) Aquesti ets altres punts, que s' anomenen més avall, venen de
filera entre el puig de sa font (ont se suposa que eren ets gigants) i la
mar.
",NA
211,"EN JUANET Il ES GIGANT 201
Es meteix que l' havía tirada se'n va a dur-la: l
i, duita, un altre gigant l'agata: li dona també sa
vogada una mica, i—ja la unal ja les duesi ja les
tresl izasl—la tira amb tota sa força, i sa bota
caigué demunt es puig de So 'h Corp.
Es qui l havía tirada se'n va a dur-la: i, duita,
es derrer gigant l'agafa: li dona sa vogada, ií—
ja la unal ja les duesl ja les trest jzast—la tira
amb tota sa força, i sa bota pega dins S' estanc
d' En Xinet.
Aquell meteix se'n va a dur-la: i, duita, diuen
tots tres: I
—iHala, Juanetl jara 't toca a tul
En Juanet gira sa vista devers mar. Endins en-
dins, per s' endret des puig de So 'n Corp, casi a
s'entrellum, se destriava una barca. Agafa es
capell amb una mé, i ibones capellades cap a sa
barcal
—l ara2 diuen ets gigants.
—Fas senya an aquella barca, diu En Juanet,
per que se decant.
—iAquella barca de s' entrellumP
—Aquella meteixa..
—El que t' es a tu si se fa envant o enrera
—A mi no res, a ella Sí. :
—el que li ha d' esser a ella2
—Que si no se decanta, li tiraré Sa bota demunt,
i barca i mariners tot a fons: no se 'n escapen.
Ets gigants se miraren tot esglaiats uns amb al-
tres, i exclamaren: :
—eQue es això2 é Justament has de tirar sa bota
allà endins2 jTira-la per sa part de terral
—iAixò si que no hu farél Per s' endret que l'
e-hu tirada voltros, l' he de tirar jo. iAixí se veurà
Si vos contrapés o nol
s
",NA
212,"202 RONDAIES MALLORQUINES
-— ll homo icapellades i més capellades an ets
mariners d' aquella barcal

—iPerò, homo, li diuen ets gigants. l equi la
treu a sa bota, si la mos tires allà endins2

—jPocs maldecaps en tenci Ja plorarà qui serà
sa marel Es qui la vulga, ja l' anirà a treure.

Ets gigants començaren a ter contes, se sepa-
taren d'ell, i deien: i

—iLa mos taràl... iJa hu veureu que la mos (
tarél

—il la hi arribarà a sa barcal deia es qui l havía
llogat, i la hi farà anar a fons. iMassa el conec
jol... iNo la hi deixem tirar a sa botal que no la
veurem pus. Perque lo que's diu jo, vos ho dic
devant devant, no hi aniré a treure-la: me ""n
alluix.

—l jo per lo meteix, diu s' altre.

— —l jo que no dic res, diu es derrer.

—ldò que no la tir, diuen tots tres.

Se 'n van an En Juanet, i li diuen:

—Mira, no importa que la tirs: mos donam.

Figurau-vos si e-hi degué estar ben content En
Juanet. No li taltà gaire per posar-se a botar.

—L' amo, digué des cap d' una estona, ja veure
quina la feim aral éAont hem de termar s' ase2

—Sabs que mos ne porem tornar.

l se'n anaren frís-fras fris-tras.

Ets altres dos gigants digueren an es seu ger-
mà, com el despediren:

—Si no vols que 't taça morir vert, paga-li sa
soldada, tot-d' una que arribies, i abreviel, com
més prest, millor. eQue no veus que 's fet de ses
recoladures de Judes, i que'l dimoni no més li
guanya de banyes2
",NA
213,"EN JUANET Il ES GIGANT 203
—Però jiell es per un ase carregat de doblers
que 'l tenc contractatl digué / amo.
—lIdó dona-le-hi abans de més remor, si no tens :
sa vida avorrida, i una altre vegada miret-hi més
en so llogar gent i en so ter barrines. i
Es gigant lo endemà agafa En Juanet i li diu:
—Mira, he pensat de pagar-te sa soldada, i te'n
porés anar. No t' he mester pus.
Li carrega s'ase de doblers, i En Juanet, ben
content, de d' allà cap a ca-seua. l
Cada instant se girava derrera per veure si es
gigant l encalçava, perque no se'n poría avenir
que fos estat tan lliberal de pagar-li sa soldada
de tot un any, allà ont no més l' havía tengut sis
o set díes, i llavò una soldada tan grossa. Í no
s' aturava de dir:
—Si per desgracia se refà i ve, Deu no hu per-
mete, en fa unes xeremíes des meu cuiro: no me ""n
escap.
Va tenir raó, es gigant se relé a impugnes de
sa dona, que 'l dimoni la se'n duia com va sebre
que havía donada tanta doblerada an aquella mica
de missatge i per tants pocs díes d' haver-lo ten-
gut.
—iParteix de quatres al actel li digué, i encara
seràs a temps d' aplegar-lo.
Es gigant la va creure, i ja li ha envelat, co-
trens derrera En Juanet. l
En Juanet el colombra de lluny, i aque fa ell2
Amaga s' ase dins un romagueral, i ell s' ajeu
a's mig des camí, cames i braços al aire, com si
hagués d'amparar cosa que anés a caure-li de-
munt. l
Arriba es gigant, i, com el me veu d' aquella
manera, li demana:
, si
",NA
214,"204 RONDAIES MALLORQUINES

—l èara que fas

—iQue he de teri diu s'estornell. S' ase, que
m' ha feta malicia, i li he encivellada cossa a sa
panxa, i l'he tirat tan amunt tan amunt, que l he
perdut de vista. l ara esper que caiga, per ampa-
rar-lo amb ses mans i es peus: no fos cosa que, si

, l pegava en terra broixa, tot s'esclatàs, i qui ten-
dría es mancabs seria jo. I... iteis-vos entora vos,
més que depressal que, si per causa vostra, S' ase
tengués un denou, vos pegaré cossa..., que no
vos veuràn pusl... jHalal jarruix de per aquíl

Digué, tent ensigne d' aixecar-se.

Es gigant no l'espera, sino que's feu trons de
s'ase i des doblers, i per por d' una cossa que 'l
fes botir demunt qualque nigulat o devers sa llu-
na, gira en redó, i jcametes me valguen cap a
ca-seual , l

Il va dir a sa dona:

—cQue te penses2 Ell l he trobat d' esquena,
cames al aire, perque amb una cossa havía tirat
s' ase tan amunt, que no 'l destriaven, i esperava
que caigués, per amparar-lo per que no se tes

/ mal.

— Que me dius2

—Lo que sents. Í m' ha entimat que si no me ""n
anava més que depressa, me pegaría cossa, que
no 'm veuríen pus. il la m' hauría pegada es di-
moni, com dos i dos fan quatrel I m' he estimada
més la vida, que s' ase i es doblers... Sobre tot,
si tan enamorada n' estàs, e-hi pots anar tu, veam
si 'l ginyès a donar-los-te.

Sa giganta rendí bandera, i no esqueinà pus.

En Juanet arribà a ca-seua ric i ple, i donà a
son pare unes veieses de primera: ni un senyor
estava més regositjat.
",NA
215,"EN JUANET Il ES GIGANT 205
L'homo cercà una al'lota, ben pleient de cos i
d'ànima, se casaren, i encara deuen redolar p' el
mon, si no los se 'n han duits an es cementeri.
Í qui no hu creu, que hu vaja a cercar.
Manacor, Agost de 1897.
£
",NA
216,"Ce De SE P ee EP
, aC a ds Ll a LL
Es Gallet, s'anyellet, sa Godineta i es drac P
ae
Au era un gallet de ca 'n Aixut, 2) un anye-
——— llet de ca 'n Cusseta, i una godineta de
Caubet. S' havíen de mirar molt en so anar p' es
mig, perque a sa Murtera blanca hi havía uu drac
que n'era afectat term d' animalons com ells, i
encara no se 'n era vist assaciat mai.

Un día es gallet, més entonat que un primatxer
de la Seu, se passetjava per devall es parral de
ca 'n Aixut, i zas li cau una fuia de pàmpol de-
munt sa cresta.

—iAil diu ell, espolsant de casta forta. cQue
no estarem segurs... jVeam si es parral i tot se
serà girat contra aquesta pobre cresta meual

Com prou hagué esqueinat, va dir:

—Sobre tot, aquí no hi ha qui hi estiga. Me 'n
vaig a cercar uns altres paratges més habitadors,
aont al manco puga tenir sa cresta segura.

(1) La'm contaren D.a María Mascaró i Reus, de Campanet: na Ra-
fela Calona, de So 'n Servera, en Felip Guiraud i Llobera, de Pollensa, i
madò Francina Camps, de Puigpunyent. La Sra. Mascaró situava el fet
a Campanet, ets demés no designaven lloc.

(2) Aquest lloc i ets altres que s' anomenen tots son de Campanet
",NA
217,"ES GALLET, S' ANYELLET,... 207

Dit i tet, pren es capbussot, i per avall.

Troba s' anyellet de ca 'n Cusseta qui pastura-
va, i ja l ha escomés:

—iAlabat sía Deul

-—Per a sempre: dl aont tiramP

—A un altre terra que sía un poc més habita-
dora que a ca 'n Aixut.. A

—ç Tan malament t"" hi campesP :

—Figuret que tins i tot ses fuies de sa parra se
son girades contra mí.

—él que 's estat

—Que una me's caiguda demunt sa cresta, i
amb un poc més la m'engruna tota... iVajal es
una mala terra. Sobre tot, no hi vui habitar pus:
ique hi habit el dimonil Í tu aque 't creus que no 't
convengués més també venir amb míP Es ver que
ningú sab més es mal de s'olla que sa cuiera:
però jo 't posaría unes massionetes que no hi estàs
gaira regalat a ca 'n Cusseta. No duríes ses om-
bres tan mortes si t' hi campasses be.

—iNo puc bravetjar gaire, no 't tasses contesi
digué s' anyellet, posant-se tot pensatívol.

—iVaja, creu-mel diu es gall, ino hi penses pusi
ianemt... Ell no porem perdre gaire: i, sobre tot,
més malament que aquí no hi estarem.

—ldò ique 's faça trons ca 'n Cussetal janemli
diu s' anyellet.

l ja li han envelat per avall tots dos, i de d'allà.

Camina caminaràs, troben sa godineta de Cau-
bet furga qui iurga dins s' ermàs, i ja P escometen:

—jiAlabat sía Deul

—iPer a semprel jiD' estornells de beuradal él
que sou voltrosP él aont tiramP

—A cercar una altre terra, aont e-hi haja més
bons viures.

: d
",NA
218,"208 RONDAIES MALLORQUINES
—el tan dolents son es de per aquíP.—

—i Trobes que son gaire bons, i t has de cui-
dar a rompre aquesta reia (1) teua per assolir qua-
tre porredellsP é Trobes que es de raó que una
godineta com ets tu hages de palanquetjar tot lo
día dins aquest ermàs, grufa qui grutaP

—Però be, diu sa godineta, ci que 'n veurem
altre nat, mentres siguem en aquest mone Veam
com mos omplirem sa panxa si no mos ho bes-
quetjam.

—Però tampoc una criatura no s' ha de matar
per viure, diu es gallet. I sa feina que per aquí un
ha de ter, mataría un ase... Tu lo que has de fer,
venir amb noltros, i veuràs que 'n farem de gam-
bades, i que mos hi dirà de be.

Tant l'arribaren a ponyir a sa godineta, que
la ginyen a anar-se 'n amb ells, però se deixà sa
baga de que, en no agradar-li sa mostra, tornaria
a Caubet, perque lo que deia ella: val més lo
dolent conegut que lo bo a conéixer.

Partiren tots tres, conversa tirada, i hala qui
hala per avall.

Camina caminaràs, horabaixa de tot, sa godi-

neta diu:

—i Ell hauríem de veure aont mos ajocam anitl

—iCa, donat diuen es gallet i s' anyellet. i Ell
es dejorn term per aquestes cosesi jja hu veurem
en venir sa foscal

—ldò jo trob que ja passa d'hora d' haver-hi
pensat. iFigurau-vos que se'n venga es drac de
sa Murtera blancal

(1) La reia dels porcs es el nas, perque los serveix per furgar l re-
moure la terra, com Si fos una reia.
",NA
219,": ES GALLET, S' ANYELLET.... 209

—i No espers es drac per aquíl iSabs que mos
hi som fets d' enforal iNo vendré, nol

—jAixò està a sebrel sobre tot, en temps de
pau comprau armes: jo 'm vui preparar per un Si
acés.

—ijesúsi diu es gallet. Lo que 's diu jo pocs
maldecaps en tenc. éSabeu que taréP Me plomaré,
i de ses plometes taré una caseteta: m' hi tanc
dedins, i ique 'n venguen de dracsi

—l jo que me tondré, diu s' anyellet, i de sa
llaneta també em taré una de caseteta. M' hi
tancaré dedins, i, si acàs es drac s'entrega, li
diré: pren la tresca, tiet, ja mos veurem devant
Campos.

—l jo, diu sa godineta, que no tenc plomes ni
llana, sino quatre serres de mala mort, m' hauré
d'enginyar per altre vent. Jo turgaré turgaré, i,
si trob cap gangaia, (1) me'n vaig a ca's terrer.
Me farà unes casetes de terro, m' hi tanc dedins,
i no hu crec que la 'm toc a sa xuia es drac, Si
s' entrega.

Dit i tet, es gallet zas zas, se ploma, de ses
plometes fa sa caseta, s'hi tanca dedins, i ibona
nit tots plegatsi ibona nitl

S' anyellet gic gic, se ton, de sa llaneta fa sa
caseta, s' hi tanca dedins, i jibona nit tots plegatsi
ibona nitl

Sa godineta, hala qui hala turga qui turga, tro-
ba dues gangaies ben grossotes ben grossotes.
Se 'n va correns a ca 's terrer, li fan unes casetes
de ferro: s'hi tanca dedins, i ibona nit tots ple-
gatsi jibona nit

Ra Es un troç de ferredura o planxeta de ferro llarguera, per l'
estil.

Tom. lII—I4
Ra
",NA
220,"210 RONDAIES MALLORQUINES

Se colga, i se posa tan a pler, que havía de fer
godins, i los fa, i Surt una ventrada lo més.aven-
guda i garrida.

eQue me 'n direu2 Ell devers mitja nit s' entre-
ga es drac de sa Murtera blanca, que no havía
pogut aglapir res en tot lo sant día.

Se 'n va a ses casetes des gallet, i foc foc.

—cQui esP diu es gallet.

—Amics, diu es drac: jobri ""ml ò

—No, drac nyac, que me menjaríeu.

—Obri ""m, que fa trons i llamps, i un 40720 poría
tenir una desgracia.

—é Trons i llamps2 Jo no 'n sent cap.

—ildò en tal sobre tot, plou i me bany.

—ldò ja vos aixugareu demà.

—Mira que, Si no obris,

brufaré i xuclaré
i la caseta t' esfondraré.
Es gallet no anava d' obrir, i diu:
l —Brufau i xuclau,
que la meua caseta no cau.

Es drac pega brútfol, ses plometes volaren, i
amb una xuclada se tira es gallet dins sa butza, i
ibona nit, pastoral :

Se 'n va a sa caseta de s' anyellet, i foc foc.

— —sQui esP diu s' animaló. /

—Amics, diu es drac, jobri ""mi

—No, drac nyac, que me menjaríeu.

— Obrim, que fa trons i llamps, i un 4omo po-
ria tenir una desgracia.

— ec Trons i llamps2 Jo no 'n sent cap.

—Te dic que 'n ta. Sobre tot, plou i me bany.
",NA
221,"ES GALLET, S' ANYELLET,... 211
—ldò abrigau-vos amb so rabacell de sa coa.
—Mira que, Si no obris,
brufaré i xuclaré
i la caseta t' esfondraré.

S' anyellet no anava d' obrir, i diu:
—Bruíau i xuclau,
que la meua caseta no cau.

Es drac pega brúfol, sa llana volà tota, i amb
una xuclada se tira s' anyellet dins sa butza, i
ibona nit, pastoral

Se 'n va a sa caseta de sa godineta, i foc foc.

—eiQui es2 diu sa godineta.

— Amics, diu es drac. jObri ""ml

-- No, drac nyac, que me menjarieu.

—Obri, que fa trons i llamps, i un 4omo poría l
tenir una desgracia.

—éTrons i llamps2 Jo no 'n sent cap.

— Te dic que ""n fa. Sobre tot, plou i me bany.

—lIdò així vos retrescareu.

—Mira que, Si no obris,

brufaré i Xuclaré
i la caseta t' esfondraré.

Sa godineta no anava d' obrir, i diu:

—Brufau i xuclau,
que la meua caseta no cau.

Es polissó se pensava sortir-ne amb un brúfol:
en pegà un, i un altre, i un altre, amb tota sa
força, que com que es seus pits s' haguessen d'
esbendrir, però sa caseta de sa godineta, com era
de ferro, no se va moure gens.

iQue me'n direu2 Ell es drac se'n hagué de

Ll
",NA
222,"212 RONDAIES MALLORQUINES
tornar per allà ont era vengut, cap a sa Murtera l
blanca, sensa esser estat capàç d' arribar a sa
xuia de sa godineta.

—iGran polissonal deia ell. ijLa m' has de pa-
garl

Des cap d' un parei de díes e-hi torna, a entra-

. deta de tosca, per veure Si la trobaría descuidada.

Troba tancat, i foc foc.

—eQui esP diu sa godineta. l

—iObril diu ell. iHem d' esser amicsi

—- çAÀmics de berretP2

—No, de bon de veres. jObri una mical

—Ja estic colgada, i no m' aixec.

Es drac e-hi pensa una estona, i diu:

-—iSabs que poríem anar a fer una bauxal

— dEn aquesta hora bauxes2

— No, demà matí.

—Be, di que ha d' esser aquesta bauxaP

—Una panxada de figues a s' hort de s' Au-
queria.

— Que tan meteix n' hi ha cap2

—eSi n'hi ha cap2 il de ben crivelladest... i
com es dos punysl Avui meteix en som passat...
Fan mengera, fieta.

—Be, i a ne quina hora hem de partir.

—S' hora que vulgues. Tu meteixa...

—ldò en cantar sa cucuiada: (1) i ibona nitl que
no e-hi veig de son.

l es drac se 'n hagué de tornar cul batut i cara
alegre.

Sa godineta be prou que li va veure la tela an
es bergant, i diu:

(1) Aquests aucells no tenen hora fixa per cantar: en canten a totes
hores. El drac no s'hi fixà, i així la cucuiada pogué enganar-lo.
",NA
223,"ES GALLET, S' ANYELLET.... 213

—iSi tu 't creus haver-me per aquest vent, bona
oblada te 'n duràsi

S' aixeca ben dematí ben dematí, i cap a s' hort
de s' Auquería falta gent.

Fonc tan el diantre, que tengué tranc d' enfi-
lar-se a una figuera, i ijvenguen figues i figuesl

iHo eren com es dos punys, i ben crivellades, i
brufadetes de roadal

El Rei no 'n menja de millors.

Com sa godineta començava a estar a coses
de raó, S'entrega es drac tot rabiós, remugant
remugant:

—iNo sé que dimoni deuen haver tengut ses
cucuiades avuit ijCap n' he sentida piular:

— jEll deus tenir ses oreies de fustl diu sa go-
dineta. Lo que's diu a mi, m' han cuidat a fer es
cuc de s'oreia malalt.

—ijo t ho diré ara si les tenc de fust a ses
oreies o ses dentsi diu es drac. jAra les me paga-
ràs totes plegades ses que m' has fetesi jAra te
mengi

l ja està entilat per sa Soca, i rispada ve i rispa-
da va, però no poría aterrar gens. ,

Aquí sa godineta se posa a tirar-li tigons i fi-
gues grenyales p' ets uis, i no errava cap tir, los
hi endevinava sempre.

Al punt es drac los tengué plens de lletrada: se
posaren a plorar-li, li teien un mal que no era so-
fridor. Aviat no hi va veure, i se bolcava pe 'n
terra, de desesperat que se veia.

Sa godineta pega bot de sa figuera, i com un
llamp, cap a ses casetes.

Es drac hagué de mester una partida de díes

per adobar-se.
",NA
224,"214 RONDAIES MALLORQUINES

Tot-d' una que comença anar bo, ja li envela
cap a veure si trobatía sa godineta descuidada,
per ter-li ses afeses.

E-hi arriba, entradeta de fosca: troba tancat,
i foc foc.

—e Qui es diu ella.

—iObri un pocl diu es drac.

—Ja estic colgada amb sos godinets, qui dor-
men, i no los vui trencar es Sò: no 'm moc.

—e Tant prim dormen Això es malavesar-los.

— Cadascú s' entén i foris.

—Es que jo venía perque hem d' esser amics.

—Be, ja serem tot lo amics que volgueu, però
jo a ca-meua, vos a ca-vostra, i efs assofants a
ca'n Coll. Il éque no 'n dúieu mes de fresques

Es drac e-hi pensà una estona, i a la ti diu:

—Venía també a convidar-te per una bauxa'de-
mà matí.

—I éaont devers
.e —Allà-dessà s' hort de s' Auquería: que has de
creure, fieta, que hi he vist un ciuronar, que no
son tot berbes sa bajocada que s' hi es penjada.

—Be, i éa ne quina hora partimP

—S:' hora que tu vulgues, tu meteixa...

—Idò en sentir cantar sa cucuiada.

—ijustament sa cucuiada 1

—Si no hu voleu, no hi venc.

- Es drac e-hi hagué d' allargar es coll perque
va veure que no hi havía altre llivell per aplegar
sa godineta.

—No res, idò: així quedam, digué.
l se'n va haver de tornar, just amb s' espe-
rança de lo endemà dematí.
—iJa tendràs bons ciurons, com som dracl deia
s' animal, fent sa tel.
",NA
225,"ES GALLET, S' ANYELLET.... 215

l es bàmbol no veia que sa godineta li havía
tornat afinar la tela, i no s' aturava de dir:

—iJa hu crec poc que tu m' apleguesi

Tres hores antes de s'auba se lleva, i cap an
es ciuronar.

—S' aborda an aquell bajocam tan atepit, i das-
sa qui dassa, se 'n posa una panxa com unes xe-
remíes, i quant encara no més veien una mica de
fumeral a llevant, ja tornava esser dins ses ca-
setes.

Auba clara de tot, es drac sent una cucuiada
piular.

—Ara es s' hora, diu es betzol.

Li estreny cap an es ciuronar amb uns bons llon-
gos.

No hi trobà sa godineta, i espera qui espera que
vengués.

Se feu es sol alt, i sa dimoniera que no compa-
reixía.

—iJja la m' haurà tornada teri diu ell tot ento-
riolat. jA mi no 'm falten a la paraula d' aquesta
maneral Ara meteix me 'n hi vaig, i allà ont la
trob, la m' empessol. :

Se 'n va a ses casetes, troba tancat, i foc foc.

—eQui es2 diu sa godineta.

—Jo som, diu ell. l caixò es manera de cumplir
sa paraula

—el aont me veniu ara, poca cosa2 diu ella de
dedins. Després de no haver comparegut, encara
vos ne vendreu amb aquestes2

—é Jo no he comparegut2 i ara en venc, que he
cuidat a caurer mort d' esperar-te.

—ildò e-hu fet massa tartl Sobre tot, Si no 'n
duis més de fresques, vos ne poreu tornar per

x
",NA
226,"216 RONDAIES MALLORQUINES
aquí ont sou vengut: que ara es godins mamen, i
no 'm vui enfadar, que sa llet no los tes mal. Í ses
raons sien acabades.

iJa se 'n hi anà escoat i morrotós es drac, com l
hagué sentides aquestes comandassionsi

Pensa qui pensa com li hauría de fer sa garan-
gola an aquella polissona, no dormí de tota sa nit,
i lo endemóú no cerné tampoc de son cedés en tot
lo sant día.

Horabaixa de tot. se 'n pensà una.

—iSi amb aquesta rio la sefalci diu ell, ja serà.
el reverent dimoni.

Se 'n hi va i foc foc.

—eQui es2 diu sa godineta.

-——Som jo, diu ell, que venc a demanar-te un fa-
Vvor.

—jiVeam quin esl

—Que entre la paga m' hauríes d' esplugar, que
estic ple ple de pois. No sé aont los puga haver
aplegats.

—Com esplugar-vos, diu sa godineta, no vos
puc esplugar, perque tenc mal a un genoi.

—jEspluguem per amor de Deul que 's pois me
menjaràn de viu en viu.

— Tan encarat e-hi estàs2 diu ella entre sí me-
teixa. Ja t' esplugaré, i t assegur que no te 'n han
de fer pus de pessigoies es pois, icom som godinal

Se 'n va an es godinets, i les diu, ben petit ben
petit, a s' oreia:

—En dir-vos: duis-me sa pinta,—me dureu sa ,
destral. En dir-vos: duis-me s' aclaridor, —me du- J
reu es taiant.

Llavò s' acosta a Sa porta, i crida es drac.

—No res, eque hu deis de bo que vos he d' es-
plugar2
",NA
227,"ES GALLET, S' ANYELLET.... 217

—l tant de bo. ena

—ldò, passau es cap p' es forat des moix (1).

—dP' es forat des moixP Í jjono sé perque no
obrisl — , —

—iCal no hu paga. iVaja, espediul ipassau es
capi ,

Aquell troç de pa 'mb-oli passa es cap.

Sa godineta le hi paupa una mica, i diu:

—Si que 'n tèniu un bon esplet de pois. jAviat
no vos ne sentireu cap'

—Godinets, diu ella, arrambau-me sa pinteta i
s' aclaridoret: sa pinteta primer.

—Jau, digueren ells, i li allarguen sa destral.

Ella la pren, enteterra destrelada a s' animalot,

: ili ta botir es cap a 's mig de la casa.

Llavò diu:

—Godinets, duis-me s' aclaridor.

Li donaren es taiant: obrí ses portes de pinta en
ample, i pega trinxotada a sa butza des drac.

La hi xapa en creu, i surten brunents, com un

: pinyol de cirera, es gallet tent /guec-quere-quecl i
s' anyellet /mèèè/ jmèèè/ I sa godineta i es godi-
nets s' apleguen amb ells, i /nyi/ jnyil jnyil

Allà los n' hauríeu vists fer de bots, esquerevits

i xequelines a tots aquells animalons.

No hi cabien de contents.

—Cavallers, va dir es gallet, de bona me som
escapat: voltros tereu lo que voldreu, però jo me
Yn torn a ca 'n Aixut abans de més raons. Ara veig

"" es desbarat que vaig ter d' anar-me '""n.

—il jo que m' espitx a ca 'n Cusseta més que
depressa per sa meteixa raól diu s. anyellet.

(1) El forat redó que les portes de les cases solen tenir abaix per
que 'Ils moixos puguen entrar i sortir.

s
",NA
228,"218 RONDAIES MALLORQUINES
—il jo que vos acompanyaré fins a Caubet, í
uis de criatures nades no veuràn que 'n torn Sortir
diu sa godineta.
l es gallet i s' anyallet i sa godineta i es godi-
l nets ja foren partits correns, tant com en poríen
treure, cap a ca-seua, fent a sebre a tot-hom que 's
drac nyac de sa Murtera blanca estava sensa cap
i Coll.
Ljo vaig venir amb ells
fins en es pou de 'n Gatells,
i de llevò ensà
no los he tornats trobar.
Torre Nova, Agost de 1897.
——É—É— tl P Da té Fe
",NA
229,"Et SE Este
EE ME RE aa el SE LS IP DS LE RS a SE ae
ES LLADRE FADRÍ Í ES LLADRE CASAT Ò
Ei
Aux era un al'lotellot que se passà per s' es-
mi cudeller de fer-se lladre. Fuig de ca-seua,
que eren bona gent term, i se'n va a s' homo més
lladre qui se coneixía dins Mallorca, i li aboca

tot-d' una:

—Venc perque vui esser lladre com vos.

—el e-hi has pensat beP diu es lladre.

—ESi e-hi he pensat2 Que si vos no 'm voleu per
deixeble, me 'n aniré a un altre.

—No res, per jo admetreli't, hauràs de fer s'
examen.

—El puc ter ara meteix.

Es vei el se'n mena dins un bosc, baix d'un
pi molt alt, i li diu:

—i Veus aquell empepussat d' ensenais allà dalt2
Es un niu de corp: sa femella ara hi cova. Es teu
examen ha d'esser que li has de pendre ets ous,
sensa ella temer-se ""n. I

—lIdò esperau un poc, diu s' al'lot.

(1) La 'm contaren el sen Pere Gofze, de Manacor, i el sen Toni Ne-
bot, Leu, de So 'n Servera.

s
",NA
230,"220 RONDAIES MALLORQUINES

lja està entilat per sa soca d' aquell pi, i jper
amuntl tan falaguer i tan a les sordes, que una ta-
ranta, entilant-se p' es seu fil, fa més remor i més
sa torniola. Arriba a sa rama i a s' empepussat, i
ja se posa lleva qui lleva ensenais de devall es
niu, i llavò sí que ""'n movía poc d' estabeig.

éQue me 'n direu2 Ell sa temella no 's temé de
res, i li foradà es niu, i li Saupà tots ets ous.

Així com les hi prenía los s' aficava dins ses
butxaques. l

L' homo devalla, i, com es abaix, es vei diu:

—e Que tan meteix los hi has espampolats2

—lI depressa.

—Veam-los.

Es fadrí posa mà a ses butxaques, i no se 'n
hi troba cap: ses butxaques eren toradades.

—iRe-cent-mil dimonist diu ell icap com aques-
tal l equi dimoni me deu haver foradades ses but-
xaquesP Jo se ben cert que no les hi duia.

—Tens raó, diu es vei. Som estat jo que me
som enfilat derrera tu, i mentres llevaves ensenais,
amb unes tisores les t' he foradades:, i com t' hi
posaves ets ous, ja queien dins sa meua mà, per-
que jo hi parava devall. l ara veuràs Si dic ver:
velost-aquí tots an ets ous.

llos hi mostrà sensa que n' hi taltàs un.

—No res, diu es vei, desde ara quedes exami-
nat, i t admet per deixeble meu: poràs fer cap a
ca-meua. l

Ho feren així.

Sa dona des vei, des cap d'un parei de dies, /
va dir:

—Acabam es potquim i S' oli, i no porem estar
sensa. jA veure Si anau a ter una voltetal
",NA
231,"ES LLADRE FADRÍ lt ES LLADRE CASAT — 221

Es seu homo diu an es fadrí.

—Anem a sa porta de Sant Antoni, veam Si hi
haurà cap porcell o porcella.

Se 'n hi van, i troben un mercader que n' hi te-
nía una bona guarda.

Les se miren, tan barrina d' una, i es casat co-
mença aipaupar-se ses butxaques, fins que diu:

—iVaja quina passadal iHe deixada sa bossal :

—cAont la teniu2 respón s' altre, i amb una co-
rreguda la vos aniré a dur.

—iSa dona la sab, i la 't donaràl jiHala depres-
sal que ja hauríes de tornar esser aquí.

Com es fadrí ja partía, es casat diu an es mer-
cader:

—l casi casi se 'n poría dur sa porcella, i així
mos escusaríem d' una caminada més: perque llavò
hem de pegar per / Horta per unes quantes feines

. que hi tenim.

—iQue la se 'n dugal diu es mercader amb tota
sa bona fe del mon.

Es tadrí agata sa porcella, i de d'allà, si m'

aplegues.

Es casat està qui està, com veu es mercader
entretengut amb una barrina, se posa un realet de
plata, ben llís, dins un ui, se lleva una troca que
duia, i tota amacarronada la s' atica devall es ja-
quet entre espal'la i espal'la, arruta es coll i tot el
cos, i pareixía un altre homo, tort i geperut.

Es mercader s' hi gira, i li diu:

—el com se torba tant aquell a venire dQue es

. enfora ca-vostra termP l

—Germanet, diu es casat fent una altre veu, vos
m'e-hu errat: es segur que m' e-hu errat.

Es mercader el se mira de dalt abaix, fit a fit, i
tot trastornat exclama:

""i
",NA
232,"229 RONDAIES MALLORQUINES
- —el vos no sou aquell homo qui m"" ha compra-
da sa porcellar

— i No hus ho dic jo que m' e-hu erratl diu es
lladre. ,

l —i No hi ha remei, arribà a dir es mercader, es
l qui la m' ha comprada era condret des dos uis i de
s' esquena... /Adios, porcellal

Es lladre se 'n anà coixeu coixeu i fent sa torta.
Tot-d' una que 's mercader el va haver perdut de
vista, se treu es realet de plata, i sa posa sa troca
per sa cinta, i icap a ca-seual a acorar sa guina-
veta a sa porcella, però ja no hi va esser a temps:
ja la va trobar desxuiada i troços fets, i aviat ses
sobrassades estigueren penjades, i es botitarrons i
camaiots cuits, i la resta amb aigo-sal. ,

Lo endemà es casat diu an es fadrí: .

—A vui mos toca armar-mos d' oli. Anem.

Pren un troç de calamandria, (1) d' ont sa dona
s' havía de ter uns gonellons, i ja son partits a
cercar un olier.

En troben un que menava un mul amb unes sa-
rrietes i un odre dins cada una.

L' atura, i anava a descarregar.

—Esperau, germà, diuen es dos belitres, i vos
aidarem.

— Mercé me feis, diu s' olier.

Ell s' aferra a un odre, i es lladre casat a un
altre, i ja li ha estret amb so fadrí, cametes me
valguen.

— S'olier no sent petjades que 1 seguesquen: se
gira, i me veu ets dos aidadors que fugen com la
bala i volten cantó. Deixa s'odre en terra, i los

(1) Calamandria es una casta d' escandalari, roba de llana i estopa,
que fa retxetes. -
",NA
233,"1
ES LLADRE FADRÍ 1 ES LLADRE CASAT — 223
pitja derrera. Com volta cantó ell, es lladre fadrí
ja estava amagat dins una entrada, i es casat ha-
vía tirat s' odre en terra, embolicadot amb sa ca-
lamandria, i amb una llandera jtocs itocsi a s'
embelum.

—iGran polissonal deia ell, aparentant estar
més cremat, que com que fes sa fel. jjo t' he de
matarl... jNo me 'n faràs pus, com som homo teul
iNo te 'n he de deixar cap de costellal... jGran
polissonal l

Í tocs i mes tocs, que com que l hagués d' afi- (
car dins sa terra.

—jjasl diu s' olier. il es un homo qui atupa sa
donal

—iNo, ell P he de matarl diu aquell. iNo li ha
de valer Sant Perel

: —el vos no hauríeu vist un homo fogint amb un
odre an es coll2 li demana s' olier.

—Me pens que sí que n'es passat un, fa una
estona. T ropitxau, i per ventura encara l' agata- m/
reu. :

S' olier ja li ha copat per avall, carrera uberta.

Es lladre casat se torna carregar s' odre, es fa-
drí se 'n va an es que s' olier havía deixat, el se n
carrega també meteix, i tots dos, com uns llonzins,
icametes amiguest cap a ca-seua.

E-hi arriben, buiden es dos odres, i hi hagué una
aufabiota al raset d' oli. :

Ja estaven armats d' oli i porquim.

Des cap d' una temporadeta es vei fa fer a sa
dona quatre teleques de lona, i ui vespre, després
de sopar, diu an es jove:

—Anit anam a omplir aquestes quatre en es tre-
sor del Rei.
",NA
234,"224 RONDAIES MALLORQUINES

Se 'n hi van: tenen tranc d' enfilar-se demunt
sa teulada, decanten unes quantes teules, alcen un
mitjà de sa teixinada, tiren un cap de corda per
endins: i es casat diu:

—Amolle 't-hi: umpls, en tenir ple, termes i tes
senya: jo estir i trec ses taleques, i llavò tu pujes.

 Tornam posar es mitjà i ses teules en es seu lloc,
que no hi haja res coneixedor, i-togim.

Tal com ho digueren ho teren, i toren el diantre
per tornar prest a ca-seua amb ses teleques plenes
de durets d' or i dobles de vint.

Lo endemà el Rei se tem des salt que li han pe-
gat en sa nit, i se 'n du un enuig ferest.

Dins s' olla des castell tenía un lladre xixantí,
que li havíen hagut de treure ets uis per capturar-
lo. Era una rata saiarda, que 'n teia de maig per
llarc, com anava a lloure: el dimoni no més li gua-

i nyava de banyes.

El Rei li envía dos criats per que li conten lo
que passa i que diga lo que hi ha que ter per des-
tapar i aplegar ets lladres. l

Com aquell cego los sent, demana:

—eE-hi ha porta estondrada o forat a paretP

—No, responen ells. l

—ldò son entrats per sa teulada. Tancau be
portals i finestres, teis-hi toc dedins. Si no en-
guixaren be sa trapa, es tum e-hi sortirà. Si en
surt en lloc, posau abaix, en aquell endret, una
gran caldera plena de visc. Es qui hi son anats
estaran llépols, i e-hi tornaràn. Entraràn p' es me-
teix lloc, i quedaràn enviscats. Així los haureu.

Es dos criats conten això an el Rei: el Rei fa
fer foc dins sa tresoreria ben tancada per tot.

Es lladres no havíen enguixada sa trapa, i al
",NA
235,"ES LLADRE FADRÍ 1 ES LLADRE CASAT 225
punt veren un tumaralet qui se'n pujava de sa
taulada.

Alcen ses teules d' ont sortía, i me troben sa
trapa. Les tornen posar bé.

Planten abaix, en aquell endret, una calderassa
al raset de visc, tancan, i se 'n van.

Passats un parei de díes, un vespre es lladre
casat diu an es tadrí:

l —Tornem-hi a omplir ses teleques en es tresor
del Rei.

S' hi espitxen, s' enfilen a sa teulada, decanten
ses meteixes teules, alcen es meteix mitjà, amo-
llen un cap de corda per endins.

—ec Qui s' hi amolla anit2 diu es casat.

—Vos toca a vos, diu es tadrí.

Es casat s' hi amolla, i per avall.

Tan contiat anava, que tot-d' una que toca amb
sa punta des peu es visc, que feia una mica de
crostera ademunt, segur de que allò era es trispol,
s' amolla en pes: pega dins es visc, i queda sem-
brat tai de coll.

—eQue dimoni serà això2 diu ell, tot retgirat.
l venga estrevada i altre, però com més feia, més
encallat se trobava.

Be esperonetjà i brancatjà, però tot fonc deba-
des.

Veent que estava tet d' ell i que allà l' havíen
de trobar per força, cego de rabia, diu:

—M' hi trobaràn, però, en que el dimoni en
pas, es botxí no hi ha d' esser a temps.

Pega capticada dins es visc i allà romangué au-
tegat.

Es lladre tadrí havía sentit es fufup i es mala-

Tom. lll—15
£
",NA
236,"226 RONDAIES MALLORQUINES
veig que 's companyó feia allà endins, però no li
pogué aglapir cap paraula.

Com s' aturà de sentir-lo, prompte hagué aca-
bada sa paciencia, i, per veure que era allò, s'
amolla per sa corda.

Toca amb sa punta des peu es visc: se tem que
's peu s' entonya i aquí s' atura de devallar.

Se passa sa troca per devall ses anques, i S' hi
terma sa corda per agontar-se al aire. Se treu es
foguer, sa pedra foguera, esca i estopa: fa una
llamada, i encén un estellicó de teia.

Me veu abaix sa caldera des visc i es companyó
dedins.

Fent vogar sa corda, té tranc de botar fora de
sa caldera, taia es coll an es companyó, posa es
cap dins una teleca i la se penja a una espal'la,
deixa es cos dins es visc, s' entila per sa corda, i
cap a ca-seua.

Conta a sa dona des mort lo que passa, i diu:

—Mentres no s' aclaresca ell qui era, som es-
càpols.

Lo endemà es criats del Rei me troben aquell
cos sensa cap, dins sa caldera.

El Rei los envía a contar-ho an es lladre de s'
olla des castell.

Com aquest sentí es manifest, exclama:

—Això eren dos: un es entrat primer, i se 's en-
viscat, i s' altre li ha taiat cap i coll per que no 'l
coneguessen, i no se puga aclarir res... iSí que ho
es llesti

iOh si jo vista tenía,
per company meu jo I voldríal
—iA veure com l' aplegaml
",NA
237,"ES LLADRE FADRÍ i ES LLADRE CASAT — 227

—j Sabeu que serà de mal de ferl

—Un camí o s' altre mos e-hu de donar.

Aquell cego hi pensa una estona, i diu:

—Poríeu provar una cosa, i tal volta vos diría
bé: no hu assegur.

—Digau.

—Poríeu posar es mort demunt un cadafal, amb
una bassina devora i un esgotzí amb una trompeta
que son i que diga: jUna llimosna per enterrar
aquest mort i fer-li dir bél—Ell que diga això.
Voltros estau allà vel'la qui vel'la qui es qui tir
més dins sa bassina. Aquell qui hi tir més, aquell
serà s' altre lladre.

Ho teren així, i resultà que 's qui donà més
va esser un soldadet, bon homo de tot, que 's mma-
jors l estimaven una cosa de no dir.

Tots se presentaren an el Rei, i li digueren:

—Senyor Rei, aquest soldadet es ignocent: en
responem. l

El Rei va veure que deien ver, i el feu amollar.

Envia es criats a contar-ho an es lladre des cas-
tell, que, com sentí es manitest, exclamà:

—iSi que hu es llest es companyól

IOh si jo vista tenia,
per company meu jo 'l voldríal

No res, passetjau es mort per tota la ciutat: allà
ont sentireu plors, allà serà ca-seua.

Parteixen a pasetjar es mort per tota la ciutat, i
com passaven per devant ca 's.lladre, sa dona no
pogué pus, i esclata en plors.

Es criats del Rei s' acosten a ses portes, i foc
ÍOC.

o —Qui esP
FJ
",NA
238,"228 RONDAIES MALLORQUINES
—iObriu p' el Reil
l Es lladre fadrí pega sempenta a s' aufabia de s'
oli, i venga oli per tota la casa.

Se 'n va a ses portes i obri.

—eQue es tan de plorsè diuen es criats.

—iQue ha d'esser respón s' estornell. Que
hem tenguda desgracia d' aquesta autabia, i sa
dona ara no té consol.

—iAquesta vos vall diuen es criats, i seguiren
sa seua vía.

Trescaren tota la ciutat, i no varen tornar sentir
plorar pus.

- Van a dir-ho an el Rei, que los envía an es lla-
dre des castell.

Aquest com los sent, exclama:

—iSi que hu es llest es companyól

iOh si jo vista tenía,
per company meu jo 'l voldrial

Allà ont e-hu sentit plorar era ca-seua, aquell
qui hus ha ubert, ell, sa qui plorava, sa donà des
mort.

—Si es així, ja 'l tenim, diuen es criats. Mos
recorda sa casa quina era, e-hi anirem, i l aplega-

gam.

—l esque no veis que a l hora d' ara ja han mu-
dat de casaP diu es lladre vei. Lo que poreu fer,
anit tornar passetjar es mort per tota la ciutat, i
allà ont sentireu plors, sensa returar-vos, teis una
senya d' aumàngaja a Sa rebranca des portal: llavò
anau-hi dematinada a fer sa presa. Si així no l'
aglapiu, deixau-lo córrer.

Com va ter fosca negre, parteixen a passetjar
de bell nou es mort per carrers i carrers.
",NA
239,"ES LLADRE FADRÍ 1 ES LLADRE CASAT — 229

Com foren devant aquella casa, ont s' altre ve-
gada havien sentit plors, s' aturaren a escoltar, i
res.

Seguiren tresca qui tresca carrers i més carrers.

. A la fí passen per devant s' alberg nou des lla-
dres: sa dona des mort no pogué pus, i romp en
plors.

Es criats del Rei la senten, i senyen d' aumàn-
gara sa rebranca des portal, i segueixen de d' allà.

Ja hu crec que 's lladre fadrí se 'n tem, i des cap
d' una estona, que ja no hi havía ningú p' es ca-
rrers, pren una olleta d' aumàngara i una granereta
d' emblanquinar, i ta sa meteixa senya de sa seua
rebranca a ses de tots es portals d' aquell carreró
i des quatre carrers de més aprop.

Es criats del Rei s' hi presenten sa dematinada,
i troben sa mala tí de rebranques amb sa meteixa
senya.

—jAquesta si que mos es brutal digueren. él
ara quin possible es que afinem sa casa des po-
lissó2

Se 'n van a contar-ho an es lladre des castell,
que, com los sent, exclama:

—iSí que hu es llest es companyól

'Oh si jo vista tenía,
per company meu jo 1 voldrial

Allà ont e-hu sentit es plant, era ca-seua: ell se
's temut de sa senya, i, per que no l'atinàsseu, ha
senyades totes ses cases des contorn. No res, pro-
vau un altre cosa: posau es mort demunt un cada-
fal, devora es fossar, i set o vuit soldats que 'l
guardien amagats devall, tota sa nit. Es companyó
hi anirà a dur-lo-se 'n per donar-li terra sagrada, i
així l hauràn.

di
",NA
240,"230 RONDAIES MALLORQUINES

Es criats ho conten an el Rei, i el Rei ta posar
es mort dalt es cadafal, devora es fossar, i set o
vuit soldats, amagats devall, el guardaven.

éQue me ""n direuP

Ell es lladre fadrí manlleva un ase ensellat,
compra nou hàbits de frare. Ell se'n posa un, i
afica ets altres dins una baiasa i dins s' altre tres
fils de sobrassades, pa blan i un borretxel'lo de vi.

Pega cimada a s' ase, i de d' allà.

A la mala hora de la nit passa per devora es ca-
datal.

Ets soldats l' atinen, i ja l escometen: l

—Fraret, éi an aquestes hores encara anau p' el
mon2 jMal es de creure que trobeu es convent
ubertl

—iSoldadets, me som perdutl

Aquí es soldats reparen un parei de sobrassades
qui guaitaven per una baiassa.

Ja hu crec que s' hi abordaren tot-d' una.

—el això, traret2 digueren fent lulea. eSobras-
sades i tot

—Un present que han fet a la Comunidat. /

—ija hi ha bona Comunidat en noltrosl Sobre :
tot, les hem de tastar.

—iPerò m' e-hu de promete no destapar-mel diu
es fraret, que no cercava altre cosa sino que les
tastassen.

- -jQue mos ne duga 'l dimoni si ningú sab resi
diuen es soldats.

l ja son partits a cercar ensenais, i comencen
foc.

Al punt hi hagué una foguetera, que no eren
tot berbes, i aviat una barcella de caliu.

E-hi tiren ses sobrassades demunt, i xiu xiu, i
fum i fum.
",NA
241,"ES LLADRE FADRÍ Il ES LLADRE CASAT — 231

Mig cuites mig crues, n' agafen una per hom, i
es fraret diu:

—Esperau, vos duré un poc de pa blan, que no
vos faça mal sa sobrassada tota sola.

—ePa blan2 diuen ells. él que 'n duisè — 7

—Una mica.

Los ho treu, i era un gust veure-los enfornar.
Vos assegur que no feien gens s' empagait.

— Que no es un poc salat, al'lotsP diu es fraret.

—éSalat2 exclamen ells. jAra es hora de salatl

— Vos ho demanava, per que dins un borretxel:
lo que duc, e-hi ha d' haver un poc de ví, i encara
me pareix que poríeu xerumbar un poc per-hom,
si no sou aigoders.

Com aquells garameus senten de ví, comencen
a ter bots i a tirar es barret al aire, cridant:

—jFraret, treis-lo tot-d' una que no s' esbraut...
itreis-lo, mal sía vinagrel

—iPerò, al'lots, no al'lotetgeml ino 'm destapeu
per amor de Deul

—iNo tengueu ansia, fraref/ iEs vil... ies ví,
depressal

Es fraret los treu es borretxel'lo, que era bo i
ple. S' hi aborda es de devant, i ihala, petitl

éQue me 'n direu2 Ell com tots en foren passats,
es borretxel'lo va esser buit, i tots ells més gats
que una sopa.

No tiraren cap cossa: romangueren estesos allà
meteix, i vos assegur que no se 'n temíen gens de
sa serena.

l que fa 's /rareíP Los treu es vestit de soldat,
los posa un hàbit de trare per-hom, se'n du es
mort dins es fossar, i l enterra, i se 'n torna es
més descansat del mon a ca-seua.

£
",NA
242,"232 RONDAIES MALLORQUINES

Es soldats lo endemà matí, com hagueren escor-
xat es moix, i se trobaren vestits de frare i es ca-
dafal sensa es mort, varen pendre un retgiró
ferest: les perderen de tot a ses riaies.

—iEstà fet de noltrosi deien tots, plorant com a
nins petits. jEl Rei mos matal i ben guanyat que
mos ho teniml

Com el Rei sab es pas, ja los anava a ter sa
sentencia de /ora cap i coll: però se va compatir
d' ells, i va dir:

—No res, per aquesta vegada jque los passen
per la vaqueta i que los fassen correr ses verga-
desi l

l així se va ter. l

Envía dos criats a contar sa feta an es lladre des
castell, que, com los sent, exclama:

—j Ah si jo vista tenia,
per company meu jo 'l voldríal

Es estat ell, es companyó, que los ha vestits de
frare, i los ha pres es mort. A l'hora d'ara jal
ha soterrat. Digau an el Rei que 'l deix córrer, que
no l haurà a cames.

En vista d' això, mirau quin acudit tengué el
Rei: va fer fer unes dictes per tot es reinat: que
fos el qui fos aquell que era entrat an es tresor, i
se 'n havía duita tanta doblerada, i havía sabut
escapar-se i riurer-se 'n tantas vegades de la Jus-
ticia, que se presentés, i, Si prometia deixar per a
sempre sa vida de lladre, li donava paraula de que
""1 perdonaria.

. Es lladre tadrí, com ho sabé, pensà entre sí me-
teix:
, —Si fins ara s' ofici m"" ha dit en candela, équi
",NA
243,"ES LLADRE FADRÍ 1 ES LLADRE CASAT 233

m' assegura que me dirà sempre lo meteixP Si fins
ara som estat sortat, equi me diu que ho haja d'
esser sempreP... iSabs que 'm convé de més, ara
que 'l Rei s' ofereix a perdonar-me, que m'hi
present a demanar-li perdól Perdonat, pendré un
altre ofici millor i més tranquil, i encara puc esser

un homo de bé.

Dit i fet, se presenta an el Rei, i li diu:

— Senyor Rei, vemet-aquí: som jo es subjecte.

Li va prometre no tornar-hi pus, i el Rei el per-
donà. Sa viuda des mort encara era jove i ben
present, i sa casà amb ella. Se 'n tornaren an es
seu poble, se tiraren an es conró, no tregueren pus
'cap peu des solc, servaren es llum ben dret, i...
tant si m creis com si no hu creis, encara deuen
esser vius Si no son morts.

Torre Nova, Janer de 1898.
EPS
ds
",NA
244,"ES GORRIONET Ò
ae eres
Au era un gorrionet qui pasturava per de-
sl munt un gel ben fort ben fort.
Ho era tant, que va rompre mitja cameta an es
gorrionet, just amb una mica de llenegada.
S' animaló, plorant, des mal que li feia, va' dir:
—jO gelet, que ets de fort, que m' has rompuda
la mía cametatl
—Més fort es el:sol que me fon, diu es gel.
—iO sol, que ets de tort, exclama es gorrionet,
que fons el gel, que m' ha rompuda la mía cameta'l
—Més fort es el nigulat, que me tapa, diu es
sol. l
l es gorrionet reprén: :
o --jO nigulat, que ets de fort, que tapas el Sol,
que fon el gel, que m' ha rompuda la mía cametal
—Més fort es el vent, qui m' espargeix, diu es
nigulat.
l es gorrionet reprén:
—iO vent, que ets de fort, que espargeis el ni-
(1) La'm cont na Juana Aina Florit, Berretera, de Sineu.
",NA
245,"ES: GORRIONET 9235
gulat, qui tapa el sol, qui fon el gel, qui m' ha
rompuda la mía cametal

—Més torta es la paret, qui me para, diu es
vent.

l es gorrionet reprén:

—iO paret, que ets de forta, que pares el vent,
que espargeix el nigulat, que tapa 'l sol, que ton
el gel, que m' ha rompuda la mía cametal

—Més torta es l' aigo, que m' atravessa, diu sa
paret.

Í es gorrionet reprén:

—iÓ aigo, que ets de forta, que atrevesses la
paret, que para 'l vent, que espargeix el nigulat,
que tapa el sol, que fon el gel, que m' ha rompuda
la mía cametal

—Més iort es el bou, que me beu, diu s' aigo.

les gorrionet reprén:

—iO bou, que ets de fort, que te beus l'aigo,
que atravessa la paret, que para el vent, que es-
pargeix el nigulat, que tapa el sol, que ton el gel,
que m' ha rompuda la mía cametal

—Més forta es la corda, que m' atura, diu es
bou. ,

l es gorrionet reprén:

—iO corda que ets de forta, que atures el bou,
que se beu l' aigo, que travessa la paret, que para
el vent, que espargeix el nigulat, que tapa el Sol,
que fon el gel, que m""' ha rompuda la mía cametal

—Més forta es l' estaca, que me té subjecte, diu
sa corda.

l es gorrionet reprén:

—jO estaca, que ets de forta, que subjectes la
corda, que atura el bou, que se beu l'aigo, que
atravessa la paret, que para el vent, que espar-

Td
",NA
246,"236 RONDAIES MALLORQUINES
geix el nigulat, que tapa el sol, que fon el gel, que
m' ha rompuda la mía cametal

—Més fort es el foc que me crema, diu s' estaca.

l es gorrionet reprén:

—iO toc, que ets de tort, que cremes l'estaca,
que subjecte la corda, que atura el bou, que se

, beu l'aigo, que travessa la paret, que para el
vent, que espargeix el nigulat, que tapa el Sol,
que fon el gel, que m' ha rompuda la mía cametal

— jiSí que ho som fortl diu el foc. iNo hi ha nin-
gú més fort que jol jEstau-me alerta totsi

Es gorrionet, escolta qui escolta, no sentí ningú
que hi contestàs ni hi tes la quantre.

— Si ""Il foc es el més fort, diu ell, estem-li alerta:
ni massa aprop d' ell, que me crem, ni massa en-
fora d' ell, que hi haja cap gel que ""m torn rompre
la mía cameta.

Així ho va ter, i li va dir en popa, i encara ho
fa Si no s' es aturat.

———e— ES e———
",NA
247,"RA ES dE a RE Re DS DE RS EE DS EE ES LC A EQ dl
SA GAMA-ROTJERA V
——la——— j
Aux era un Rei i una Reina que no teníen cap
—e infant, i el dimoni los se 'n duia com veien
que sa comare no s' hi acostava mai.
El Rei arribà a dir:
—iMal fos un drac, sols que 'n tenguéssem uni
Aquella paraula no caigué en terra: des cap d'
una temporada la Reina tengué un infant, però tan
ferest, que no sabíen si era animal o criatura.
éQue me ""n direu
Ell des cap de set díes va esser un drac teti
condret. Com el veuen, tot-hom fuig per no esser-
. hi demés. Me deixen tota sola la Reina, i S' ani-
malot s' entonyà dins una claveguera, i no 'n sa-
beren pus noves.
iBe se 'n penedía el Rei d' haver gastada aque-
lla paraulal però ja no hi havía res que ter.
Des cap d' una quinzena d' anys, una criada de
ca 'l Rei un mig día devallava dins sa mina de sa
font per treure sa fruita que hi teníen en tresc, i
sent una veu, com a de l' altre mon, que li diu:
(1) La me conta la madona Catalina Tomàs Pinya, de Ca 's Cegos, a
de Manacor, al cel sía ella.
£
",NA
248,"238 RONDAIES MALLORQUINES
—jEscoltal iEscoltal
, iBona estava ella per escoltari jBen depressa
que prengué escalal i pujava ets escalons de tres
en tres.

Com va esser dalt, ses cames se cegaren, i s'
hagué d' asseure.

iO quin retgiró que duia aquella al'lotal Per que
no li dugués un mal resultat, hagué de pendre una
bona escudella d' aigo-sal.

Des cap d' uns quants díes, el Rei li diu:

—él ara no veus que fores tú que te feres por2
Torne-hi, i tú meteixa ho veuràs que allò no era
res. ""de qi

La dona, per no quantredir, lo endemà a mig
día devalla dins sa mina per treure sa fruita en
fresc.

Com devallava es darrer escaló, torna sentir
aquella veu, com a de l' altre mon, que li diu:

—jEscoltal iEscoltal :

cEscolta, m' has dit2 iBen depressa que pren-
gué escalal lo meteix que si hagués vist el mal
esperit.

Com va esser demunt, ses cames no 'n volgue-
ren pus, li feren tiga, i caigué tan llarga com era.

Tot es seu cos tremolava com una fuia de poll,
i hagué de pendre una bona escudella d' aigo-sal,
per que 's retgiró no li dugués un mal resultat.

Des cap d' un parei de díes, el Rei li diu:

— Creu-me, que sa por no es res si la volen veu-
rer. Tu lo que has de ter, devallar dins sa mina en
punt de mig día. Si 't tornen dir:-—jEscoltal—tu
no 't retgirs, i respons:—Jo no escolt, que no veja

a qui es qui parla. —Si tu volguesses fer això, per
ventura aclariríem qui es aquesta veu, i t assegur
que no 't queixaríes de mí.
",NA
249,". o SA CAMA-ROTJERA 239

Aquella criada se revest de coratge, i en punt
de mig día devalla dins sa mina.

Ja hu crec que aquella veu va esser ben tala-

l guera de cridar:

-— jEscoltal jEscoltal

—Jo no escolt, digué s' al'lota, que no veja qui
es qui parla.

—QGira la vista an aquest recó: mira arreu, i me
veuràs, li digueren.

Ella e-hi atitora ets uis, mira qui mira, i des cap
d'un poc m' hi veu un drac, com aquell que Sant
Jordi té baix de ses potes des cavall.

Poreu ter comptes aquella al'lota quins uis devía
badar.

—No estigues gens retgirada, diu es drac. Jo 't
diré qui som: som aquell fii del Rei que vaig tor-
nar un drac per una tlastomía de mon pare. Ja
tenc s' edat, i me vui casar. Digueu a mon pare i
a ma mare, i que dins tres díes m han d haver

. duita una al'lota que sía guapai de sang real, i
mos casarem. l mira: jifes-los-ho de presentl que,
si no la 'm duen tarà un tro, i tot aquest gran ca-
sal serà un claper. Diga-los-ho de part meua...

Aquella criada se 'n va correns a contar an el
Rei tot es manitest.

l L' homo quedà esglaiat, mort, no sabía per on
pendre ni que ter-se. l

—Però bé, deia ell, équina serà s' al'lota que I
vulga, si està en forma de drac2 ecQui s' ha de vo-
ler casar amb un drac... il vol que sía guapa i de
sang reall... jAixí, gallet, i tocs per sa crestal

Crida es nobles de la Cort, los diu lo que passa,
i los envía a tots els Reis veinats a veure si teníen
cap fía o parenta, maldement tos de ben enfora,
que 's volgués casar.

: dr
",NA
250,"240 RONDAIES MALLORQUINES

Moltes en teníen aquells Reis de tíes i de pa-
rentes d' aprop i d' enfora, i ben casadores que
anaven, però no 'n pogueren ginyar cap.

Es día qui teia tres, tornaren tots mans buides,
mostiis, morts de potoiar.

—el cap cap n' e-hu trobada2 diu el Rei.

— Cap, digueren ells.

—ldò ja veure com mos ne desfeim d' aquests
trunfosi

Tornen tirar junta, i, com prou hagueren sucats
ets ais, veren que no hi havía més remei que cer-
car una al'lota qualsevol, i durle-hi an es drac, i
sería lo que Deu voldría. l

Moltes n' escometeren, però com sentíen de
drac, totes feien anques enrera.

Apurats de tot, com ja feia fosca negra, criden
sa bugadera del Rei, que tenía tres tiies, na Blaia,
na Juana i na Tereseta.

Aquesta era etxerevida ferm, però encara no n'
havía fets quinze. Ses altres dues ja eren ben
aprop des trenta, i encara no hi havía hagut cap
fadrinel'lo que los hagués demanat com va la vi-
da, això que teníen una casera que les alçava en
pes.

—jA veure Si ""n ginyam cap de ses tresi diu el
Rei a sa bugadera.

—Sempre 'n ginyarem qualquna, respón la dona.

Ja hu crec que ginyaren na Blaia.

—iBe me 'n regal, deia ella, si està en forma de
dracl... €cNo es fii del Rei2... ildò dasse ll... No
vui jo deixar perdre aquesta avinentesa, i que lla-
vò hagués de romandre amb sa creu d' ets aubatsi

L' endiumenjaren ben endiumenjada, i la deva-
llen dins sa mina amb un bon sopar.
",NA
251,"SA CAMA-ROTJERA 241

Allà la deixen tota solina, i ella està qui està.

Tocan hores, i una veu demana:

—e Quina hora es això

—Les deu, diu na Blaia.

—Idò no es hora.

Aquella veu s' abolí, i s' al'lota està qui està,
sensa sentir una mosca, fins que tornen tocar ho-
res, i sa veu demana: qi

—ecQuina hora es això

—Les onze, diu na Blaia.

—ldò no es hora.

S' abolí sa veu, i s' al'lota està qui està sensa
sentir una mosca, fins que tornen tocar hores, i sa
veu demana:

—ec Quina hora es això

—Les dotze, diu na Blaia.

—Arta es s' hora, diu sa veu.

Í d' aquell recó surt es drac, que torna un jove
ben plantós.

Se mira na Blaia de dalt-a-baix, que no se perdía
per guapa ni per agradosa, i li demana:

—ecQue ""t diuens

—Blaia, respón ella tot-d' una.

—iBlaial... Fas cara d' esser-ho més de tets que
de nom. el de qui ets fia 2.

—De sa bugadera del Rei, per servir-lo.

—iDe sa bugaderal diu ell, fet un Nero. éNo
havía dit jo que havía d' esser de sang realP

l éque faP La m' agaia p' es coll, li pega estreta
i espolsada an es carcabós, la deixa morta allà en
terra, pren sa forma de drac, i se 'n torna an es
seu recó.

Lo endemà per orde del Rei, aquella meteixa

l Tom. H—I6
dl
",NA
252,"242 RONDAIES MALLORQUINES
criada devalla dins sa mina a veure na Blaia que :
conta, i la me troba estesa.

—Som jo qui l'he aufegada, diu es drac des
recó. La vaig demanar de sang real, i me dugue-
reu sa tía de sa bugadera.

—Es que no 'm pogueren ginyar d' altre.

—No m' empatx de raons. De sang real i guapa
la vui. Tres díes més de temps les don per que la
'm duguen. Si dins tres díes no la m' han duita,
diga-los-ho a mon pare i a ma mare, farà un tro, i
tot aquest casal serà un claper: los ho dic devant
devant.

Poreu fer comptes el Rei quins uis devia badar,
com sentí aquestes comandassions.

Torna enviar es nobles de la cort a tots els Reis
veinats, demanant-los per amor de Deu i per amor
de sa Mare, que li enviassen p'es seu fii qualque
lia o parenta, per entora que fos es parentesc.

Bé corregueren es nobles d' Herodes a Pilat i
de Pilat a Herodes, bé gremoletjaren, però en lloc.
feren tec, i varen haver de tornar de buit, cansats
i morts, es día que teia tres, horabaixa de tot.

El Rei cercà com un rabiós tota la Ciutat a veu-
re Si n' hi hauría cap d' al'lota que anàs d' aglans.

No trobaren més que na Juana de sa bugadera,
que, encare no li apuntaren, com digué que Sí, tota
Xamosa.

Mai s' hi era vista a que le demassen per casar,
amb tantes ganes com en tenía, i jque havía de
reparar a Si era un draci Lo que volía ella, casar-
se, fos amb qui tos.

L' endiumenjaren ben endiumenjada, la devallen
dins sa mina amb un bon sopar.

Allà la me deixen tota solina, i ella està qui està,
i espera qui espera, sensa sentir una mosca.
",NA
253,"SA CAMA-ROTJERA 243
Des cap d' una bona estona tocan hores, i una
veu demana:

—e Quina hora es això

—Les deu, diu na Juana.

—Idò no es hora.

Aquella veu s' abolí, i s'al'lota no sent cap
mosca pus, fins que tocan hores de bell nou.

—e Quina hora es aixòP demana sa veu.

—Les onze, diu na Juana.

—ldò no es hora. I

Isa veu s' abolí de tot, i s' al'lota no torna sen-
tir gens d' estabó de res, fins que altre vegada
tocan hores.

—e Quina hora es això2 demana sa veu:

—Les dotze, diu na Juana.

—Ara es s' hora, diu sa veu.

l es drac surt des recó, torna un jove ben abri-
nat i plantós: sa posa mira qui mira na Juana, i
llavò li diu:

—el que has nom túP

—Juana, diu ella tota incorreguda.

—eDe qui ets fia2

—De sa bugadera del Rei, per servir-lo.

—iDe sa bugaderal diu ell, blau com la paume-
lla, de rabia. eNo havía jo comanat que la volía
guapa i de sang real, i m' han duita aquesta mila-
na, aquesta xoquí2

l eque fa ellP L' agata p' es coll, li pega estreta
ji espolsada an es carcabòs, i la deixa allà en terra,
estesa i morta. Pren de bell fresc sa forma de drac,
i cap an es seu recó.

Lo endemà, d' orde del Rei, aquella criada de-
vallava dins sa mina per veure na Juana que con-
tava: i la troba allà estesa i re-de-morta.

dd
",NA
254,"244 — RONDAIES MALLORQUINES

Tot-d' una pega crit, però es drac li diu des
recó:

—No tens que cridar: som jo que l' he aufega-
da. La m' haguessen duita tal com jo la demanava.
Í mira, digue-los-ho a mon pare i ma mare, que
això no va pus. Si dins tres díes no m' han duita
una al'lota guapa i de sang real per casar-m' hi,
no aniré de pus perllongues: farà es tro, i tot

aquest casal serà un claper. Diga-los-ho, que qui
fa tres, ase es.

Sa criada se 'n va a contat-ho an el Rei, que s'
hagué d' ajeure des trastorn. l

—Si Vossa Real Majestat, digueren es nobles,
mos envia altre vegada a cercar més al'lotes, e-hi
anirem perque 's creure es criança, però se desen-
gan, es ben per demés. :

—Sa raó vos vessa per demunt ses espal'les,
digué 'l Rei. Direm a s' altre fía de sa bugadera si
mos vol fer es favor, i serà lo que Deu voldrà.

l Com na Tereseta sentí s' envit, digué tota ge-
nerosa:

—Per part meua dic que Sí, si ma mare e-hi
consent.

Sa mare, per greu que li sabés, e-hi consentí.

Enllestiren na Tereseta ben enllestida, que pa-

l reixía una reina, i ademés, tan galanxona, ben
taiada i garrida com era, no vos dic res si 'n teia
de planta.

La devallen dins sa mina, amb un bon sopar, i
la deixen allà dins tota solina.

Espera qui espera, no sentíen una mosca ni res
que 's bategàs.

Des cap d' una bona estona tocan hores.

—e Quina hora es això2 demana una veu.
",NA
255,"SA CAMA-ROTJERA 245
. —Les deu, respón na Tereseta.

—ldò no es hora.

Sa veu s' abolí, i ja no tornaren sentir ni una
mosca.

Na Tereseta, veent allò, se posa a dir, sa gran
traidora:

—jA bona part m' han duitat... ijNo sé com m'
hi han jonyidal... il jo tan beneita consentir de dei-
xar ses meues criades i cambreresi... Però çaont
tenía es cap com e-hi he consentit2 jAl manco n'
hagués menades duesil... iPerò capl ija hu som
estada beneital

Descapdellant per l' estil, des cap d' una bona
estona tornen tocar hores.

—ecQuina hora es això2 demana una veu.

—Les onze, diu na Tereseta.

—Idò no es hora.

—e No es hora diu sa pitxòrina. jEs ben ver
que no hu es d' estar tota sola una al'lota com som
jol... çA ne quíP... iCom jo hu veigl... iJo metei-
xa haver-me fet es dogal venint-me 'n tota sola,
com una beneital... jAixò sería bó que jo no ten-
gués una dotzena de criades i cambreres que no
'm deixaven tocar amb sos peus en terral

l ja torna pendre aquest cap de fil, i debana qui
debana, i per aquí l haurds, tins que arriba a dir:

—Jo no vui, jo no puc estar pus d' aquesta ma-
nera... cQui ha vist mai una al'lota com jo, tota
sola dins una mina iAra meteix me 'n vaig a fer
venir unes quantes criades i cambreresi

Mentres deia això, tocan hores.

—e Quina hora es2 demana sa veu.

—iQuina hora ha d' esserl respón na Tereseta.
Les dotze. :

dd
",NA
256,"246 RONDAIES MALLORQUINES

—lIdò ara es s' hora, diu sa veu. :

Il surt es drac, i sa destira de sa pell, i torna un
jove lo més abrinat, lo més plantós.

Se posa mira qui mira fit a tit na Tereseta, i a la
tí li diu:

—Que has nom túP2

—Tereseta, filla de rei, respón sa pitxorina.

—iVenturosa de túl exclama ell. Si fosses esta-
da com ses altres dues, no t hauría valgut Sant
Pere: t' estrengolava... Mira, per una tlestomía de
mon pare jo estic encantat en torma de drac. Per
casar-mos m' han de desencantar primer, i has d'
esser tú que m' has de desencantar.

—Digués idò que tenc de fer, diu na Tereseta
tota resolta. iQualsevol cosa sía, ho tarél... iVaja,

, diguési

Aquí ell diu:

— Idò te 'n dus ara meteix aquesta pell de drac,
que ningú la 't veja ni ningú ho sapia. Camines
set díes, te ""n pujes dalt sa muntanya més alta que
trobaràs, i demunt sa cucuia de tot fas un fogueró,
i e-hi tires sa pell dedins. Farà un tro es més es-
cardat, es més tort que hages sentit mai. Si jo no
sent aquest tro, romandré desencantat: ara Si I
sent, me redoblaràs s' encantament.

Na Tereseta no 'n va taiar més: amacarronà sa
pell de drac dins una tela de llensol, en teu un bo-
lic que pareixía no res, el se posa devall xella, i
ja es partida al acte, d' amagat de tot-hom, i de d'
allà.

Camina caminaràs, i mira qui mira quina era sa
muntanya més alta, des cap de set díes en veu una
qui guanyava d' un bon troç a totes d' altaria. Se
'n hi puja: com es a sa cucuia de tot, fa un gran
",NA
257,"SA CAMA-ROTJERA 247
fogueró, i e-hi tira dedins sa pell de drac. Encara
no la hi va haver tirada, com fa un tro tan escar-
dat, tan fort, tan aborronador, que s' al'lota cau
d'esquena, i se va creure que tot el cel havía de-
sembancalat i que sa muntanyota s' era abisada.

Passada sa sobatuda, s' aixeca, i veu que no hi
havía hagut res de lo que se pensava, que no més
era estat es tro.

—iMesquina de míl diu ella. iQuin tro tan fe-
resti ija estam perdutsi... jEs segur que l'ha sen-
titl Es cor m' ho diu, i es cor no es traidor.

Í no hu va esser.

Com la pobreta fonc a ca 'I Rei, devallà correns
dins sa mina, i va sentir aquella veu, tota pla-
nyent, que deia, allunyant-se:

—iL' he sentitl... iL' he sentitl,.. ijM"" has redo-

blat s encantamenti... No es per culpa teua.

Aquella veu s' abolí de tot, i ja no la sentiren
pus.

Na Tereseta va caure en terra de baticor, la
colgaren dins un llit.

Com contà an el Rei i a la Reina tot lo que ha-
vía passat, los va enternir tant, que la prengueren
per fia, i passaren orde que tot-hom la tractàs com
a tal.

Però sa mesquina no feia més que plorar, i va
dir:

—Ni 'm pentinaré, ni m' espaumaré, ni 'm mira-
ré dins cap mirai, que no haja desencantat es fii
del Rei.

l agata sa pinta, s' espaumador i es mirai, i los
tira dins aquell torat de sa mina d' ont Sortía es
drac: un torat que tirava per endins, i que no tenía
fons.

Ll
",NA
258,"248 RONDAIES MALLORQUINES

l ella plors i més plors, i no poría ter passar res
p es canyó, i ni volía que la pentinassen, ni que
li espaumassen sa roba, ni se volía veure dins cap
mirai. ,

l el Rei, la Reina i tots es de la cort, ben apu-
rats, veent tal enderivell.

Es cuiners cuidaven a perde es cap fent aguiats
i aguiats, un bo s' altre millor, per veure si entre
molts na Tereseta pegaría qualque espipellada.

Però iho eren ben clares i petites ses que pe-
gaval

Un día sentí que cridaven p' es carrer:

—iHala, donesi
iCames-rotjes
fresques i bonesl
iHala, donesi
jAra que n'hi hal
que no n' hi haurà per qui 'n voldrà.

—iORl... icames-rotjest exclama na Tereseta.
iMe pens que 'n menjarial

Ses criades varen córrer més que depressa cap
a cridar aquella cama-rotjera.

Les hi prenen totes, les arreglen lo millor que
saben, i na Tereseta les s' acabà: va fer lo que se
diu una vega.

Lo endemà torna passar sa meteixa cama-rotje-
ra, cridant:

iHala, donesi
, iCames-rotjes
fresques i bonesl
iHala, dones,
ara que n' hi hal
que no n' hi haurà per qui 'n voldrà.
",NA
259,"SA CAMA-ROTJERA 249

Na Tereseta la sent, i diu:

—ç Cames-rotjes de bell fresc iQuina vega que
'n tornaria ferl

Ses criades se 'n van correns a dur-les-hi, i los
comanà que fessen venir sa cama-rotjera, perque
la volía veure i demanar-li com era que aquelles
cames-rotjes eren tan saboroses.

Sa cama-rotjera era una veieta bifa, més seca
que l' ídol, que sabía el dimoni aont se colgava, i
tenía més paraules que un breviari.

Ja hu crec que se teren amigues ella i na Tere-
seta, però amigues corals.

—No res, digué el Rei.a sa veieta: sereu sa
cama-rotjera d' aquesta casa, menjareu i beureu, i
ifora fer pus feina que cercar cames-rotjes per na
Teresetal

Sa veieta no hi posà emperons, i desde aquell
día menjà i begué a ca 1 Rei, i no feia més que
cercar cames-rotjes per na Tereseta.

Un día que ""n cercava per dins un camp molt
enfora i molt desolat, en troba una com un aré.

Li pega tirada per arrebaçar-la, i n' hi hagué de l
pegar tres per dur-la-se 'n, i se troba que, Si era
tan afavorida de rama, ho era més de relam.

En que l' hagués arrabaçada, tenía un parei de
rels dins sa terra encara. Per no haver-les de rom-
pre i per veure lo llargues que eren, se posa a
gratar, decantant-los sa terra.

Il éque me ""n direuP l

Ell com hagué gratat un poc, se feu un forat
com sa boca d' un torn, i va veure que se traves-
saba amb una mina.

iBona estava sa veieta per no entrar dins aque-
lla minat

d
",NA
260,"250 RONDAIES MALLORQUINES

Se 'n hi entra com una tura, i veu que allò tira-
va per endins i per endins, sempre cap a vall.

l ella per endins i per endins.

Veu una clarura ben enfora ben enfora, i, com

A e-hi arriba, sa troba dins un jardí mai vist, amb un
a 5 grandiós casal es mig.

Se 'n hi entra, i sales i corredors, i Sales i co-
rredors que no tenien tí.

Tot amb-u sent un trepitx sec i espés. iQuin
retgiró que pren sa mesquina'

No sabía aont s' havía de posar.

Veu una taula a un recó de sa sala aont era, i S'
atica devall.

Al punt s' entreguen, daixo daixo, una partida
de pagos reals: es caporal se planta es mig de sa
sala, ets altres l'enrevolten. Tots se peguen tirada
an aquelles plomes dretes des cap, i tonc lo me-

teix que si se forma de pago fos estada una camía:
la se varen treure, i tornaren tots uns joves lo més
abrinats i ben taiats, però qui guanyava a tots era
es d' es mig.

E-hi havía una gran taula, i s'hi asseuen. S'
entreguen una partida d' ombres amb plats d' ar-
ròs, autegat i rostit i altres erbes: les ho posen
devant, i aquells joves menja qui menja, però
mostiis, tunests, sensa motar.

Tots, tora es caporal, s aixecan de sa taula, i—
ibona nitl ibona nitl—se posen sa pell de pago, i
descompareixen com s' ànima de Robert.

Aquell que era romàs, com sa veu tot sol, se
treu un espaumadoret, i ja es partit a besar-lo, be-
sa qui besa i plora qui plora, i no s' aturava de

dir:

—iO Tereseta meua, si 't tengués a tú, aixícom
tenc es teu espaumadoretl
",NA
261,"SA CAMA-ROTJERA 251

Com prou ho va haver dit, se treu una pinteta,
i besa qui besa sa pinta, i plora qui plora, i entre
singlot i singlot que deia:

—iO Tereseta meua, si 't tengués a tú, així com
tenc sa teua pintetal

Des cap d' una bona estona se treu un mirai, i
llavò sí que plorava de bona manera, amb sos uis
fitorats an es mirai, i no teia més que dir:

—iO Tereseta meua, si 'm pogués mirar dins
ets teus uis, així com me mir dins es teu miraietl

Com prou hagué plorat i cridat, se posa sa pell
de pago, i descompareix.

Sa cama-rotjera surt de devall aquella taula i d'
aquell casal, pren sa mina, i, com es fora, icap a
ca 'l Rei a contar-ho a na Teresetal l

Com aquesta la sent, fonc lo meteix que si ha-
gués tengut toc dins ses sebates.

—iQue m' enganxen es cotxol va dir, que vui
anar a passetjar amb sa cama-rotjera.

Enganxen, s'hi afican totes dues, i icap an
aquell camp:

Com foren devant es forat de sa cama-rotja, S'
hi entonyen totes dues, prenen sa mina, i de d'
allà.

Al punt destriaren sa clarura entora, ben entora.

E-hi arriben, i se troben dins aquell jardí i de-
vant aquell casal.

Se '""n hi entren, passen sales i corredors, i sales
i corredors.

Tot amb-u senten un trepitx sec i espés que S'
acosta i S' acosta.

—jAmaguem-mos devall aquella taulal diu sa
jaia, i s' atican devall una que n'hi havía a un
recó.

Ar
",NA
262,"252 RONDAIES MALLORQUINES

Al punt s' entreguen, daixo daixo, sa partida de
pagos reals.

Es qui anava devant se pega tirada an aquelles
plomes dretes des cap, ets altres tan lo meteix, i
me tornen uns joves lo més plantosos i abrinats,
però aquell qui donava es cap devant, se 'n duia

sa ventatja d' un bon troç.

Allà ""s mig e-hi havía una taula: s hi asseuen, i
comencen a comparèixer ombres i ombres amb
plats d' arrós, autegat i rostit i altres erbes.

l aquells joves menja qui menja, però mostiis —.
tots i mújols, sensa demanar-se de noves uns amb
altres.

Acaben de sopar: tots, fora es caporal, s' aixe-
can, i—ibona nitl ibona nitl—se posen de bell nou
sa pell de pago, i descompareixen.

Aquell com se veu tot sol, se treu un espauma-
doret: se posa a besar-lo, i besa qui besa, i plora
qui plora, no parava de dir:

—iO Tereseta, si 't tengués a tú així com tenc
es teu espaumadoretl

Llavò se treu una pinteta, i besa qui besa aque-
lla pinta, i plors i més plors, i no s' aturava de dir:

—iO Tereseta, si 't tengués a tú, així com tenc
sa teua pintetal

Llavò se treu un mirai, i aquí foren ses bones:
plors i descapdell i besades an es mirai, com si I
s' hagués de menjar, i no feia més que dir:

—iO Tereseta, si 'm pogués mirar dins es teus
uis, així com me mir dins es teu miraietl

Na Tereseta, que havía vist tot-d' una que allò
era es fii del Rei, no pogué estar pus: surt de de-
vall sa taula, i sa planta devant ell, tota xalesta i
galanxona i cridant:
",NA
263,"SA CAMA-ROTJERA 253

—eNa Tereseta demanes2 cNa Tereseta vol-
dríes2... ij Vemet-aquíl

l Ell, tot esglaiat, pega crit: fa un tro pitjor que
aquell que s' al'lotona sentí dalt sa muntanya més
alta:... tot va descompareixer, i se trobaren dins
es camp de cames-rojes na Tereseta, sa Cama-
rotjera i es tii del Rei desencantat.

Botant d' alegría, s' afican dins es cotxo, i jde
quatres cap a ses casesi

Com el Rei i la Reina i tota la cort los veren, i
varen sebre es pas, tigurau-vos si hi havíen d' es- l
tar contents.

Se pensaven morir-se des goig i sa gaubança:
no sabíen quin cap los anava devant.

Prepararen la cosa p' es casament.

Com tot estigué enrengat, se va ter S' esclafit:
es fii del Rei i na Tereseta se casaren, e-hi hagué
unes noces mai vistes, ses alimares i sarau dura-

/ ren nou díes, i qui més va poder, més va fer per
obsequiar es noviis, que visqueren anys i més
anys, com Jusep i María, contents i alegres. l en-
cara son vius Si no son morts.

l al cel mos vegem tots plegats.

Detembre, de 1897.
3
",NA
264,"Era a ll a es PE AS BS P Ge
ES FUSTET 0
), — a
Aux era un Conte, molt gran senyor, però
——l que p es seu mal cap i per lo fora corda que :
anava, que no feia petjada dreta, acabà es clopin-
sos de tot, se va endeutar fins a sa rel des cabeis,
i vengué a un punt que ningú li tiava una treseta.

Va matar de disgusts sa dona, que se moría de
mala mort, i no més li deixà una ninona.

Havía nom Catalineta, i tots es qui la coneixíen
deien que no n' havíen vista cap mai de tan bona
al'lota i tan guapa.

l llavò que era lo més etxerevida i aguda.

i e-hu de creure i pensar que sempre que son
pare li demanava:

— Catalineta, éque no m' estimes

Ella responia, sortint com un pinyol de cirera:

—SÍ, mon pare.

—cMolt, molt2 deia ell.

(1) La'm contaren la noble senyora D.. Magdalena Despuig i
Troncoso i En Periquet Morell i Fortuny, de la Ciutat de Mallorca: na
Rafela Calona, de So 'n Servera: n' Aina Maria Sansó, Xica, de Manacor,

: i donya Margalida Barceló i na Juana Aina Florit, Berretera, de Sineu.
",NA
265,"ES FUSTET 255

—Molt de tot, deia ella: tant com sa sal a s' olla.

— Justament com sa sal2 deia. son pare, més de
mig cremat, perque ho trobava una cosa massa
comuna.

—jJustamentl deia na Catalinons, fent una riaia
ben tresca. l

Que me 'n direu2 Ell son pare, perque s' al'lo-
tona sempre li deia lo meteix, l' arribà a avorrir, i
passava setmanes sensa mirar-la-se ni demanar-li
de noves.

l e-hu de creurer i pensar que un marqués, amic
seu de bel'lendina, viudo també, un des senyors
més nobles i més rics que 's passetjaven, però
també des més cap-estlorats i perduts, —un día me
veu na Catalineta, tan garrida i galanxona, i se 'n
enamora: li entra una casera maleita, i la demana
a son pare per casar.

Son pare, com eren tan amigots, i com li con- l
venía a caramull tenir un gendre tan ric, no hi feu
dos mots: va dir que sí més que depressa.

Crida al acte na Catalineta, i li entloca:

—Mira: aquest marqués te demana per casar.
Es s' amic més gros que tenc, es senyor més no-
ble i més ric de tot es reinat. Ja li he donat es Sí:
a veure quin día vos casau.

Na Catalineta romangué sensa polsos.

Tornà més blanca que la paret, torcé es coll, i
va caure estesa de baticor.

Com va cobrar, rompé amb un plors destet, i no
hi havía qui l aconhortàs.

éCom s' havía de casar amb aquell homo que li
havía dit son pare, si li feia por es veure 'l i sen-
tir-lo no mésP si ja tenía una corentena d' anys, i
s' al'lotona corría es setze

i
",NA
266,"256 RONDAIES MALLORQUINES

l ique fa ellaP Se ""n va a sa mestra ont era ana-
da a costura, que l' estimava molt, i li conta lo que
passa.

—Però bé, diu sa mestra. dEl vols o no 'I vols2

—iQue he de volerl iPrimer consent morir, que
no 'Í vuit diu na Catalineta. /

—Idò mira, diu sa mestra: ésabs que has de fer2
Diga-li que per casar-te amb ell, t ha de dur un
vestit de perles i diamants amb tots ets aucells del
cel pintats, que no n' hi talt cap. No 'l te porà dur,

dl així ets escàpola.

Na Catalineta se 'n torna a ca-seua, i diu an es
marqués:

—No 'm casaré que no 'm dugueu un vestit de
perles i diamants amb tots ets aucells del cel pin-
tats, que no n' hi talt cap.

l es marqués pica de talons cap a cercar aquell
vestit.

. Tresca qui tresca p'es llevant, p' es ponent,
per sa tramuntana, p' es mitjorn, en lloc trobava
tal classe de vestit.

L' homo arribà que no hi veia de rabia, i ses
flestomíes li sortíen a carretades.

En Barrufet, tan atectat de posar pesta aont-se-
vuia, i de ter rentar llana negra an es qui li donen
ses portes p' ets uis, i d' ajudar a redols an es seus
per embarriolar-los més i més endins es filacs,—
ja hu crec que, per fer córrer tribunal a na Catali-
neta, comparagué an es marqués baix de sa forma
d'un homo de mal aspecte, i li diu:.— :

—el ara que tenime Veam, espliquet... Per ven-
tura 't poré treure de dins es tanc.

—jiQue he de tenir diu ell. Que he trobada una
al'lota, sa cosa més guapa i agradosa que ningú
",NA
267,"ES FUSTET 257
mai haja vista. L' he demanada a son pare per ca-
sar: son pare m' ha donat es sí, però ella m' ha dit
que, per casar-mos, li he de dur un vestit de per-
les i diamants amb tots ets aucells del cel pintats,
que no n' hi falt cap. I jo be cerc, però no puc tro-
bar tal classe de vestitl

— Això es totP diu aquell. Ja seràs aquí demà
en aquesta hora meteixa, i te 'n duré un.

Es marqués lo endemà a sa meteixa hora hi va
esser, i aquell li dugué es vestit de perles i dia-
mants amb tots ets aucells del cel pintats, que no
n'hi taltava cap cap.

Se 'n va correns a presentar-lo a na Catalineta,
que romangué sensa polsos, com el va veure.

—iVaja, si mos casaml diu ell...

—iVajal isortiguem-nel diu son pare.

Sa mesquina no pogué respondre: torcé es coll,
caigué de baticor, i la se'n varen haver de dur
dins es llit.

Tot-d' una que cobrà, rompé amb un plors des-
fet, i no hi havía qui l aconhortés.

—Pren per allà ont vulgues, diu son pare: dins
tres díes vos casau.

ls al'lotona plors i descapdell.

Se 'n va a contar-ho a sa mestra.

Sa mestra hi pensa una estona, i li diu:

—Mira: diga-li que per casar-te amb ell, te 'n ha
de dur un altre de vestit, també de perles i dia-
mants, amb la mar pintada, i s' hi han de veure ses
ones i tots es peixos nadar, grans i petits. No 'l te
porà dur, i així ets escàpola.

Des cap des tres díes s' entrega es marqués per
casar-se, conforme teníen compost amb so conte:
però na Catalineta va dir:

I Tom. lll—17

Ta
",NA
268,"258 RONDAIES MALLORQUINES

—No 'm casaré que no 'm dugueu un altre ves-
tit de perles i diamants amb la mar pintada, i s' hi
han de veure ses ones i tots es peixos nadar, grans
i petits. l

Í es marqués no tengué altre remei que anarse ""n
a cercar aquell altre vestit.

Tresca qui tresca p' es llevant, p' es ponent, per
sa tremuntana, p' es migjorn, no 'n trobà cap en
lloc, ni ningú que 's donés amb coratge de fer-ne.

: Ja no hi tornava veure de rabia, i ses flestomíes
les tirava a carretades.

Ja hu crec que no 's torbà gaire a sortir-li aquell
meteix homo de mal aspecte, i li diu:

—Que serà això eQue ja tornam tenir es ram
dins es revell2

—ijMaldement no le hi tengués tantl jEll ara S'
al'lota surt que vol altre vestit de perles i diamants
amb la mar pintada, i que s' hi vegen ses ones i es
peixos nadar, grans i petits. He cuidat a caure
mort cercant per tot, i no n'hi puc trobar cap, ni
qui 's don amb coratge de ter-nel

—eAixò es totP diu aquell. Ja seràs aquí demà
en aquesta hora meteixa, i te 'n duré un.

Es marqués lo endemà a sa meteixa hora hi va
esser, i aquell li dugué es vestit de perles i dia-
mants amb la mar pintada, i s' hi veien ses ones i
es peixos nadar, grans i petits.

Li pega grapadh, i correns cap a presentar-lo a
na Catalineta.

Com aquesta el veu, romàn de pedra.

—iHala si mos casaml diu ell, i en sortirem.

—iHalal... iSortiguem-nel diu son pare.

Sa mesquina no va respondre: torcé es coll, i
tutup en terra, lo meteix de morta.
",NA
269,"ES FUSTET 259
Com la varen haver. retornada, romp amb un
plors destet, i no hi havía qui l' aconhortés.
Son pare li diu:
—Mira, pren per allà ont vulgues: dins tres díes
vos casau, en que 'l dimoni en pas.
Í ella plors i descapdell.
Se 'n va a contar-ho a sa mestra.
Sa mestra hi pensa una estona, i llavó li diu:
—Mira, diga-lí que, per casar-te amb ell, te 'n
ha de dur un altre, també de perles i diamants,
amb totes ses plantes, i abres, i animals de la te-
rra pintats, i ses plantes han d' estar tlorides, i ets
abres carregats de fruit, i an ets animals les han
de poder contar es pels. No 'l te porà dur, i així
ets escàpola.
Des cap de tres dies s' entrega es marqués per
casar-se, així com ho teníen compost amb so con-
te, però na Catalineta va dir:
—Jo no 'm casaré que no 'm dugueu un altre
vestit de perles i diamants amb totes ses plantes i
abres i animals de la terra pintats, i ses plantes
han d' estar tlorides, i ets abres carregats de fruit
i an ets animals los han de poder contar es pels.
Quant son pare, devant aquesta sortida, no s'
hi abordà i no la teu benes, fonc que 'l Bon Jesús
ee no hu volgué.
Es marqués no va tenir altre remei que pendre
es capbussot cap a cercar aquell altre vestit.
Cerca qui cerca p' es llevant, p' es ponent, per
sa tramuntana, p' es migjorn, i ique havía de tro-
bar elll... ijtant com sa coua de s' asel
Sa rabia l' alçava en pes, ses tlestomíes li sor-
tíen a carrerancs de carretades.
Ja hu crec que aquell homo de mal aspecte s' hi
torna presentar, i li diu:
(OR A
5 ma
Orre
dl
",NA
270,"260 RONDAIES MALLORQUINES

—dAltre pic, Toni Colau2 i Ell ja 't tornam tenir
demunt sa parral Expliquet un poc, veam que 's
que tens.

—l éque ha d' esser diu es marqués. Que s' al'
lota està renegada,. que no es vol casar Si no li
dug un dimoni de vestit, que ""Il dimoni meteix no
es capàç de ter-lo.

—iAixò està a sebrel ijVeam quin vestit ha d'
esser aquesti

—Un vestit de perles i diamants amb totes ses
plantes, abres i animals de la terra pintats, i ses
plantes han d' estar tlorides, ets abres carregats de
fruit, i an ets animals los han de poder contar es I
pel.

—ldò síes aquí demà en aquesta hora meteixa, i
així com te vaig dur ets altres dos, te duré aquest.

Es marqués lo endemà a sa meteixa hora hi va
esser, i aquell homo li dugué es vestit de perles i
diamants, amb totes ses plantes, abres i animals
de la terra pintats, i ses plantes estaven tlorides, i
ets abres carregats de fruit, i an ets animals los
poríen contar es pels.

. o Es marqués l'agata, i icap a presentar-lo a na
Catalinetal

Na Catalineta, com el se veu devant amb so
vestit, i que ell i son pare li deien: ciHala Si 'n
sortim d' una vegada: perdé el mon de vista, torç
es coll, i fufup en terra com a morta.

Com l' hagueren retornada, romp amb un plors
desfet, que no hi havía ningú qui l aconhortés.

Son pare li diu:

—Mira: qui ta tres, ase es: dins tres díes, vul-
gues no vulgues, vos casareu. Í no te 'n vengues
a demanar més vestits, que no t escoltarem pus.
Ja has abusat de noltros qui basta.
",NA
271,"ES FUSTET 261

I na Catalineta plors i descapdell.

Se 'n va a contar-ho a sa mestra: i sa mestra
com prou e-hi hagué pensat, diu:

—No hi veig remei per cap vent.. Anem a veu-
re una amiga meua fada, veam si ella mos obri
qualque portell.

Se 'n hi van i sa fada diu:

—iSabeu que porem fer2 Un tustet, una espe-
cie de figura de dona de fusta, buida, amb uns ba-
lladors en es braços i a ses cames. T' hi posarem
dedins, Catalineta, amb sos tres vestits que 's
marqués t' ha duits i una capseta que 't donaré jo,

i no més l has d' obrir com estaràs apurada de tot

de tot. Te durem dins un bosc: i dins es tustet així
meteix podràs trescar qualque mica i viuràs d' er-
betes. Ton pare ni 's marqués ne sabràn pus no- —
ves de tú, i t' escapes de ses seues ungles.

—ijConsent a tot, sols per escapar-me ""ni diu na
Catalineta. :

Sa fada enllesteix es fustet amb sos ""balladors
en es braços i a ses cames, na Catalineta s' hi po-
sa dedins amb sos tres vestits i sa capseta de sa
fada, aquesta i sa mestra tancan, i la se 'n duen

/ dins un bosc ben enfora: la hi deixen, i se 'n tor-
nen plorant sensa conhort.

I na Catalineta dins aquell tustet navegava així
com poría, cercant erbetes, olivó i llentiscla.

Des cap de temps el Rei de per allà, cassant cas-
sant, se perdé per dins aquell bosc, i tresca qui
tresca, me veu un embelum qui se movía.

S' hi acosta, i va esser es tustet..

—iO quin tustet exclama tot-d' una. //as/ i se :
moul jO que m' agrada aquest tustetl jja 'l me'n .
vui jo dur a sa casal

di
",NA
272,"262 RONDAIES MALLORQUINES

El posa demunt es cavall, a torça de forces, afi-
na sa Sortida d' aquell bosc i cap a ca-seua s'ha
dit.

E-hi arriba, i se 'n du es tustet dins sa seua cam-
bra, el posa dins es lligador, i passa orde que no
sía ningú que s' atans a entrar-hi.

Es tustet, sempre que 'l Rei entrava o sortía, li .
deia: Deu lo guard, Senyor Rei, i responia a tot
lo que li demanava.

El Rei arribà que no passava gust més que de
conversar amb so tustet.

L' homo era fadrí, i d' al'lotes n' hi havíen tre-
tes set deus, però era molt primcernut, i a totes
les trobava tara.

Ala fi per no sentir pus es nobles de la cort,
que no 'l deixaven viure de pitja que li donaven
perque no se casava, va ter unes dictes: que tres
vespres se taría un grandiós ball, aont quedaven
convidades totes ses al'lotes des seu reinat, i allà
triaría sa més guapa i sa més balladora de totes, i
sa casaría amb ella, fos sa qui tos.

Vengué es primé vespre des ball. i el Rei s' en-
llestía i se feia sa piula tant be com sabía, i mou
conversa an es fustet, com tenía de costum. l .

—PFustet, ique no has de venir an es ball2

Í es tustet respón:

—Un tustet no pot anar en lloc, senyor Rei.

Com se pegava ses derreres pentinades, li tor-
na dit:

—iHala, fustet, anem-hi an es ball:

—Senyor Rei, un fustet no pot anar en lloc.

—ldò iqueda aquí, gran sotronyl li digué, i li
pega amb s' aclaridor.

Se 'n va an es ball, i ja no més faltava que arri-
",NA
273,"ES FUSTET 263
bés ell per començar. l ivos assegur que n' hi fal-
taven poquetes d' al'lotesi... just ses coixes de
ses dues cames i ses baldades. El Rei feu treure
de sa rol'lada aquelles més lletges més lletges, que
no hi havía llivell de poder-les-se mirar, suposat
que eren ben escusadores de sortir a 's mig.

De ses que romangueren a sa rol'lada no n'hi
havía cap que no tengués ben molt de coratge d'
esser sa preferida, per poc que 'l Rei se miràs en
so triar.

Comença es ball, i vos assegur que totes e-hu
feien de tot, i que no hi robaven gens a sa teina.

Com na Catalineta va creure que 's ball estava
encés de tot, surt des tustet, obrí sa capseta de sa
fada: i dedins e-hi hagué un vestit des sol i sa llu-
na, i una cadira d' or amb unes ales.

Se posa es vestit des sol i sa lluna devall, i /
ademunt es de perles i diamants amb tots ets au-
cells del cel pintats.

S' asseu en aquella cadira, aquelles ales s' ai-
xamplen i sa cadira pren el vol, i na Catalineta
per amunt.

Sa cadira se planta devant ca 'l Rei, i na Cata-
lineta devalla, pren escala, i icap an es balll que

. ja estava a punt de pastora mía, i el Rei que se
cuidava a treure ets uis mirant al'lotes, i se veia
tot endidalat per triar de tantes com n' hi havía de
ben guapes.
Com na Catalineta se presentà, tot-hom roman-
gué amb un peu alt. Totes ses altres al'lotes eren
morq £ s devora ella.

El Rei la convida a ballar: ballen una meteixa i
un copeo, i deixà ses primeres balladores cent lle-
gos derrera.

£
",NA
274,"264 RONDAIES MALLORQUINES

El Rei estava tot ferit l'a, mirant-la-se. No n'
havía vista cap mai que li agradàs tant, d' un bon
troç.

Tantes coses li veníen a sa llengo per dir-li, que
no sabia per ont començar. l

A la tí romp i li demana:

l ee —eNO0 'm diríeu d' ont sou, senyoreta, Si vos
plau2

—eD' ont some diu sa pitxorina. De la terra
aont peguen amb l' aclaridoret.

l encara no hu va haver dit com fuig just un es-
tel. /

—jCriats i criadest diu el Rei, imirau per on
pren aquesta senyoretatl

Es criats i criades li pitjen derrera ben correns.

Na Catalineta devalla ets escalons de tres en
tres, arriba a Sa cadira que estava devora es por-
tal: s' hi asseu, s' alça una mica es vestit de de-
munt, mostra es des sol i sa lluna, i deixa enlluer-
nat tot-hom amb aquella claredat, molt més forta
que sa d' un llamp.

Aquelles alés se tornen aixamplar, sa cadira
pren el vol, i na Catalineta per amunt.

Com fonc dins es lligador, se treu ets dos ves-
tits, obri sa capseta de sa tada, hi estoja es vestit
des sol i de sa lluna i sa cadira d'or, i amb sa
capseta i s' altre vestit se tanca dins es fustet, i...
com si res tos estat.

Quant es criats i criades contaren que los havía
envestit una gran clarandera just an es portal i los
havía deixats cegos, sensa poder veure per ont
prenía sa senyoreta, el Rei quedà ben atxul'lat i
va dir:

—iSi demà vespre torna, i vos fa sa meteixa
endemesa, vos assegur que sebreu jo qui som.
",NA
275,"ES FUSTET 265

Passa per orde que ja basta de ballar, i tot-hom
se 'n anà a jeure. È

Com se desvestía dins es lligador, digué an es
fustet:

—iO tustet, quina al'lota més guapa que 's ven-
gudal jJja t hauría agradat veure-lal Jo no n' havía
vist cap mai: ni n' hi ha un altre en tot lo mon...

—el no l' ha triada, senyor Rei2 demana es fus-
tet.

—i Ell no he tengut tempsi Tot-d' una que ha
hagut ballat, mos es fuita com un llamp. Si demà
vespre no torna, està fet de mí. Si torna, Deu ho
faça qui pot, iho veurem si mos escaparàl

Lo endemà de tot lo día no se pogué treure de
dins es cap que aquella senyoreta hagués dit que
era de la terra aont pegaven amb l' aclaridoret.

—e Quina terra serà aquestaP deia ell.

Es vespre se tornava enllestir per anar an es
ball, i mou conversa an es fustet, com tenía de
costum:

—iFustet, creu-me, anem-hi an es ball anitl
ianem-hi per un gustl

—-Un tustet no pot anar en lloc, senyor Rei. iNo
sé com no hu veul

Ell no s' aturava de dir-li: anern, i es tustet sem-
pre sortía en es meteix tancat:

—Senyor Rei, un tustet no pot anar en lloc.

El Rei s' arribà a mig entadar: anava a posar-se
sa trobiguera de sa cama endreta, i diu:

— jJas, idò, gran traidorl iperque no vols venirl

I pega amb sa trobiguera en es cap des fustet.

Se 'n va tot aixarmat en es ball, i ja no més tal-
tava que arribés ell per començar.

D' al'lotes n' hi havía un estol que no eren tot
dd
",NA
276,"266 RONDAIES MALLORQUINES
berbes. Fora aquelles que havíen tretes de sa rol'
lada s' altre vespre, totes-havíen tornat comparei-
xer, però ja no teníen tant de coratge, i deien el-
tre sí meteixes:

—Si aquella torna, no hi ha apellació, mos farà
batre per ses foranes.

Comença es ball, i poreu estar ben segurs que
totes treien s' estam, es des díes teners i es des
diumenges, i més n' haguessen tengut.

Com na Catalineta tornà creure que's ball ja
començava a estar encés, surt des tustet, obri sa
capseta de sa fada, i hi hagué es meteix vestit des
sol i de sa lluna i sa meteixa cadira d' or amb ses
ales.

Se posa aquell vestit devall, i ademunt es de
perles i diamants amb la mar pintada, aont se
veien ses ones i tots es peixos nadar, grans i pe-
tits.

S' asseu an aquella cadira, aquelles ales s' ai-
xamplen, i sa cadira pren el vol, i na Catalineta
per amunt.

Sa cadira se planta devant ca I Rei, s' al'lotona
devalla, i ja pren escala jcap an es balll que ja es-
tava a punt de pastora mía, i el Rei que se cuida-
va a treure ets uis mirant al'lotes: i sa veia tot en-
didalat per triar de tantes com n' hi havía de ben
guapes.

Com na Catalineta se presentà, tot-hom roman-
gué amb un peu alt. No hi havía remei: totes ses
altres feien por devora ella.

Ja hu crec que 'l Rei la convidà a ballar.

Ballaren una meteixa i un copeo, i si es primer
vespre havía deixades ses primeres balladores cent
llegos enrera, es segón vespre les hi deixà mil.
",NA
277,"ES FUSTET 267

El Rei no sabía que li passava. Com que la s'
hagués de menjar amb sa vista. Li veníen una par-
tida de coses a sa llengo que dir-li, però, no sa-
bent a ne quina donar el devant, ensata sa con-
versa amb aquesta:

—éNo 'm direu d' ont sou, senyoreta, Si vos
plau

—eD' ont some diu ella. De la terra aont peguen
amb la trobiguereta.

l encara no hu hagué dit, com pega fúa cap an
es portal, i icametes me valguenl

—iCriats i criadesi diu el Rei, icorreu derrera
aquesta senyoreta, veam per ont prenl

Es criats i criades li pitjen derrera, ben correns.

Na Catalineta devallava ets escalons de tres en
tres, arriba a sa cadira, s' hi asseu, s' alça. un poc
es vestit de demunt, mostra es des Sol i sa lluna, i
deixa enlluernat tot-hom amb aquella claredat molt
més forta que sa d' un llamp.

Aquelles ales se tornen aixamplar, sa cadira
pren el vol, i na Catalineta per amunt.

Aviat tou dins es lligador, se treu es dos vestits,
obri sa capseta de sa fada, hi estoja es vestit des
sol i de sa lluna i sa cadira d' or, i amb sa capseta
i s' altre vestit se tanca dins es ftustet, i... com Si
res tos estat.

Com el Rei va sebre des criats i criades que
just en es portal los havía tornat envestir sa gran
clarandera, i no havíen pogut veure sa senyora
per on prenía, va prende una gran maliciada, los
arrefollà de casta forta, i acabà dient:

—iSi demà vespre torna, i vos ta sa meteixa en-
demesa, vos assegur que seràn passats vuit díes,
i encara no e-hu de tenir fret devers ses costellesi

dd
",NA
278,"268 RONDAIES MALLORQUINES

Passa orde que ja basta de ballar, i tot-hom li
estreny a jeure.

Com l homo se desvestía dins es lligador, diu
an es fustet.

oo —iO tustet, ja hu ets estat ben beneit no venirl
iEll es tornada aquella senyoreta tan guapal il en-
cara hu pareixía més anit que ahirl jO quina gua-
pesa, quina gracia, quina galaniat

— cl no l' ha triada, senyor Rei2

— i No me 'n parls, que mos es tornada togiri I
per més burla i afronta, es criats l'encalçaven, i
tot amb-u Son romasos enlluernats, i no han pogut
sebre per ont preníal

—iSí que hu es llesta idòl

—ija t' ho assegurl... Però si demà vespre tor-
na, iho hem de veure Si li valdrà es fogirl

El Rei no pogué dormir casi gens de tota sa
nit, i lo endemà no cengué tampoc de son cedés,
pensa qui pensa qui poría esser aquella senyoreta,
i no hi sabía donar volta, que li hagués dit que era
de /a ferra aont peguen amb la trobiguereta.

Es vespre se tornava enllestir per anar an es
ball, i mou conversa an es fustet, com tenía de

costum:

—iVaja, tustet, Si hi vens anitl / Vinei per un
gustl iT' assegur que t' agradarà si aquella pitxo-
rina tornal... jVaja, hi has de venirl

—ijUn tustet no pot anar en lloc, senyor Rei.

—eQue té que veure2 Cadascú es així com Deu
l ha fet. Tu vina, i feten un nuu a sa coa de lo
que puga dir sa gent. /

—No, senyor Rei jun fustet no pot anar en llocl

El Rei e-hu pren tort, se posava ses sabates, i
se 'n treu una que tenía mig passada, i diu:
",NA
279,"ES FUSTET 269

—ijas, idò, renegatl... iperque no vols venirt

lli pega un toquet amb s' empena.

Se 'n va, tot mes, an es ball, i ja no més man-
cava que arribés ell per començar.

D' al'lotes n' hi tornava haver una mala fí, i vos
don per cosa certa que anaven totes ben enllesti-
des. Les s' havíen tetes be a ses piules, i en duien
poca de vessa, sobre tot a ses cames, perque era
es derrer vespre de ball, i s havía de ter s' escla-
fit de sa guapesa i des ballar.

Qui les ho esborrossonava tot, era aquell dian-
tre de senyoreta.

Totes veien massa clar que, si ella tornava i no
fogía, no hi hauría apellació: los treuría Sa carn de
dins s' olla, el Rei no se 'n miraría altre. :

—iAnimetes santesi... jque sía tan fogissera
anit com ets altres vespresi deien totes amb bona
devoció. jAmen que hu síal jAmenl

Es criats i criades, per salvar ses costelles de sa
ruixada, s' armaren d' unes uieres fumades per si
venia es cas d' haver d' encalçar aquella gran frai--
dora.

Es ball començà, i era un gust veure ballar me-
teixes rabioses i copeos vitencs.

Com na Catalineta va creure que la cosa estava .
a punt, surt des tustet, obri sa capseta de sa tada,

i hi hagué es meteix vestit des sol i de sa lluna i
sa meteixa cadira d' or. e

Se posa aquell vestit devall, i ademunt es de
perles i diamants amb totes ses plantes, abres i
animals de la terra pintats, ses plantes tlorides, ets
abres carregats de fruit, i ets animals tan ben trets,
que los poríen contar es pels i tot.

S' asseu en aquella cadira, aquelles ales s' ai-

dd
",NA
280,"270 RONDAIES MALLORQUINES
xamplen, sa cadira pren el vol, i na Catalineta per
amunt.

Sa cadira sa planta devant ca'l Rei, devalla s'
al'lotona, i ja pren escala jcap an es ballt

Es ball estava encés de tot, però com se pre-
senta na Catalineta, tot-hom queda amb un peu :
alt. :

Llavò sí que se va convencer tot-hom de que
ses altres devora ella no eren miradores, i que les
apagava a totes com es sol ets estels.

Ja hu crec que 'l Rei al acte volgué ballar amb
ella.

Ballaren un parei de meteixes i un copeo: i si es
segón vespre havia deixades ses altres balladores
mil llegos derrera, llavò les hi deixà deu mil.

El Rei no sabía quin cap li anava devant.

Tenia es cinc sentits i ses tres potencies demunt
aquella hermosura, i hauría volgut tenir cent uis
a cada cabei per poder-la-se mirar millor.

De tantes coses com li veníen a Sa boca per dir-
li, no sabía per ont començar.

Lo primer que li Sortí fonc lo d' ets altres ves-
pres:

—e No 'm diríeu, senyoreta, d' aont sou, Si vos
plau2

—eD' ont some De la terra ont peguen amb la
sabateta, digué ella.

l l encàra no hu va haver dit, com pren sa fúa
cap an es portal, i de d' allà per s' escala.

—iCriats i criades, i tot-hom, pitjem-li derreral
digué 'l Rei. l

Il tot-hom iper avall derrera na Catalinetal

Ella arriba a sa cadira, s' hi asseu, s' alça un
poc es vestit de demunt, mostra es des sol i sa
",NA
281,"ES FUSTET 271
lluna, i aquella claredat, més forta que sa de um
llamp, deixa enlluernat tot-hom,. tora es criats i
criades que anaven armats d' aquelles uieres.

Ells veren que sa senyoreta s' assegué an aque-
lla cadira, que sa cadira va pendre el vol, però
com ella amollà es vestit de demunt, es des soli
sa lluna romangué tapat, i sa tosca tot s' ho va ter
seu, no pogueren veure per ont prenía.

Tot-hom estava amb sos cabeis drets, es ball
quedà descarabutat, i el Rei va dir que ja era hora
d' anar-se 'n a jeure, i que ell se 'n hi anava abans
de més raons, sensa voler sopar.

Anava tan infundat amb aquelles coses, i es cap
li cloquetjava tan tort, que no tengué eima de des-
vestir-se, i se tirà demunt es llit així com anava.

Lo que més li picava era que aquell diantre de
senyoreta es primer vespre li hagués dit que era
de la terra aont pegaven amb l' aclaridoret, i es
segón vespre, de la ferra aont pegaven amb la
trobiguereta, i es tercer vespre, de la terra aont
pegaven amb la sabateta.

—iEn no esser es tustet, deia ell, no sé com
ningú me puga haver dit aixòl Però es tustet es
un tustet, i aquella senyoreta es ben de carn i Os,
i no pot sebre que jo tenga tal tustet aquí dins, i
manco que jo li pegàs amb Ss'aclaridor, amb sa
trobiguera, amb sa sabata...

L' homo acabà per malpensar-se des ftustet, i
éque fa ellP

Se fingeix malalt, però ben malalt.

Se renegà a pendre, i es metges digueren:

—Si amb brou no ""I sustentam, està fet d' ell,
batrà es peus.

— ji Fii meu dolçt deia sa mare, presentant-s' hi
",NA
282,"272 RONDAIES MALLORQUINES
amb una escudelleta de brou. jPren aquest brou
per amor de Deul iPren-lol... ino taces aquesta
infamia a ta maretatl

—iSenyor Rei, que 'l prengal deien tots es no-
bles de la cort, voltant es llit.

El Rei no teia signes de res. /

A la fí digué amb una veu com a de l'altre
mon:

—Ni pendré brou ni res, Si no 'l me ta es fusfet.

—Però équi ha vist mai, deia la Reina i tots es
nobles, un fustet fer brou

—Se sía vist, no se Sía vist, responia el Rei, no
pendré res que no sía tet seu.

No tengueren més remei que anar an es tustet i
dir-li:

—Fustet, hauràs de fer brou p' el Rei. No 'n
vol si tu no le hi fas.

—Un tustet no es bo per res, digué ell.

i —No, es que l' has de ter, que 'l Rei està llest
si no le hi tas.

—ldò duis-me una galina, una olla i uns togons
amb toc, i tancau-me, que no puga entrar ningú.

Li duen sa galina, s' olla i es togons, i tancan
es lligador ben tancat.

El Rei fa Sortir tot-hom de sa cambra per veure
si poría aclucar gens ets uis, i comana que no sía
ningú que entr, que ell no crit.

Com se veu tot sol, s' aixeca, i icap a sa porta
des lligadorl a mirar p' es torat de sa clau.

Mira qui mira, veu trategar una senyoreta justi-
fet aquella que havía comparegut es tres vespres
en es ball, i duia, com aquella es primer vespre,
un vestit de perles i diamants amb tots ets aucells
del cel pintats.
",NA
283,"ES FUSTET 273

El Rei quedà amb sos cabeis drets, sobre tot
com va veure que aquella senyoreta, tot-d'una
que tengué es brou fet, obri es tustet, s' hi amaga
dedins amb so vestit, i... com Si res fos estat.

—eAixí va això2 diu ell. iJa n' he de veure jo la
fíl... Sobre tot, ifora ter res coneixedor per aral

Se 'n torna de puntes de puntes dins es llit.

Crida, i compareix sa mare amb un parei de se-
nyors.

—Anau a veure Si ja 'l té tet, los diu.

Se ""n hi van i tocan.

—Entrau, diu es tustet. Ja està: le hi poreu dur,
en voler.

. —Le hi dugueren, i li agradà una cosa fora mida.

El s' acabé tot, i més n' hi hagués hagut.

Lo endemà es tustet hagué de tornar ter es brou
an el Rei, perque 'l Rei no s' aturava de dir:

—Res pendré si no es fet d' es fusfef, res, res... ,

Es fustet, com le hi contaren, digué:

—ldò duis-me un altre gallina i toc, i tancau,
que no puga entrar ningú.

Li duen sa gallina i es toc, i tancan es lligador
ben tancat.

Ja hu crec que I Rei volgué tornar romandre
tot sol dins sa cambra, comanant que no s' atrevís
a entrar ningú, que ell no cridàs.

Tot-d' una que 's veu tot sol, ja pega bot des
llit, i cap a sa porta des lligador a mirar p' es fo-
rat de sa clau.

éQue me 'n direu2 Ell tornà veurer trafegar per
allà dedins aquella meteixa senyoreta, justitet sa
que compareixía an es ball, i era tan talaguera de
fogir. Duia com aquella es segon vespre, un ves-

Tom. III—18
sr
",NA
284,"274 RONDAIES MALLORQUINES
tit de perles i diamants amb la mar pintada, i S'hi
veien ses ones i es peixos nadgr, grans i petits.

Poreu fer comptes com se degué posar el Rei, i
si los devía badar an ets uis, sobre tot com va
veure que aquella gran traidora, tot-d' una que
tengué es brou fet, s' amagà dins es fustet.

—iVaja, quina passadal deia ell. eQui s' ho ha-
vía de pensar mai que dins es fustet e-hi hagués
tot aixòP (l jo haver-ho tengut tant de temps aquí
dins, i no esser-me ""n temutl... Sobre tot, jiiora ter
res coneixedor encaral jEsperem a demàl Si demà
du s' altre vestit, no hi ha vel, es ella...

Se 'n torna de puntes de puntes dins es llit.

Crida, i compareix sa mare amb un .parei de se-.

nyors.

—Anau a veure Si 'I te fet, los diu.

Se ""n hi van i tocan.

—Entrau, diu es fustet. Ja està: ja li poreu dur
en voler. I

Le hi dugueren, i li agradà una cosa fora mida.

El s' acabà tot, i més n' hi hagués hagut.

Lo endemà el Rei torna a ses meteixes:

—Si no es tet des fusfef, no vui res: primer
consent morir de fam.

No hi hagué més remei que dur un altre gallina
i toc an es tustet, i tancar es lligador ben tàncat.

El Rei volgué tornar provar si aterrería es Sò, i.
tot-hom hagué de sortir de sa cambra, i ben coma-
nat que los deixà que no tos ningú que entrés tins
que ell los cridaría.

Tot-d' una que se veu tot sol, pega bot des llit,
i cap a Sa porta des lligador a mirar p' es forat de
sa clau.

Ja hu crec que hi tornà veure aquella meteixa
",NA
285,"ES FUSTET 275
senyoreta, justitet sa qui havía comparegut es tres
vespres an es ball, i també duia com aquella es
derrer vespre, un vestit de perles i diamants amb
totes ses plantes, abres i animals de la terra pin-
tats.

La se mirà bé, i ben cert i segur de que era sa
meteixa que 's tres vespres era fuita des ball, ja no
esperà que acabés de fer es brou i se 'n tornés
dins es iustet: sino que pega sempenta amb tota
sa força a sa porta des lligador, passa sa porta per
ui, i li diu, més content que un pasco:

— Tú ets sa que vengueres es tres vespres an
es ball, i mos togires. Tú ets sa més guapa i sa
més balladora de totes: amb tú m' he de casar.

—jAménl digué ella tota xalesta. jja hu hau-
ríem d' esserl iSí que hu som sa meteixal

Ell crida sa mare i tots ets nobles de. la Cort, i
los mostrà na Catalineta, tota resplandent de gra-
cia i galanía, més hermosa que mai.

—iSí que hu es sa meteixa que venía an es balll
exclamà tot-hom. iSí que hu esl iVival ivival

Li feren contar com era que estava dins es fus-
fet, i no més digué que la hi havíen. haguda de
posar per alliberar-la d' una desgracia que li anava
a venir.

El Rei teu enrengar la cosa p' es casament. Com
tot estigué a punt, se casaren, i hi hagué unes no-
ces mai vistes.

Na Catalineta volgué que son pare hi fos.

L' homo no havía sabut res pus d' ella, i la se
figurava morta i re-de-morta.

El convidaren com un de tants de senyors gros-
sos, i hi va anar.

Ses derreres que tenía ell de que la Reina jove
li atanyés tant.

s
",NA
286,"276 RONDAIES MALLORQUINES

Ella passà per orde que totes ses coses que du-
guessen an es Conte, fossen aguiades sensa sal.

L' homo pegava cuierada, i, com ho trobava tan
fat, no hu poría fer passar.

Li duien un altre plat, i lo meteix. —

N'hi duien un altre, i un altre, i, com més ana-
va, més fat ho trobava, i manco hu poría fer pas-
sar.

Í tot-hom que 'l se mirava, i sobre tot la Reina

/ jove, que no li llevava la vista de demunt, i desia-
ra li deia:

—iSenyor Contel gi que no hu trobau boP...
cO es que no estau gaire fíP Ó

—Estic bé, senyora Reina, deia ell tot entrescat.

Í tornava provar de menjar, però no hi havía
remei, de fat que hu trobava.

lla Reina que 'l tornava ponyir perque no tas-
tava res, i ell que no gosava dir per que era.

À la tí acabà sa paciencia: Sa tira sa vergonya
derrera, i diu:

—Senyora Reina, jo le hi diré per que es que no
tast res: perque tot quant me duen es més fat que
fanc, i no hu puc ter passar.

—-sQue vol dire exclama la Reina. el jo 'm creia
que no n'hi volía de sal an ets aguiatsP éMe
pensava que no hi havía res que vos caigués mes
tort que sa sal a s' ollaP

—eA míP diu ell tot sorprés i sensa sebre com
era que li anava amb aquestes.

— A vos, a vos, diu la Reina. Es ben cert que

que — mM pensava gne no n'hi volíeu gens de sal a s'
olla, i que trobàveu que no hi pegava cap mica.

Com es Conte sentí aquestes paraules de la
Reina, quedà de pedra, lo meteix que Si li hagués
pegat un llamp.
",NA
287,"ES FUSTET 217

Cop en sec li vengué a sa memoria sa seua fieta
Catalina i aquelles paraules que ella sempre li
deia, i que a ell li queien tan malament: 3 Vos es-
tim tant com sa sal a s' olla.: c Vos estim tant com
sa sal a s' olla.

—é Com pot esser aixòP2 deia ell entre sí meteix,
tot esglaiat. Com aquesta Reina me pot dir lo que
me diuP çCom es que 'm xapa de mig a mig2 iNin-
gú, en no esser sa meua fia, me poría dir aixòt...
iSí que m' ho tenc ben guanyatl... ijMés ne me-
resci iAra ho veig lo que un ha d' estimar sa sal
a s' olla, lo molt que es esfimar-ne un tant com l
sa sal a s' olla... iAra hu veig lo molt que m' es-
timava aquella tieta meua, quant me deia allòl...
il jo perque m' ho deia la vaig avorrir, i llavò a la
força li volía ter ter aquell desbaratl... jNo tenc
perdó de Deut

l aquí no pogué pus, i esclatà amb plors com
un nin petit, i es seus uis eren dues fonts.

Tots es. convidats quedaren astorats com el ve-
ren d' aquella manera.

Tots s' hi arrol'làren demanant-li:

—Senyor Conte, eque téP—cQue té senyor
Contee—Però esque es això ara.

—iQue ha d' esserl arribà a dir ell. jQue una
sola tieta que tenía la vaig avorrir sensa motiut il
si no fuig de ca-meua, la mataval... jPobre fieta

meual... iDeu sab aont etsl... jOh si jo sabés
aont etsi /

Aqui la Reina jove s' afica p"" es mig de sa gent,
se planta devant es Conte, i li diu:

—iMon pare, no ploreu pust jjo som sa vostra
fia Catalinat... jVemet-aquít iMirau-me bé, veam
si no 'm coneixereul

r
",NA
288,"278 RONDAIES MALLORQUINES

Es Conte la se mira fit a tit.

—iSí que ets tú, fieta meual va dir amb un crit
que sa congoixa i s' alegría li auftegaren.

Tots dos se abraçaren plorant, i no los poríen
desterrar.

Tot-hom estava amb sos cabeis drets.

Figurau-vos quina alegría per na Catalineta, per
son pare i p' el Rei.

Tot-hom e-hi va pendre part, tot-hom los dona-
va mil enhoresbones: i ses festes, sarau i alimares
s' allargaren nou díes més, i per tot s' olla gran
anà dins sa petita.

Es Conte, per tenir perdó de Deu, se volgué
tancar dins un monestir, i el Rei i na Catalineta
visqueren com Jusep i María anys i més anys.

Í si no son morts, son vius, i si no son vius son
morts: i al cel mos vegem tots plegats. Amén.

Torre Nova, Agost de 18697.
Salle ls
",NA
289,"DCECDCDCEDEDCCEDSXE
DOBOdEOSOOdESEOedEODAdEHQEOdcdEeSEedEDSEnE dE
Mestre Nadal de sa placeta del Socós O

Aro era un sabateró de sa placeta del Socós,
mi — que havía nom mestre Nadal.

Era en aquell temps que a la Ciutat de Mallorca
es vespres no enceníen cap tanal. :

Un vespre mestre Nadal se retirava a ca-seua
amb una llenterneta i ben embolicat amb so capot.

Sa llenterneta s' apaga, l' homo se trobava de-
vant una gran claveguera, i, en lloc de pendre es
seu carrer, pren claveguera, i per endins i per en-
dins.

Camina caminaràs, i cap envant te faràs, afina
un llumeneret entora, ben enfora.

S' hi acosta, i fonc una ciutat aont tots eren —
torts.

Com el me veuen que tenía es dos uis condrets,
la ciutat s' alça.

—el aont se 'n ve ara aquest amb sos dos uisP
deia tot-hom. él que se deu haver figurat2

(1) La'm contà D. Nicolau Dameto i Rotten, Pvre. Es tan antiga,
que 'l rebesavi de D. Nicolau ja la contava.

Pd
",NA
290,"280 RONDAIES MALLORQUINES

Tant s' hi infundaren, que fan una crida que quí
tenga es dos uis, pena de la vida.

Mestre Nadal, veent es joc tant mal entaulat, fa
un pegadet de serol, el se posa demunt un ui, el
s' embena, i ihala tresca qui trescal

Ningú li digué res pus, ni se tornaren empatxar
d'ell.

L' homo s' arriba a cansar de dur es pegat de
serol, i un vespre, com tota la ciutat dormía, ho
dona a ses cames, i de d' allà.

Camina caminaràs, i cap envant te faràs, destría
un llumeneret enfora, ben enfora.

S' hi acosta, i fonc una ciutat aont tots eren coi-
XOS.

Com el me veuen que caminava dret i que tenía
ses dues cames sanes i ben iguals, la ciutat s' alça
tota.

—el d' ont mos surt ara aquest amb ses dues
cames condretes2 deia tot-hom. él que se deu ha-
ver figurat ell2 Il hem de consentir que un foreste-
rando de mala mort se 'n puga riure de noltros2

Tant s' hi infundaren, que fan una crida que qui
camín dret, pena de la vida.

Mestre Nadal, per por de no esser-hi demés, s'
ajeu, i com prou hagué sucat ets ais per veure
com se 'n desfaria d' aquells trunfos, arruta una
cama, la se ferma ben fermada amb una llendera,
i la se passa díns sa cama des calçons. Arma una
Ccrossa, i surt a 's mig des carrer, coixeu coixeu.

Ja no hi hagué ningú que li digués res pus, ni 's

l tornaren empatxar d' ell.

L' homo al punt arribà a estar cansat de dur sa
cama fermada, i un vespre, com tota la ciutat dor-
mía, toca soletes, i de d' allà, si m' agatau.
",NA
291,"MESTRE NADAL DE SA PLACETA DEL SOCÓS 281

Camina caminaràs i cap envant te faràs, destría
un llumeneret lluny, ben lluny.

S' hi acosta, i fonc una ciutat que tot eren ho-
monets de colzada, i n' hi havía més que mosques,
i, tots bota qui bota i crida qui crida, no s' atura-
ven de fer /.rípili/ jxípilil

Com me veuen mestre Nadal tan gros, tan gran-
'dolàs, que cap d' ells li arribava an es ventre de sa
cama, e-hi hagué un /oiva 'l rei/

llo que los va caure més tort, que mestre Nadal
no tes: /.xípilil jxípili

—éA ne quí2 deien tots, movent un rebumbori
de los cent mil dimonis. él que se deu haver figu-
rat aquesta bestia2 ji Ell es més alt que ses criatu-
rest... il per més burla i afronta mos deu mirar a
tots com un no res, sa bestiotal... il no ta /xípili/
jxúpili,

Tant s' hi infundaren, que fan una crida que qui
no faça j.xípilil jxípilil jpena de la vidal

Mestre Nadal los s' escoltà tant com sa coa des
moix.

Ells s' hi aborden com escorpinets, peró mestre
Nadal les enteierrava cossa, i en feia botir set
deus de copes, però si 'n queien set deus, se 'n
hi aticaven setanta set deus més.

Tants se 'n hi aficaren, que l' arribaren a retre,
i el fermen amb fils d' emplomar i amb cadenetes
de llumenera.

El me deixen tot sol, ben segurs de que no era
capaç de desfermar-se en tota la seua vida.

A mestre Nadal aquell frit no li agradava gaire,
i Com tota la ciutat dormí, pega espolsada i romp
es fils i ses cadenetes: amb una rebel'lada S' aixe-
ca, se posa ses cames en es coll, i d' allà s' ha dit.

sr
",NA
292,"282 RONDAIES MALLORQUINES

Feia una fosca negre, ben negre, que la poríen
taiar a espasades.

. Mestre Nadal no veia aont posava es peus.

Té la mala sort de topar a un fondal, i pafa-
plum e-hi cau dedins.

Sa dona i es fiis, aquell vespre de sa clavegue-
ra, veent que no compareixía, cuidaren a caure
morts cerca qui cerca, i tot va esser debades.

—Serà caigut a mar o qualque moraco el se 'n
haurà duit, digueren.

El donaren per mort, i no hi pensaren pus, en
no esser per comanar-lo a Deu i pregar per sa
seua animeta.

Com vengué es Juny, entre Sant Juan i Sant
Pere, sa mestressa i ets al'lots se 'n anaren un
diumenge 's cap-vespre devers l Horta a tastar
ses lletugues d' ensiam tendres.

Ets al'lots n' atinen una de ben revenguda, i li
peguen tirada.

éQue me 'n direu2

Ell amb sa lletuga s'alça un pa de terra com
una barcella: se ta un clot ben fondo, i dedins m'
hi troben son pare, mestre Nadal de sa placeta
del Socós en persona, que, lo meteix que si ha-
gués dormit i hagués acabada sa son, pega revin-
glada i surt, més sà que un gra d' ai i més etxere-
vit que unes castanyetes.

Dona i al'lots s' aterraren per ell botant i cri-
dant com a locos de s' alegría, i icap a ca-seua s'
ha ditl :

l encara deuen botar i cridar, si no se son atu-
rats.

Torre Nova, Decembre de 1897.
",NA
293,"EC ai a Ei Dl El El
AMICS DE BARRET l AMICS VERS Y
les
Au era un homo que si volía un quern d'un-
— ces, en tenía quatre, manetjava es diners a

palades, i només tenía un tii, que nomía Andreu.

Com aqueix fii mai anava butxaques buides, no
hu volgueu sebre si molts li teien de l amic.

Son pare sempre li deia:

—jAlerta, Andreu, an ets amics de barretl iAler-
ta an es qui t:vel'len més sa bossa que s' amistat
coralt

—No hu cregueu, mon pare, deía n'Andreu,
que no hu síen amics meus de cor tots aqueis que
fan tan de cas de mí. Vos sou un poc massa mal
pensat de vegadesl

—Andreu, deia son pare, n' he vistes massa per
fiar-me de sa gent. Com tu seràs de sa meua edat,
seràs com jo.

—iCa, mon parel ino hu cregueul deía n' An-
dreu. iNo 'n mancaría altre que tants d'amics com

(1) La 'm contaren mu mare, al cel sia ella, l' amo Antoni Mascaró,
al cel sía ell, i na Rafela Calona de So 'n Servera.

di
",NA
294,"284 RONDAIES MALLORQUINES
tenc, fossen tots amics de barretl iJo les tenc per
amics de bon de veresi.—, l

— No res, arribà a dir son pare un día. Les hem
de ter ses proves an aqueis amics teus per un gust,
per un desengàn teu.

—Vaja idò, diu n' Andreu, per un desengàn
vostro, facem-los ses proves.

-- Mira, diu son pare. Vet-aquí quina prova les
farem. Matarem un anyell, el posam dins un sac,
el te carregues a s' esquena en venir es vespre
que ja tarà fosca negra, i te 'n vas a ca-aqueis
amics, un després s' altre, toques a ses portes, t'

obriràn, crides s' amic, i li dius amb tot secret:—
Homo sant de Deu, he tenguda sa desgracia de
/ fer una mort, i duc es mort dins aquest sac: deixa
'l-me enterrar dins es vostro corral a fí de que no
se sapia ni se puga sebre que som estat jo es de-
Veute m linquent.—Ara vourem quants n'hi haurà que te
diràn que sí que pots enterrar es cmorto dins es seu
corrall

A n' Andreu li vengué molt de-nou aquella idea
de son pare i s' exclamà:

—iVaja quines idees que teniul Així meteix es
voldre-los posar es peu an es coll.

—Es voldre-los provar si son amics de barret,
diu son pare.

Sobre tot, ell son pare agaia un anyell ben gros,

es més revengut de sa guarda, li acoren sa guina-

se veta, li teu tosca negre, n' Andreu sa carrega es

i sac a s' esquena, i ja es partit a fer sa passada per
ca 's seus amics.

Arriba a ca 'S primer, i itoc-toc a ses portesi

—e Qui esP criden de dedins.

—Un criat vostro, diu ell.
",NA
295,"AMICS DE BARRET l AMICS VERS 285
Obrin i va esser son pare d' aquell amic.
—eQue no hi es es vostro fii diu n' Andreu.
—Si-fa diu aquell homo.
—eQue no I poríeu fer sortir2. ique li hauría de
dir una paraulal diu n' Andreu.
—iAixí meteixl diu aquell.
Se 'n entra per endins, i al punt surt s' amic de
n' Andreu. Aquest li diu:
—é Que mos sent ningú
—No diu aquell. éQue hi ha res de nouP
—Maldement no hi hagués tant, diu n' Andreu. ,
ijo 't tenc per un bon amicl diu n' Andreu.
—lI pots ben creure que hu som, diu aquell. éPe-
rò que es que 't passa
—Homo, diu n' Andreu, has de creure i pensar
que hem tenguda sa desgracia jo i mon pare de
fer una mort...
—iQue me diusP s' exclama aquell, aborro-
nant-se.
—iLo que sentsi diu n' Andreu. jNo i duc es
mort dins aqueix sacl——
—ePerò que serà això s' exclama aquell fora
de sí, i que ja no sabía aont s' havía de posar.
—Sa questió, diu n' Andreu es que contii de tú
per aidar-me a que no m' hi trobin amb aquesta
"" mort.
—éJjos diu aquell amic. iPobre de míl él que hi
puc fer jo, tiet2
—eQue hi pots ters diu n' Andreu. Si tu 'm dei-
xaves enterrar aqueix mort dins es vostro corral,
i no hu diguesses a ningú, mai per mai poríen afi-
nar qui es qui ha teta aqueixa mort.
—jPerò homol diu aquell. él si per. una casuali-
dat qualcú mos veia ter sa trescalamena, i mos
a
",NA
296,"286 RONDAIES MALLORQUINES /
acuava a sa Justicia i venguessen i desenterrassen
es mort iVeiès an a qui donarien sa culpa més
que a mi o a mon parell isobre tot, Andreul jo
sensa permís de mon pare no puc fer una tal cosa.
l ècreus tú que mon pare hu vulga2 ijJo no tenc
pit per demanar-li una tal cosal

—eDe manera, diu n' Andreu, que no 'm pots
fer es favors

—Favors d' aqueis, Andreu, diu aquell, jo no
les te puc ter. jEs massa gros lo que 'm demanesi
iNo voldría que t' otenguesses, Andreul

—iN' haguem parlat proul diu n' Andreu. il fet
a comptes que no t' he dit rest iNo res, bona nit
que Deu mos dot

—jAménl diu aquell.

N' Andreu surt, aquell amic li dona ses portes
p'ets uis, i n' Andreu ja li ha copat cap a ca-un
altre amic, i l homo ja començava a trampoletjar
sobre s' amistat d' aquella partida d' amics seus.

Si aqueix, pensava ell, que jo el considerava S'
amic més gros meu, m' ha teta aquesta eque faràn
ets altres No hu sé que mos farem si mon pare
tendrà raó... il lo bo es que ni li ha ocorregut de-
manar-me si es mort era animal o personal ijCom
ha sentit de mort, ja ha donat per cert que era una
personal iSobre totl iSobre totl

Amb això arriba a ca-s' altre amic que volía pro-
var, i itot-toci a ses portes.

—ecQui es2 criden de dedins.

—iUn criat vostrol diu n' Andreu.

Obrin, i va esser sa mare de s' amic.

—eQue hi sería es vostro fii2 diu n' Andreu.

—Si-ta, diu sa mare.

—eEl voldríeu ter sortirè que li hauría de dir
una paraulal diu n' Andreu.
",NA
297,"AMICS DE BARRET l AMICS VERS 287

—iAra le hi dirél diu sa mare.

Així va esser. Sa mare se 'n va per allà dins, i
al punt surt s' amic.

—iORl éque ets tú, AndreuP li diu com el veu.

—iSi, homol diu n' Andreu.

—l éque hi ha res de-nou2 diu aquell.

—iMaldement no hi hagués tantl diu n' Andreu,
baixant sa veu. cQue mos pot sentir ningú2

—iNo hu crecl diu s' amic, però per lo que pu-
ga esser, parlem petit.

— Sabs que es de gros lo que 'm passa diu n' An-
dreu.

—Però per que no parles clarè diu aquell.

. —jAmolla-lit

—Idò, diu n' Andreu, jo i mon pare hem tengu-
sa desgracia de fer una mort...

-—EQue me diusP s' exclama aquell, escarnutant-
se tot ell. a

—Lo que sents, diu n' Andreu. No i duc es
mort dins aqueix sac, perque he pensat que, per
que mai sa Justicia puga aclarir que som estat nol-
tros que hem feta aqueixa mort, lo més avengut
sería que enterràssem es cos dins es corral d' una /
altre casa, i he pensat en tú, Si el me deixaríes en-
terrar dins es corral vostro.

Com aquell amic sentí tals comendacions, li
sortí molt mal-aixamús, i en rudes li va dir que no

 — i que no, i que tengués la bondat d' anar-se 'n més l
que depressa d' aquella casa, perque tampoc no
havía d' anar a comprometre ets amics de aquella
manera.

N'Andreu se torna carregar es sac, i—iBona
nitl iBona nitl—ja li va haver copat cap a ca-un
altre amic, i es seu cap ja cloquetjava tort ferm, i
deia amb ell meteix:

rs
",NA
298,"288 RONDAIES MALLORQUINES

—iSobre totl iSobre totl i Ell mon pare tendrà
raól iNo hu crec que n' hi haja cap des meus amics
que vagen de pop, que 'm vulguen fer es favorl
iAl manco me demanassen quina classe de mort
es que hem fetat iPero càl ell en sentir de mort,
perden l' aluiasçi no volen sebre qui l'ha encalça-
da, lo que volen es llevar-me de devant, que me
'n vaja més lluny que ses cabrelles des sol.

Amb això arriba a ca-s' amic que teia tres, i
itoc-toct a ses portes.

Aquí va esser s' amic meteix qui obrí. N' An-

, dreu li va dir lo que feia el cas, com an aquells
altres dos amics, i se 'n va dur s' aumut p' es cap,
vui dir, quant aquest altre amic sentí de que n' An-
dreu i son pare havíen teta una mort i de si els-e
deixaría enterrar es cos dins es corral, aquell amic
envià n' Andreu allà ont no hi plou, dient-li que
allò no eren coses de demanar a cap amic, i que

l se 'n anàs més que depressa d' aquella casa.

N' Andreu, poreu fer comptes, se 'n anà ben
escoat, ben armús i ben desenganat de tots aquells
amics.

: No n' anà a veure pus, perque va dir ell:

—Si aqueis tres, que eren es més acostats i de
qui confiava més, me son sortits d' aqueixa mane-
ra eque han de ter ets altresP iMe treuràn defora
amb caixes destrempadesi I tins seràn capaces d'

anar a donar part a sa Justicia de que jo i mon
pare hem feta una mort.

Com arribà n' Andreu a ca-seua, que son pare
el va veure tan mostii i alís, i amb So sac a s' es-
quena, li diu:

—e Vol dir el tornes an es morfP

—il tant com el torni diu n' Andreu.
",NA
299,"AMICS DE BARRET I AMICS VERS 289 l

—l éque tan-meteix, diu son pare, n'hi ha ha-
gut cap que el t haja deixat enterrar dins es seu
corralP l

—Cap, diu n' Andreu. Han dit que allò era com-
prometre-los i que no era cosa de demanar a cap
amic.

—dE-hu veus2 diu son pare. çE-hu veus com
tots aqueis amics teus son amics de barrete No
res, ara que hem fetes ses proves an aqueis amics
teus, are les farem a un mig amic meu, que està a
tal carrer i a tal casa. Ves-te ""n-hi amb so sac,
toques a ses portes, el demanes, li dius de part
meua amb tot secret lo que has dit an aqueis tres
amics teus, i veurem quin sò ta.

N' Andreu e-hu ta així, se torna carregar es sac,
i cap a ca-aquell homo, mig amic de son pare.

E-hi arriba, i jtoc-toci a ses portes.

—e Qui esP diuen de dedins.

—iUn criat vostrol tespón n' Andreu.

Obrin ses portes, i va esser aquell homo meteix.

—iBon vesprel diu n' Andreu.

—ijBo serà, si Deu ho voll diu aquell homo. Í
éque hi ha res de-nou an aquesta horaP diu aquell
homo, veient n' Andreu amb aquell sac a s' es-
quena.

—éSi hi ha de-nouP diu n' Andreu. iMassa que.
hi hal E-hus ho diré amb poques paraules: jo i mon
pare hem tenguda sa desgracia de fer una mort, i
per veure si no mos hi trobaràn, mon pare m' en-
vía amb so mort dins aqueix sac veiam Si vos el /
me voldríeu deixar enterrar dins es vostro corral.

—Ets amics, Andreu, son per quant s' han mes-
ter, diu aquell homo. Basta que ton pare t' envii

Tom. lII—19
É
",NA
300,"290 RONDAIES MALLORQUINES
i me demàn això per jo accedir-vos-ho. il lo millor
es sortir-ne ara meteixi... Espera tancarem en-fort
per que ningú mos entr i no mos trobassen amb l
sa fusta amb ses mans. ,

Aquell homo tanca ses portes en-fort, i ja es
partit cap an es corral amb una aixada per comen-
çar sa gaveta per soterrar-hi aquell mort de dins
es sac. :

Com n' Andreu va veure allò, tot esglaiat de sa
finor d' amistança d' aquell homo envés de son
pare i d' ell, s' exclama: :

—L' amo, tirau s' aixada. Gracies a Deu sa
mort que jo i mon pare hem teta, no es de cap
persona, si no d' un anyell nostro. Es que jo creia

tenir molts d' amics, i mon pare me deia que no-
més e-hu eren de nom, i m'ha dit: Matem un
anyell, el posarem dins un sac, es vespre te 'n vàs
an aqueis amics teus a dir-los que has tenguda
desgracia de fer una mort i si te voldrien deixar
enterrar es mort dins es seu corral, veiam Si 'n
trobaràs cap que 't diga que sí. E-hu hem fet d'
aquesta manera, i cap n'hi ha hagut des meus
amics que m' haja volgut ter es tavor. Llavò mon
pare m' ha enviat a vos a veure si vos el me vol--—
dríeu ter. Ara he tocat amb ses mans que tots ets
meus amics son amics de barret, just de nom, i
que vos sou un amic ver, de bon de veres de mon
pare i meu.

Aquell homo va dir:

—Si jo no hagués fet lo que he tet, ton pare me
poría escupir a sa cara. Ets amics han d' esser
amics, jno 'n mancaría altrel

—Teniu raó, diu n' Andrèu. Així hauría d' esser
el mon, però no hu esl
",NA
301,": AMICS DE BARRET I AMICS VERS 291

N' Andreu se despedí d' aquell homo, i se'n
torna a ca-seua, i conta es pas a son pare, que li
va dir:

—qdE-hu veus, Andreu, si aqueix mig amic meu
val més que tots es que tú te creies tenirP

-—Es ver, mon pare, diu n' Andreu. Sa raó vos
vessa par demunt ses espal'les.

N' Andreu no se 'n poría avenir de que Son pare
digués que no més era mig amic seu aquell homo
que, com ell e-hi anà amb so mort a veure Si le hi
voldria deixar enterrar dins es corral, havía dit que
sí. N' Andreu trobava que allò era una feta no d'
un mig amic, sino d' un amic ben sencer, fins que
son pare li va dir: ,

—Per que veges que es així com dic, te contaré
lo que li succeí a mon pare, que Deu tenga, amb
un amic seu que tenía a Ciutat, i tú meteix diràs
que es fets que passaren entre ells dos demostren
una amistat més grossa encara que sa demostrada
per aqueix amo an-e quí tú ets anat a veure Si vo-
lía que enterrasses es mort dins es seu corral.

l —eQue vol dire s' exclama n' Andreu. él es un
fet des meu padrí, de vostron pareP

— Prou que hu es, diu son pare. Idò mon pare,
que Deu tenga, tenía un amic a Ciutat, i un día l'
envía a demanar. Mon pare s' hi espitxa, i va
esser que aquell amic s' havía de casar, i volía que
mon pare tos a ses seues noces. Mon pare encara
era tadrí. Lo primer que va ter aquell amic, va
esser menar mon pare a veure sa seua al'lota, i
has de creure i pensar que a mon pare aquella al'
lota li agradà tant i tant que 'n va romandre terit-l'
a, enamoradíssim. Com tenía es cor terit tan fort,
sa ferida per força se va haver de demostrar: vui

dd
",NA
302,"292 RONDAIES MALLORQUINES :
dir, que tot-d' una ja 's va conéixer que el pobre
tenía cosa, per més que malevetjava amagar-ho.
L' homo se posà trist i trist, i no menjava ni bevia,
i se va haver de jeure. Criden es metge, es metge
el polsa, l espluga fort, i arriba a dir:—Com a
tenir res espenyat ni fil de febre no li trob res, lo
que sí li trob una passió de cor molt torta, que si
no li espassa, està llest perque es cor té mals
arrambatges. Es metge se 'n va, i aquell amic se
4 tanca dins sa cambra tot sol amb mon pare, i li
diu:
—éA veure que es que tensP iParla clar Ja has
sentit es metge.
—l ique he de tenire deia mon pare. Com a te-
nir no tenc. l
—No, diu aquell ciutadà: aquí hi ha cosa. Tú
vengueres de Manacor i t' entregares aquí sa i bò,
i Cop en sec t' ets posat malalt, i es metge diu que
es una passió de cor. eQuina es aqueixa passió de
cor2
Mon pare no hu gosava a dir, però tant el pat-
xucà aquell amic, que a la fí mon pare li parla clar,
i li diu: :
—Jo havía promés de no dir-t"" ho, però allà ont
tú t ets empenyat tan fort a fer-m' ho dir, t ho
diré: es que sa teua al'lota m' ha agradat tant i
tant des primer moment que la 'm mostrares, que
en vaig romandre enamorat. Però com ella ha de
esser sa teua dona, i per lo meteix mai per mai pot
esser sa meua, això m' acluca es cor, el m' escla-
ta, i crec que dins poc díes hauré acabat ets alens.
Ja hu sabs ara, amic meu, que es lo que tenc. No
hu digues a ningú, i deixa 'm morir conformat amb
sa voluntat de Deu.
",NA
303,"AMICS DE BARRET l AMICS VERS — 293
Aquell amic ciutadà, com sent allò, deixà mon
pare, i sà tancà dins sa seua cambra i estigué vint E
i quatre hores sensa sortir-ne ni dormir ni menjar.
A 's cap de ses vint i quatre hores surt, i se pre-
senta a mon pare, i li diu:
—AÀmic, venc a salvar-te sa vida.
— çComP diu mon pare.
—iComP diu aquell: desde ara, te don sa meua
al'lota, si ella hi consent per que t hi casis. Jo ja
'n trobaré una altre. Si tú sensa aqueixa al'lota t'
has de morir de pena, jo com amic teu de ver, no
hi puc consentir. Jo ja en trobaré d' altres que me
agradaràn tant com aqueixa...
Quant mon pare sentí allò, creia que aquel amic
anava de berbes, i no 'l creia, però aviat va com-
prendre que anava de bo.
eQue me 'n direu2 Ell tot dos se 'n van a ca
aquella aldota, s amic de Ciutat la crida de part i
li explica es misteri, aquella al'lota sà mira mon c/
pare de dalt a baix, no li teu cap mal averany sino
que el trobà ben plaent i agradòs, sos pares s' en-
teraren de quines egos venía mon pare, i saberen
que era un d' ets amos bons de Manacor, i que si
havía de mester un quern d' unces, en tenía qua-
tre, i varen dir tinis-tinis a Sa seua fia:
—iFietal isi t agrada, pren-lol
l aquella al'lota dona es Sí a mon pare i se ca-
saren. Aqueixa al'lota va esser mu mare, al cel sía
ella també i tots los morts.
cE-hu veus, idò, com mon pare i aqueix ciutadà
hu eren amics vertadersP dE-hu veus, com aqueix
ciutadà donà a mon pare una prova d' amistat molt
més grossa que no 8a que mos ha donada aqueix
amo an-e qui jo t he enviat a veure si te voldría
ul
",NA
304,"294 RONDAIES MALLORQUINES
deixar enterrar es /moré dins es seu corral2 iFigu-
ra 't si hu es gros, un homo que està per a casar-
se amb una al'lota, afluixar-se 'n per que s' hi casi
un altre, just per que aqueix faça es seu gustl

—No hi ha remei, diu n' Andreu. Sa raó vos
vessa per dalt ses espal-les. Es molt més gros lo
que va fer aqueix ciutadà p' es padrí que no lo
que ha fet aquell amo per noltros.

—Però ature 't, Andreu, diu son pare, que en-
cara no he acabat. Encara en veuràs una altre
mostra d' amistat vertadera que se donaren aqueix —
ciutadà i es teu padrí.

—iVeiam que va esserl diu n' Andreu.

—Jo t"" ho diré, diu son pare. Idò has de creure
i pensar i pensar i creure que, casat mon pare amb
aquella ciutadana, se 'n venen a Manacor, i vivíen
amb santa pau i concordia com Jusep i María amb
tota sa baldor que sempre hi ha haguda dins aques-
ta casa per gracia de Deu.

No li anava tant bé an quell amic ciutadà per-
que jisabs quina passada que li succeil Ell que se
creia trobar-ne d' al'lotes tantes com en voldría
per casar-s' hi, que li agradassen, se va enganar
de cap a peus. Bé cercà però no 'n trobà cap que
li entràs per s' ui dret. Moltes en trobava que de
part-detora li teien tec, perque eren ben taiades i
garrides: però, tractades d' aprop, eren esgarrades
d' ànima o patíen d' un detecte o altre, teníen ma-
ganya. Allò li va fer tanta de torça perque no hu
gosava destapar de por que sa seua gent no s' hi
tirassen demunt perque ell meteix per amistat ha-
vía oferida a mon pare s' al'lota que ell havía tria-
da i que tant li agradava per casar-se. Allò comen- .
Çà a roegar-li es cor com un banyarriquer, roega
",NA
305,"AMICS DE BARRET Il AMICS VERS 295
qui roega, i aquell mal cou-covat li va dur una ma-
laltía que cuidà fer cuiro. S' arribà a apedaçar una
mica, però ses coses comencen a dir-li tort i tort,
fins que va romandre casi a 's mig des carrer. Aqui
l homo va dir:

—Me 'n vaig a veure es meu amic de Manacor,
veiam si me porà assistir qualque poc. Estic segur
que per poc que puga, e-hu farà.

Pren es bobiot cap a Manacor, i, com e-hi va
esser, que arribava ja an aqueixa casa, troba dos
homos a 's mig des carrer que 's baraiaven tan
fort, que s' envesteixen amb un guinavet, i un
acora s' arma dins es pit de s' altre que cau sec, i
es qui l havía mort s' afica com un llamp dins una
casa i surt p' es corral que becava a fora vila, i de
d'allà com cent mil dimonis. Aquell ciutadà, de-
vant aquella teta, va romandre aborronat, sen-
sa sebre que fer-se. Amb això compareix gent i
gent, i tot-hom:—cQui es qui ha feta aqueixa
mort—cQui seràP—ec Qui no seràP

Veuen aquell desconegut, aquell pobre ciutadà,
i un diu:

— Ja serà aqueixi

—iNo te 'n fiis que no hu síal diu un altre.

—iNo pot esser negú més que elll diu un ter-
cer.

—iEstigau segurs de que hu esl diu es qui feia
quatre.

—eldò sí que hu es elll s' exclamà tot-hom.

Sobre tot, ell compareix sa Justicia, agafen es
ciutadà, el tanquen, li tormen causa, ell negava
amb tota veritat que fos ell que, hagués feta tal
mort, que era un altre que ell no coneixía i que
era fuit. Es Jutge no s' empatxà de raons, i va
dir:

"".
",NA
306,"296 RONDAIES MALLORQUINES

—No hi ha remei: qui mata, ha de morir. Se
veu clar que aqueix homo ha feta aqueixa mort.
ildò que 'l penginl .

Me posen en capella es pobre ciutadà, que po-
reu fer comptes com se trobava es mesquí. Mon
pare justament no era a Manacor aquells díes, i
arribà es día que havíen de penjar aquell pobre
ciutadanet. Mon pare, sensa sebre que fos aquell
gran amic se 'n hi va a veure-hu, i, com treuen de
sa presó es pobre condamnat a mort cap a la ior-
ca, mon pare el se mira, i veu que es aquell amic
seu de Ciutat. Esbronca p' es mig de sa gent, fins
que va esser devant ell, i li diu tot esglaiat:

—jAmic meul di aont te veigP é Com pots tú ha-
ver feta aquesta mort2 iNo pot esser que l' hages
fetal

—iJo t' ho assegur de que no l' he fetal jE-hu

pug jurar demunt un Sant Cristol va dir plorant
aquell pobre ciutadà. :

l equé fa mon pare2 Se presenta an es Jutge,
qué era allà meteix, i ja li diu:

Sefior Jutge, jaquest homo es innocentl jAquest
homo n' es ben net d' aqueixa mortl jjo'n res-
poncl

—Ai en response diu es Jutge.

—iLi dic que 'n responci diu ell.

—el que 't voldríes posar an seu lloc tanme-
teixP diu es Jutge.

—jAra meteixi diu mon pare.

—Mira, diu es Jutge a mon pare, que a mi no
les m' empaten.

—i Ni a mi tampoci diu mon pare.

—Mira diu es Jutge, que si 't poses an es lloc
d' aquest homo, t haurem de penjar a tú en lloc
d' ell.
",NA
307,"AMICS DE BARRET Il AMICS VERS 297
—No m' importa, diu mon pare. Com jo n' estic
segur de que ell n' es net de tal mort i de que es
ben innocent, no serà capaç vossa senyoría de
fer-me penjar.
—e Que dius que no seré capaç s' exclama es
Jutge, més de mig cremat.
—iE-hu dic i re-dicl s' exclama mon pare, més
encés ja que no es Jutge.
—ilUep voltrosi diu es Jutge an es saig i a sa
demés torça que hi havía. jAgatau aqueix homo,
i cap a la forca per penjar-lol
Aquells agaten mon pare, i icap a la forca tot-
homl
Arriben a la torca, es botxí ja anava a passar
p' es coll es dogal a mon pare, i com en sec sen- 22 P
ten un crit ben esglaiós d' un homo que deia:
—iSenyor Jutgel iNo es cap d' aqueis dos que
va fer aquella mort: la vaig ter jol 3
 Aqueix deia ver, ell era es qui havía feta aque-
lla mort, i, com era tuit i ningú l havía vist amb
s' arma amb ses mans més que aquell pobre ciuta- l
dà, que no ""I coneixia, ningú se sospita d' ell, per-
que tampoc no era cap mal homo, sino que aquell
mort n'hi havía feta una de massa grossa, i ell se
cegà i va pegar una guinavetada tan teresta, que
ell en dret seny i sensa volar-se, mai per mai hau-
ría pegada. Idò bé, aquest homo era allà, i havía
vist i sentit ses raons de mon pare i es Jutge, i se
veia aquell pobre ciutadà, que n'era ben net de
tot, que ""I se 'n duien a la forca, i se veia mon pa-
re, que també n' era ben net de tal mort, i que es
botxí ja li anava a posar es dogal p' es coll per sa
caparrudesa des Jutge que duia s' homonía de que
no les hi empatassen. l aquell homo devant tot
€
ss
",NA
308,"298 RONDAIES MALLORQUINES
això es remordiments li reverditen tan fort i tan
granat, que va dir amb ell meteix:

—iAixò no pot esserl jAixí jo no pug viurel
éQue ha de esser de mí, en presentar-me devant
es Tribunal de Deu, si som causa de que matin
aqueis dos innocentsP jEs a mi que pertoca que
'm penginl

Per aquest motiu fonc que aquell homo pegà

E aquell crit, i sà presenta devant es Jutge, i hu diu
ben clar que es ell i ningú pus qui ha feta aquella
mort.

Es Jutge devant tota aquella cosa va romandre
confús. Com prou se va haver tet cloquetjar es
cap fa posar dins sa presó es ciutadà, mon pare i
aquell homo qui 's contessa reu de tal mort, i S
espitxa a Ciutat a contar an el Rei aquell cas tan
gros que li passava.

El Rei com el sentí i va veure tot s' endiumen-
jat, va tirar aquesta sentencia:

—Amollau-los tots tres: es ciutadà i es qui res-
el — pón per ell perque sé veu que son innocents i per
: s' amistat fina que s' han demostrada, i s' altre, es
qui va fer sa mort, p' es bon cor que ha tengut
de no deixar penjar dos innocents, però que vaja
alerta a tornar treure cap peu des solc, perque li

costarà-es cap i es coll.

Així hu teren, els amollaren tots tres, i mon pa-
re mena aquí es seu amic ciutadà, i li diu:—Aquí
es ca-teua i menja i beu com un Sí senyor, i no
tengues cap mal de cap: mentres jo tenga un bossí
de pa, n' hi haurà mig per tú.

Aquell homonet ja no anà de casar-se, i va viu-
re aquí amb mon pare i muimare, com si fossen
estats germans, fins que se va morir. Jo encara el
",NA
309,"AMICS DE BARRET Il AMICS VERS 299
recort que era un homonet vei que sempre me teia
Xxicotines i me 'n menava a passetjar.
l An això hu dic amics, mon pare i aqueix ciutadà
se pot dir que eren dos amics vers.
—Sí que teniu raó, s' exclamà n' Andreu. Ara
veig que no es: gens bo de trobar un amic que hu
siga d' obres i no just de boca. D' avui endevant
no 'm tiaré pus des qui me diguen que son amics
meus, sino des qui amb ses obres me demostrin
que hu son de cor.
Lo meteix vos dic jo a voltros que me lletgiu.
Es parents preniu-los així com Son, t ara ets
amics cercau-los bons.
iAlerta an ets amics de barretl iFiau-vos-ne tant
com d' unes cases que cauenl
mIBSD Je CE EE0r
7 dd
",NA
310,"A AA LA AA AS AA AA AA AA
EN TONI GARRIGUEL'LO Y
ED ci

LE era i no era una mare que tenía un xinxer

el d'al'lots que no la deixaven viure perque

sempre en tenía quatre o cinc de penjats an es go-
nellons, un que li demanava una cosa i s' altre S'

altre.

N' arribà a estar tan cansada i enutjada que un
dia acaba sa paciencia, i se posa a matar al'lots, i
en va matar fins que en va veure.

Només se 'n salvà un que s' amaga ben amagat
derrera Sa pella, i aquest nomía Toni Garriguel'lo.

Però succeí que, com hagué d' enviar es dinar
an es seu homo, que teia teina an es camp, no ten-
gué qui enviar-hi perque havía morts tots ets al'
lots que tenia.

h —iBona l he tetal s' exclama aquella dona. Í
ara ccom enviaré es dinar an aquell2 jAixí meteix
he fet llargl iEn 'gués deixat un de viu d' aquells

(1) La me contaren n' Antonina Sansó Polla, de Manacor, al cel sía
ella, i donya Catalina Font i Oliver, de Campanet. A Manacor li donen
es nom de En Tonetos.
",NA
311,"EN TONI GARRIGUEL'LO 301

bigarnius mala-vidosos, ara me poría dur es dinar —
an aquelll iSí que me sab greu haver-los escabet-
xats a totsi

Aquí En Toni Garriguel'lo treu es caparrí de
derrera sa pella, i diu tot xelest:

 —No passeu ansia d' això, ma mare, que enca-
ra me teniu a mí.

—iOhl diu sa mare ji es ver que m' éts passat
per maia túl ei com no t' he mort ,

—éi Com m' havíeu de matar, diu En Toni Ga-
rriguel'lo, si me som amagat derrera aqueixa pella2

—iSí que n: estic ben contental diu sa mare, de
no haver-te mort. No res, devalla, i ijas es dinarl
Du 'l a ton pare, que es a tal punt. Abans d' arri-
bar-hi, trobaràs un hort de tarongers. jAlerta a l
acostar-t' hi a tocar cap taronjal

—No res idò, diu En Toni Garriguel'lo, ara
meteix m' hi esquitx.

Agata Sa barxeta (1) i ja es partit de d' allà cap
aont son pare teia teina.

Abans de arribar-hi troba s' hort de tarongers,
uns tarongers distorjos, que s' esbrancaven de
tantes de taronges com teníen penjades, unes ta-

. TOonges com es dos punys, que feien menjera.

En Toni Garriguel'lo comença a mirar-les-se, i
tant les se mirà, i tantes ganes li vengueren de
tastar aquelles taronges, que 's va ter trons de lo l
que se mare li havía comanat, se 'n entra dins
aquell hort, s aborda a un taronger i jhala a cuir
tarongesi I tantes com en cuía, ja hu poreu creure,
les s' empessolava, iperò amb-e quin gustl

(1) Un senaió o corbella de paumes, més estret de sa boca que des
cul, amb una tapa en forma d' esquena de barca.

Le
LJ
",NA
312,"302 RONDAIES MALLORQUINES

Se 'n tem es gigant que guardava aquell hort, i
amb quatre llongos ja va esser an En Toni Garri-
guel'lo, i li posa ses mans demunt.

El paupa, el troba magrel'lo per engolir-lo-se, i
diu:

—No res, el tancarem dins una bota, li donarem

€e manjar a voler, i, en estar ben grasset, el mos
.. manjarem.

El du a sa seua dona, que nomía Margalida-
Aina, i li diu:

— Mira quin betzo que he trobat que mos roba-
va ses taronges. Tanque 'l dins una bota, dona-li
menjar a voler, i en estar gras, en feim un gaudea-
mos (1),

Sa geganta no 'n taia pus: posa En Toni Garri-
guel'lo dins sa bota, i allà li donaven manjar a vo-

ler, que no 'l se poría acabar. l no es que ell fés
gens es desmenjat ni morretjàs res de lo que li
amollaven, sino que s' ho empassolava tot, tant
n' hi donaven.

l e-hu de creure i pensar que es meteix día que
l'havíen posat dins sa bota, s' hi atica un ratolí
aperduat. En Toni Garriguel'lo l' aplega, li taia sa
coua, i la s' estoja i tira es ratolí detora.

Voltros per ventura direu:

—l éque dianxa havía de ter aquella coeta En
Toni Garriguel'lo2

Idò ja hu voreu que en va fer.

Sa geganta cada quatre o cinc díes, com li ha-
vía amollat es menjar, li deia:

—i Toni Garriguel'lo, treu es ditel'lo veiam si en-
cara estàs tan magrel'lol

(1) Gaudeamus, vega, dinada, menjada, bauxa.
",NA
313,"3 EN TONI GARRIGUEL'LO 303
l En Toni Garriguel'lo, en lloc de treure es di-
tel'lo, treia p' es foradí de sa bota sa coeta des ra- :
l tolí, i sa geganta, com veia allò, s' exclamava:
—j Oh que estàs de magrel'lo, Toni Garriguel'lot
Í allà ivenga a donar-li més recapte per que en-
greixàs molt per porer-lo-se empassolar en estar de
bones carns, que era lo que volía sa geganta, que ò
en tenía més ganes encara que no es gegantl
l des cap de cinc o sis díes, sa geganta ja tor-
nava sucar ets ais an En Toni Garriguel'lo, com li
havía amollat es menjar dins sa bota, dient-li:
—iToni Garriguel'lo, treu es ditel'lol veiam si :
estàs tan magrel'lo o si has engreixat gens. ,
l En Toni Garriguel'lo izàsl tornava treure sa
coeta de ratolí p"" es toradí de sa bota, i sa gegan-
ta que s' exclamava:
—jOh que estàs de magrel'lo, Toni Garriguel'lo.
Aquella dona no se 'n poría avenir de que En
Toni Garriguel'lo engreixàs tan re-de-poc, i hu
deia an es gegant.
—i Ell aquell betzo de dins sa bota no engreixa
gensi Li taç treure es dit desiara per veure Si posa
més popes, i me treu un dit com una coua de ratal
iNo sé que n' haurem de terl
— i No res, deia es gegant. tenguem un poc més
de paciencial iDona-li menjar a voler, i ja veuràs
si engreixaràl :
Il tant com engreixava En Toni Garriguel'lo dins
sa bota, amb tant de recapte com li donaven i amb
sa bona barra que ell tenía, que no feia mai rois-
sos ni deixava res per verd.
Arribà a estar tan gras, que no cabía en pell,
com que hagués d' escardar, però ell com sa ge-
ganta li deia: —i Toni Garriguel'lo, treu es ditel'lol
r
",NA
314,"304 RONDAIES MALLORQUINES 4
iveiam si encara estàs tan magrel'lo, ell treia sa  -
coeta de rata, i sa geganta, com veia allò, s' ex-
clamava:—iO que estàs de magrel'lo, Toni Garri-
guel'lol

l aquella dona itota apuradal sensa sebre que
havía de fer per engreixar En Toni Garriguel'lot

Però heu de creure i pensar i pensar i creure
que un día En Toni Garriguel'lo perd sa coeta de
rata, i, quant sà geganta li tornà dir:

—iToni Garriguel'lo, treu es ditel'lol iveiam Si

/ encara estàs magrel'lol
Es polissardo va haver de treure es dit, i el te-
, nía tan gruixat que ja no pogué passar p' es fora-
dí de sa bota.
—Però sper que no treus es ditel'lo, Toni Ga-
— —rriguel'lo2 deia sa geganta.

—iNo passa p' es foradíl diu s' al'lotó.

—jO que estic de contental diu sa geganta. jA
la tí has engreixatl ijJa 'm pensava que no engrei-
xaríes mail

A 'S vespre com es gegant s' entrega a sopar,
sa geganta li diu:

—iEn nom de Deu que En Toni Garriguel'lo ha
arribat a engreixarl Avui com li he dit que tregués
es ditet p' es foradí de sa bota, ja no l'ha pogut

treure de tant que ha engreixat, ja no li passa p
es foradí.

—iBé mos val diu es gegant. No res idò,dem à
dematí el treus de sa bota, poses una gran caldera
amb aigo demunt es fogons, i el tas butar a ell an
es foc, i, en bufar-hi, que estarà acalat, li etzibes
amb sa trompa devers sa clotellera, li romps s' an-
sa des coll, l escorxes, l'esmoques, i el faç amb
arròs. Íl, en venir jo a 's vespre, jel mos empasso-
lami
",NA
315,"EN TONI GARRIGUEL'LO 305

—iSí que has pensat bél diu sa geganta. Així
com m' has dit, e-hu farél

Però aquells dos beneits se pensaven que En
Toni Garriguel'lo tenía ses oreies de tust, allà ont
les tenía tant fines i escoltava sempre tan arreu,
que no los va perdre ni mitja parauleta, sino que
les ho aglapí totes, i ja veureu que va passar.

Lo endemà es gigant se 'n anà a guardar s' hort
de tarongers, i sa geganta posa sa caldera demunt
es fogons, plena d' aigo i comença foc. Obri sa
bota, i hi troba En Toni Garriguel'lo, tot goixo,
amb unes galtes com si les hi haguessen inflades,
amb unes cuixes com a borratxel'los, amb uns
brassos coma a poltrús i amb unes mans tan mol-
sudes que es dits estaven tan aixamplats com ses
arpes d' una milana, i es coll no hu vulgueu sebre
si n' hi feia de galamó i de rues es clotell.

iQuina alegría que en va tenir sa gigantal Ja 'l
se menjava amb sa vista. ,

—iSí que hu serà bó, sotregit amb arròsl pen-
sava ella.

—iBonol diu ella. ij Tant de temps com éts estat
dins sa bota, sensa ter brot de feina, bellament me
porós aidar a ter ses feines de la casal

—iDigau que voleu que façal diu ell.

—Pots bufar an es foc, diu sa geganta. jA veu-
re si prest me faç bollir sa calderal

—eButar an es toce diu En Toni Garriguel'lo. I
équè es bufar an es foc2

— dQue vol dir què es bufar an es focP diu sa
geganta. jVeiam si ara no sabràs què es bufar an
es foci

—i No vos enfadeu, madonetal diu En Toni Ga-

Tom. lII—20
,
",NA
316,"306 RONDAIES MALLORQUINES
rriguel'lo. Com es una cosa que no he feta mai,
no la sé fer.

: —el te mare no te feia bufar an es focs diu sa l
geganta més de mig enrabiada.

—Me ieia fer altres teines, diu En Toni Garri-
guel'lo. Ara si vos e-hi bufàsseu una mica, me pa-
reix que n' aprendría.

Aquí sa giganta s' agotzona devant es foc i ja
es partida a butar-hi.

l En Toni Garriguel'lo que fa, tot-d' una que la
veu agotzonada2 Agafa una destral que hi havía
allà devora, i li encivella destralada an es bet-coll,
i es cap de sa geganta boteix dins es fogons, i
allà dins tot se cremà fent-se caliu i cenra.

En Toni Garriguel'lo a les hores ta bocins d'
aquell cos, i e-hu tira tot dins sa caldera, i e-hi
aboca també s' arròs, i jfoc i més foc devall sa
calderat

Com va considerar que ja era cuit es fu-aufem,
lleva es foc, escampant es tions ablamats i sa ca-
liuera, i icametes me valguent fuig com cent mil
llamps per que es gegant no s' en temés i no l'
aglapís.

Corre qui corre, pega a sa vorera de mar, i hi
atina una torre tan alta que casi no li veien es cap
d'amunt. Veu que 'n devalla una corda, i ja es
partit a enfilar-s' hi, i iper amuntl i jper amunti

Com va esser amunt de tot, casi no poría tornar

alè.

Es gegant aquell cap-vespre, amb s' idea de so-
par d' En Toni Garriguel'lo sotregit amb arròs, S'
entrega a ses cases abans de pondre-se es sol.

Troba sa casa buida, no veu Na Margalida-Aina
en lloc, no sent una mosca, afina sa gran caldera
",NA
317,"EN TONI GARRIGUEL'LO 307
demunt es foc, s' hi acosta, i tot-d' una se pensava /
que sería En Toni Garriguel'lo es sotregit, però
com no va porer trobar en lloc Na Margalida-Aina,
se 'n va a sa caldera i se posa a remolcar S' arròs,

i amb ses troçades de carn que hi trobava, aviat
va veure que no eren de cap al'lot, sino de una
persona gran, d' una dona.
Amb això li comencen a entrar sospites de Sí
sería sa seua dona, Na Margalida Aina. D' un vent
creia que hu era i d' altre vent creia que no, i
aquell caparrot seu prompte va esser una olla de
caragols. ,
Í sortí de ses cases com un boig i cridant:
—iMargalida Ainat iMargalida Ainal çAón étsP
éCom no 'm responsP
Íl écom li havía de respondre sa mesquina Si era :
dins sa caldera, sotregida amb s' arròs2
l es gegant correguda d' un vent i correguda de
s' altre, crida qui crida:
—iMargalida Ainal iMargalida Ainal cAón étsP
éCom no 'm responsP
l heu de creure i pensar i pensar i creure que
tant va córrer es gigant, que arriba a Sa vorera de
mar, just allà ont s' alçava aquella torre tan alta
que En Toni Guerriguel'lo s' hi era entilat.
Le hi atina es gigant, i li diu: ,
—Toni Garriguel'lo, çaón es Na Margalida
Aina
—eQue la m' heu dada a guardar diu s' estor- l
nell.
—iDigue 'm aón es o si no te matl diu es ge-
gant.
—iO no hi ha més que matars diu En Toni Ga-
rriguel'lol
-
",NA
318,"308 RONDAIES MALLORQUINES

—iGran polissól diu es gegant. ija éts tu que
la m' has llevada des ventl iperò jo t' hi llevaré a
tu més que depressal.—

Atina aquella corda que devallava de sa torre, i
ja es partit a entilar-s' hi, i per amunt i per amunt.

En Toni Garriguel'lo per això no 's retgisà mi-
ca, sino que se va treure un trinxetó que duia sem-
pre dins sa butxaca per un cas de casos: i, com va
veure que es gigant ja arribava an es cap demunt
de tot, taia aquella corda, i es gigantot per avall
per avall, i va pegar tal esclat que se ta fer tot
bocins.

lécom va devallar llavò En Toni Garriguel'lo
d' aquella torre tan alta, sensa aquella corda per
on ell s' era entilat2

Això es lo que jo no he pogut aclarir ni endar-
dellar.

A 's día que hu aclaresca i hu endardell, ja vos
ho faré avinent, si Deu ho vol i María.

l això ès sa rondaia d' En Toni Garriguel'lo. Si
vos agrada, menjau-la-vos frita, menjau-la-vos to-
rrada: i Si no us agrada, tirau-la dalt sa teulada.

——€——-e-ééé ÉS lí-l———
",NA
319,"EES SE EES SE EES
EI ICC III EI ACER III COCCIÓ CAC
UN PARE I QUATRE FIIS Y
— o Qanfe—

Ad era un pare que tenía quatre fiis: En Pere,
el En Pau, En Miquel i En Bernat. Manetjava
es doblers a palades, no sabia que 's tenía, i P homo
estava apurat, perque no sabía quin fii havía de
fer hereu. A ell no li entrava això de fer hereu es

fii major, i no s' aturava de dir: ,

—Serà s' hereu es qui s' ho guany, es qui tenga
més bon cap i més bones obres.

llo bo era que tots quatre eran desxondidíssims,
taiaven un cabei a l' aire, pesaven es sol abans de
sortir, eren de s' ui des vent.

Com foren grans, son pare un dia els agafa i les
diu:

—Al'lots, jo torn vei, i estic ben exposat a que
un día me pec la tutri, i me 'n vaja a veure Sant
Pere, per aquesta raó voldría arreglar això de s'
hereuatge. Sempre m' ho heu sentit dir que no
vui ter hereu es major, sino es qui s' ho guany p'

(1) La 'm contú En Toni Tiru, de So 'n Servera, que feia de porque-
ret a ca-nostra.
",NA
320,"310 RONDAIES MALLORQUINES
es seu bon cap i per ses seus bones obres. Per lo
meteix, anauvos-ne tots quatre a trescar el mon, i
tornau dins quatre anys, i demunt sa vía que hau-
reu feta, ja veuré quin de voltros quatre ha d'
esser s' hereu.

Me Me 3P

Aquells al'lots se posaren ses cames an es coll,
i ja foren partits un cap a ponent, s' altre cap a
llevant, un cap a tramuntana i s' altre cap a mig-
jorn, tots bens peus alts i braç Sonant i oreia fu-
mant.

Camina caminaràs, es major arriba a una ciutat.
Demana quina ciutat es aquella, i li diuen:

—Això es sa ciutat d' ets armers, i no hi pot
entrar negú que no hu sía..

—iBona ideal diu ell. Aquí me quet.

Tresca un parei de carrers cerca qui cerca una
botiga que es Mestre li agradàs de cara. En troba
un que li entrà per s' ui dret, s' hi acosta, l' esco-
met, se peguen de barrina, la fan, i se posa tot-
d' una d' aprenent d' armer.

S' aplicà tant a l' otici, que al punt d' aprenent
passà a fadrí, i ben aviat va esser es primer de sa
botiga. Es Mestre li confiava ses feines més fines
i més delicades, i ell se 'n desteia sempre com tot

l un homo.

Quant se cumpliren es quatre anys que hi feia
feina, agafa es mestre i li diu:

—Mestre, m' es precís anar-me 'n a ca-nostra.

—eQue 't queixes de res d' aquesta casaP diu es
Mestre. :

—De res, diu ell. Però jo vos diré lo que hi ha
devall es terròs. Noltros som quatre germans: som
",NA
321,"UN PARE I QUATRE FIIS 311
una casa molt rica, però mon pare l'ha pegada
que no vol ter hereu es major, sino es que s' ho
guanyarà p' es seu bon cap i bones obres. Í mos
va dir que mos n' anàssem a trescar mon durant /
quatre anys, i que llavò mos examinaría ell a veu-
re qui havía après més, i es qui se 'n duría sa ven-
tatge, sería s' hereu. Per això i no per res pus, es
que me 'n tenc d' anar. Í abans d' anar-me 'n vol-
dría que 'm donàsseu un consei de lo que 'm con-
vé ter. pel

—Si es així, diu es Mestre, lluny de fer-me gens
felló, te vui donar una penyora de lo content que
estic de tu i llavò un consei.

Es Mestre aquí se 'n va i torna al punt amb una
escopeta, i diu an En Pere:

—i Veus aqueixa escopeta2 Idò desde ara la te
don en do. En tirar-hi, feriràs sempre allà ont
apuntaràs, i, Si no vols matar, només travessaràs
lo que feriràs. Í ara te donaré es consei que 'm de-
manes, a ton pare has d' anar sempre ben alerta a
fer-lo telló perque es ton pare, i després de Deu,
li deus tot lo que éts.

En Pere donà mil gracies an es Mestre d' aque-
lla escopeta i d' aquell consei, i, quant es Mestre
li anava a pagar es quatre anys que hi havía feta
feina, va dir que ja se donava per pagat i per re-
de-pagat amb aquella escopeta i aquell consei, i
es Mestre no va esser capaç de ter-li prendre res.

l En Pere ja va esser partit de d' allà amb s' es-
copeta i es consei cap a ca-seua.

l Me Be 2

l ara vegem En Pau, es germà segón, quina ca-
rrera va fer.

5
",NA
322,"312 RONDAIES MALLORQUINES

Tocà el corn com. En Pere, i de d' allà camina
caminarés. Arriba a una ciutat, demana quina ciu-
tat es aquella, i li diuen que era sa ciutat de ses
trompes de-mirar-lluny, això es, que a cada casa
hi havía una botiga que feien trompes d' aquestes.

En tresca una partida de carrers per triar una
botiga que es Mestre li agradàs per llogar-s' hi i

aprendre de ter tal teina. En troba una que s' as-
pecte des Mestre li agradà term, s' hi lloga primer
d'.aprenent, al punt ja pujà a /adrí, i aviat va
esser es primer fadrí de sa botiga, es Mestre esta-
va tot alabat amb ell, li comanava ses feines més
delicades i tines, i ell era el diantre per sebre-se
dester des trumfos com tot un homo.

Que me 'n direu Ell com se cumpliren es
quatre anys que hi feia feina, agata es Mestre, i li
diu:

—Mestre, m' es precís anar-me ""n a ca nostra.

—eQue te queixes de res d' aquesta casaP diu
es Mestre.

—De res, diu En Pau.

l aquí P homo contà an es Mestre allò de que
son pare les havía enviats a trescar el mon i que
dins quatre anys s' havien de presentar a ca-seua,
i que es qui hauría après més, aquell sería s' he-
reu.

—iBé has fet de dir-m' hol diu es Mestre. I per
que veges Si jo estic agradat de tu, espera un poc,
que te vui ter. un present, i llavò te vui dar un
consei.

: —iSí que 'm fareu ben contentl diu En Pau.

Es Mestre s' en va, i li treu una trompa-de-mi-
rar-lluny, i li diu:

—Jas aqueixa trompa-de-mirar-lluny, que té tal
",NA
323,"UN PARE Il QUATRE FIIS 313
virtut que amb ella poren veure qualsevol cosa
que li venga devant fins a coranta llegos, i no hi
ha res que li tap sa vista ni roba ni paret ni tus-
tam. Per ella es com si tot fos de vidre. Ara en

quant an. es consei que he dit que te volía donar,
es que mai per mai faces curt ton pare, i posa
sempre tots ets teus sentits en fer-lo content.

Aquí En Pau va dir:

—iO que me teis de content, Mestre, amb
aqueixa trompa i aqueix consei que 'm donaul iNo
sé com agrair-vos-ho així com pertocarial

Es Mestre llavò li volía pagar es quatre anys
que havia feta per ell, però En Pau en vía ne-
guna volgué tocar cap dobler, perque va dir que
amb aquella trompa-de-mirar-lluny i aquell consei,
se donava per pagat i re-de-pagat.

lja va esser partit cap a ca-son pare fris-fras
tris-tras, amb sa trompa-de-mirar-lluny i es consei
des Mestre..—.——

Ara vegem lo que va ter En Miquel, es fii ter-
cer. També tocà soletes p' es seu vent, i de d'
allà camina caminaràs.

Tant caminà que arriba a una ciutat, i demana
quina ciutat era aquella, i li diuen que es sa ciutat
des sastres, i que allà a cada casa hi ha una sas-
trería. Tresca tres o quatre carrers cerca qui cerca
una botiga que es Mestre li agradàs. A la tí en
troba un que li entrà per S' ui dret. Se peguen de
barrina, la tan, i En Miquel comença d' aprenent,
al punt passa a fadrí, i aviat ja va esser es primer
fadrí de sa botiga, i es Mestre li comanava ses
feines màs delicades i més fines, i era el diantre
per sebre-se 'n desfer com tot un homo.

di
",NA
324,"314 RONDAIES MALLORQUINES

iQue me 'n direuP Ell quant va fer es quatre
anys que feia teina an aquella botiga, agafa es
Mestre i li explica allò de son pare, que els havía
enviats a trescar el mon, i dins quatre anys s' ha-
vien de presentar a ell, i es que hauría après més,
aquell sería s' hereu.

Es Mestre li va dir que estava molt agradat d'
ell, i que li volía fer un present i donarli un consei.

Es present va esser una gúia, que amb ella po-
rien cosir terro, vidre, pedra, qualsevol cosa: i es
consei: que mai per mai tés curt son pare, i que
tota sa seua idea fos de tenir-lo content.

En Miquel abraçà amb ses dues mans aquella
giúia i aquell consei, en donà mil gracies an es
Mestre: i, quant es Mestre li volia pagar es quatre
anys de feina que li havía teta, no volgué tocar un
dobler perque va dir que se donava per pagat i re-
de-pagat amb aquella gúia i aquell consei: i ja li
va haver estret cap a ca-son pare.

de dE

l ara vegem que tal li va dir an es germà derrer,
En Bernat.

Ell també va prendre ets atapins, i de d' allà p""
es seu vent.

Camina caminarós, arriba a una ciutat: demana
quina ciutat es aquella, i li diuen que es sa ciutat
des lladres, que allà a cada casa hi ha una escola
aón mostren de pispar an el germà proisme tot lo
que s' es menester per porer viure esquena dreta:
i totes ses lliçons se reduíen a mostrar de fer anar
talagueres ses mans.

En Bernat trià sa casa de més bon aspecte, s' hi
presenta, demana es Mestre, es Mestre surt, se
",NA
325,"UN PARE I QUATRE FIIS 315
peguen de barrina, la fan, i En Bernat ja va esser
partit a estudiar sa jugeresa i promptitut de mans.
A 's mig de la casa teníen un homo de pedaç pen-

 jat, tot carregat de campanetes, que per poc que
l'engronsassen, ses campanetes se posaven a so-
nar, naturalment.

Idò bé, aquell homo de pedaç duia set o vuit
tresetes dins ses butxaques, i es deixebles li ha-
víen de treure aquelles tresetes de dins ses butxa-
ques sensa fer sonar cap campaneta, si en sonava
cap, es Mestre jizasl una bona clotellada.

No vos dic res ses clotellades que havía de pe-
gar aquell bo de Mestre, perque no li poríen sig-
nar an aquell homo de pedaç, quant i més tocar-lo,
que no sonés qualque campaneta, i si es deixeble
era un poc esburbat en so paupar-li ses butxaques,
eren casi totes ses campanetes que prenien es trot
sona qui sona, i allà haurieu vist es Mestre repar-
tir clotellades a rompre 'àn aquell deixeble dali-

brou.

An En Bernat no li hagueren de bestreure gaire
perque anava uis espolsats ferm, li vel'lava es ba-
tuts a s' homo de pedaç una cosa de no dir, i al
punt ja li va sebre buidar ses butxaques seguit se-
guit sensa que cap campaneta provés de moure
gens es batai. l a les-hores es Mestre li donà es
títol de Mestre examinat de mans falagueres.

laquè fa En Bernat llavò2 Se despedeix d'
aquell Mestre, i va córrer la gandaina per allà ont
tenía es cap girat, fins que se cumpliren es quatre
anys, i compareix ben peus alts a ca-son pare.

de de de I

Quant son pare les se va veure tots quatre de-
vant, les diu:

dd
",NA
326,"316 RONDAIES MALLORQUINES

—iVeiaml explicau-vos què heu fet aquets qua-
tre anys. Cadascú que don relació de lo seu.

—Jo, diu En Pere, duc aquesta escopeta que
fer allà on jo apunt, i, si no vui matar, no mat:
només través.

—Bono, diu son pare, i tu, Pau, equè mos dusP

—ijo vos ho dirél diu En Pau: una trompa-de-
mirar-lluny, i no hi ha res que li tap sa vista: ni
roba ni parets ni tustam. l

—Bono, tornà dir son pare, ja sabem aquest al-
tre que ha duit. I tu, Miquel, camb-e que t' entre-
gues

—Jo, diu En Miquel, duc aqueixa gúia que cus
totes ses coses: es ferro, es vidre, ses pedres...

—Bono, tornà dir son pare. Ara ja sabem de
tres. el tu Bernat eQue mos dus

—Jo, diu En Bernat: sa jugeresa i promptitut de
mans. ,

dar

Com son pare les va haver sentits tots quatre,
e-hi pensa una estona, i llavò diu:

l — Bé, voltros deis que duis totes aqueixes coses
de tanta virtut segons voltros. Ara hem de fer ses
proves, veiam si es així com deis.

—En voler, diuen tots quatre.

Aquí son pare s' arrabaça aquesta:

—A una de ses meues possessions, no dic qui-
na, sé un niu de mèl'lera. jA veure, tu, Pau, si l
atines an aquest niul

En Pau se treu sa trompa-de-mirar-lluny, i ja es
partit a mirar. per s' endret de cada una de ses
possessions de ca-seua, i al punt s' exclama:

—Ara l'he afinat. Es dins tal possessió, de-
munt tal auzina.
",NA
327,"UN PARE I QUATRE FIIS 317

—iSí que hu has endevinatl diu son pare. jEl
dimoni étsl iBonol ara mos has de dir si sa véia
hi coa i quants d' ous e-hi-té.

En Pau torna girar sa trompa cap an aquella
possessió i cap an aquella auzina, i tot-d' una diu:

—iSí que coa sa véia, i son cine ous que coa, i
ben grossosi

—i El dimoni éts amb aqueixa trompal diu son
pare.

-—lllavò se gira an En Bernat, i ja li diu:

—i No res, tu que dius que éts cMestre examinat
de mans talagueres,, veiam si éts capaç de pren-
dre-li ets ous an aqueixa mèl'lera, mentres ella coa
i sensa que ella se 'n temal

—jAra meteixl diu En Bernat.

l ja es partit cap an aquella auzina, i son pare
i ets altres germans derrera derrera.

—Ja seràs el dimoni, deia son pare an En Ber-
nat, si tu tens tranc de pispar ets ous an aqueixa
mèl'lera mentres coa i sensa que ella s' en tema.

—iA la cuita se veurà el fesoll deia En Bernat.

eQue me ""n direu2 Ell com foren docentes pas-
ses abans d' arribar a s' auzina, En Bernat les fa
aturar per que ells amb so trepig i es rall no li des-
baratassen sa mèl'lera, ell s' hi arramba de pun-
tes, s' entila per s' auzina amb tota sa ciencia del
mon, arriba an es niu i ja es partit a llevar bus-
quetes i busquetes de devall es niu.

l hu teia amb tanta de suavidat, que sa mèl'lera
véia que covava, no 's va témer de res, i En Ber-
nat li toradà es niu per devall, ets ous tot cinc lle-
neguen i li cauen dins sa mà, ell devalla de s' au-
zina, i icap a son pare i an es germansi a mostrar-
los aquells cinc ous.
",NA
328,"318 RONDAIES MALLORQUINES

—El dimoni éts, tornà dir son pare. iSí que les
hi tens jugeres an aqueixes mansi iSí que t éts
aprofitatl

L' homo hi torna pensar, i diu an En Pere:

—Bono, tu te 'n vens amb aqueixa escopeta, i
dius que fers allà on pertoca, i que Si no vols ma-
tar, només travessesi jVeiam si éts capaç de des-
parar an es cinc ous, trencar-los sa closca d'un
cap a tí de que poguem veure sa mèl'lereta que
hi ha dins cada ou, sensa danyar-la gota.

—jConformel diu En Pere. iPosau-me de filera
ben atilerats aqueis cinc ous.

Les hi posen, i En Pere els apunta ben apun-
tats, i iplaml despara i va ferir cada ou just an es
cap fent-hi un toradí.

Miren per aquell foradí, i era ver: dins cada ou
e-hi havía una mèl'lereta que esperava es moment .
de porer-ne sortir de dins aquella closca.

. Aquí Son pare diu an En Miquel:

—No res, tu amb sa gúia que dus, cus aqueixes
llenquetes que En Pere ha tetes caure de cada ou,
a fi de que no les atropellem massa an aqueixes
mèl'leretes, tent-les néixer abans de hora.

—iAra meteixl diu En Miquel.

l ja se treu sa gúia, i ja es partit a replegar to-
tes ses llenquetes de closca que havíen botit: i ro-
mangué tot tan ben cosit, que no 's coneixía que

a hi hagués hagut trenc en-lloc en-lloc.

—i El dimoni étsi s' exclama son pare, com veu
tot allò.

L' homo n' estava amb sos cabeis drets d' aque-
lles proeses que es seus quatre fiis acabaven de
fer, i en via neguna era capaç de dir quina era sa
de més mèrit, quina se '""n duia la pauma.
",NA
329,"UN PARE Il QUATRE FIIS 319 o h
eQue me ""n direu2 Ell e-hi pensà set díes, i a la
fi crida es quatre fiis i les diu:
—Tots quatre heu demostrat tenir tan bon cap,
que no puc dir en bona veritat quin es que se 'n
du sa ventatge. Per això he pensada una cosa: fer-
vos hereus per iguals parts, i no parlar-ne pus.
Així hu va fer: va xapar tota sa seua heretat en l
quatre parts i en dona una per-hom a cada fíí.
eQue me ""n direu Ell tots quatre n' estigueren
ben contents, i cadascú amb sa part que li havía
tocada i s' al'lota que cada un aluià i s' hi casú,
visqueren anys i més anys, i encara son vius Si no
son morts, i al cel mos vegem tots plegats. Amèn.
",NA
330,"Aquest tom III de l Aplec de Rondaies
Mallorquines, s' acabà d' estampar a
la ciutat de Sóller a l estampa
de La Sinceridat día 12 de
octubre de l'any del 3
Senyor 1913
A INS SR
L A N
S SNVERSITy O) x
$ TJUL 200 Í j
OF OXFORD )
SR ARN Ú
L a J í z J
",NA
