"pagina","texto","error"
1,"des D a EET OT Ra, mir ds re OE OR DE EN Qirt 1 40 NS Ta ns :
Es ANA NO La nas regpé Ga afir, i Ex
————L LS Se Gal — I pa
A gr 2 f 1: ds. mb ib a I
DN dt
— A :  —— /
Es NS i Ú a el
pl: : Y i: fi e93.
— s $ NA ds L at Res
- NN a P re) 21
l 3 b N ja SO DE ES a x. Dar
- E i x- a as pit n
ds: NI h QU NT rzes sé na
Ma i 4 DE DO DS a a ni
: A sy NN LES UE os L'era
3 i NI Ú missa o Ne
— y . AG Ra
- - n ) NI AR Tags Ú f aa
ES t NS ) CS
Bi, h A a AP é
P. Dg: I A RA SAN Da a 44
ma , SS À AN AI . ol
Ra el t RN NN —— Es
P ERP t NN Ll, ) PRE ES és El
Ó À rs Ú xi
— a: : dc AA RN X Ei me"" Fa
P: AN ————í— IN Ra — V PISA Derar mi Es
BE Ú RO N NS F
3 i NA AENA —
: Cal / Ds / A ya N A se a, c .
ss Li AMI AN - A
Dpt des li 4 NN), VA EX NN —— ad 4
3 —— ON A Sa A ES: Sl
DS A NÚ RS) a cer rera
ç Pimsègla CI N 4 DS u $ J/ efi U Rei ——b— 4 —e
re R ara CNS ee qu RA , ——— y MV is re er. ss de 4
ON, ES ED mea a as)
£ em RES) dE : 4 EE nir a —— i ae Í
É ——— NA Re — LL : ELS aa N MM o at :
De e— NI: SI VO al RES Del i Va: SE
CN —/ / NE ABS a — ) EE ed
b / UM CEA Ma AA CRA ay Ec: I
—/ V/IN RS TN NN dl
— A , di 3 RSS re — 4 — 13 Re es Mis a RE : ra)
Ec (40) PP h Ni NN A an un NATES IQ 3 RM N BA et DES È
3 9 RX RN) NA EES DSA NS RR EA 1
EC 3, Vi fe CRA NS PA a en NAS — ES NA ANY MN ———
—— 6 Es NS Br DEA LAS AS SS I AR Et t —— Pre LT
EN EN EA (MC
—— EE DL Dom ae El qu IR a a Mn A i RG er das rs
OO Em)iZa la A ei ———N NE — o —
EG EE NR
EE Ra NN ———ET MN"" Pa
SE AS dl rn di at Es Vi dr, al ra MS )—
ea d Ed ea mg PS Pa dem Del de i TE re er Gal RE RN VD —
rere ee a 3 aletes P pea en et —— —— SS SEC NS arees
ee: ——— Mo. A La el ES a
é: N m——ml H —— FE ———— — EN a A rica
——— ——— mea Po qu ee as i ds
GE —N mi EST
Re, PERO a mn"" ———) IH EES Pepe ai ge AE er ra
Ò. ————n— —— Damm re LS a Les desem a a pets. Sea ad P Sana L aa anam ret ir cas
EE Ed  — IE es
q SD Rei cre area aye REI ç de ates oval ——— —é P — Paper i ES v Ne R
d i ds re a Pe ce DS EO rgaiitdeeó P a ———i Mr 2
OO TG RRI dr DT eraez. GEN pe a dE EE ar ve i ROSER Cr DA
a —— —— ai xy — —— Es i NA Ec NH
S————————— 1) SSL, a : a FS ani .
er iaia Es DE em SS ll) DN Ne i
s —ns dr TA ya - ——o 3 y V j ter — A Damm I
3 XC R eoTE legiLa PS
Perea ene ia DOL Da 4 a EL A re I
: pe A eL Tl —b———— ha ae Ras — cap: X a — A
uo, A J
L : I .
. 4 o . - -
EC TOM V.—Segona Edició
ds 4 -
Dr. /
28 3 i I 4 ds
d'e es I de £ dl Dl l
h rar y 4 ag E me hi
a al da ———€t a Ú é r i Dt, at R
a
",NA
2,"i 23) dd 5
- se
i mes l
plor Justitutg se
",NA
3,"RONDAYES MALLORQUINES
",NA
4,"AFILECE
DE
RONDAYES MALLORQUINES
D'EN
JORDI DES RECÓ
(Mu. ANTONI M3 ALCOVER)
En Francesch de Borja i En Jusep Moll i Casesnoves
TOM V
AB LLECÈNCIA DE L'ORDINARI
Editor: l'amo'n Pere Jusep Alcover
BARCELONA
Depòsit: Llibreria Alvar Verdaguer
RAMBLA CENTRE, 5
1924
",NA
5,"CBNSURA ESGLESIÀSTICA
Nihil obstat
El Censor
DR. GABRIEL AUGUET I ROSET
Canónigo Penitenciario
Barcelona, 7 Junio 1924
Imprímase
RAMÓN, OBISPO DE BARCELONA.
Por mandato de Su Excia. llma.
, El Obispo, mi Sefior.
DR. JuAN BOADA Y CAMPS
Canónigo Secretario
Barcelona, 7 de Junio 1924
(S quesxo zo XX
IS RSE tara cs
E 8C6l O3G-€Ç 7)
ls, ALISGeA: /
Ln ,
rn i
",NA
6,"Un mot an el lector
Les Rondayes del tom V, així com les aglapía recorreguent
Mallorca, les escrivia i les publicava dalt el Bol//elí de /a Socie-
dat Arqueològica Luliana i en teya tirada apart. Així engar.
bullí tal tom. Per ferne segona edició, calia classiticarles i abol-
dronarles segons llur dembie i sustància. Per terhi quebre una
partida de Rondayes noves, ès a dir, no publicades encara i
que per llur demble especialíssim no esqueyen dins els futurs
toms, n'hem hagudes de treure una altra partida, que escauràn
de lo millor dins els volums venidors.
Les Rondayes noves son totes aqueixes:
Lo que digué Noécom hagué escorxut es gal des such de pa-
rra.
De com Deu aliargà cent anys ia vida a Noè perque duya
s' idea tan forta de fer vinya.
Si. Vicens Ferrer i es rebozillos.
De com St. Vicens Ferrer anà a predicar a Petra.
De com St. Vicens Ferrer anà a predicar a Sa Pobla.
De com St. Vicens Ferrer anà a predicar a Muro.
Una dona d'Algayre i St. Vicens Ferrer.
St. Vicens Ferrer i la Creu de Ses Costes d'Algayre.
De com el P. Prior privà St. Vicens Ferrer de fer miracles.
Fullet.
Es fullet d'En Cuera,
En que consistia es MAL-BOSSI i Ses castes que n'hi havia.
S'elsisament del sen Toni Fum i es seu ase.
En Felet Cormena dona mai-bossí a Na Bet de So'n Gatzella-
En Tòfol Cormena etsisa ses mules de Na Margalida Dalò
brou.
En juan Gol'let des Puig de Bon Any i una bruixa des Pla de
S£. Jordi.
En Lau Fe't-pendre i dues bruixes.
Sa passada que li succeí a un que li havien robat blat i a un
fiv seu que li desfeyen una casa.
Es fullet d'En Parragó.
Un que ab so llunari feya sortir el dimoni,
",NA
7,"Es Moliner des Molí-nou i dues bruixes. Ú
L'Amo de So'n Cardair fa sortir el dimoni a un estol d'al'lo-

tellots,.
Es fullet d'En Biel Corcó i d'En Damid Fosch. '
Na Juana de Paguera i un soldat ciutadó.
De com feren sortir el dimoni dins sa tafona de Santacirga.
En Tió Cormena i Na Susayna Jaumella.
Una brui.ra destapa ses mangarrufes d'un enamorat.

Aquestes vint i set Rondayes noves acaben de dibuixar
la fesomia de St. Vicens Ferrer dins l'ànima del poble mallor""
quí, i ofereixen una mostra de les supersticions de fullefs, mal-
bossí, elsisos i demés arts màgiques, tan esteses encara des-
graciadament fins i tot dins els pobles moderns mes civilisats:
mostra que ès la primera que dins Mallorca se dona a la llum
pública. No sabem que hagen publicada cosa consemblant dins
l'altre territori de la nostra llengua, això ès, Catalunya espa-
nyola i francesa, Reyalme de València i les Balears.

Ciutat de Mallorca, 27 de novembre de 1924.

Antoni M.2 Alcover, pre.
",NA
8,"Ecos de la vida de Jesús, Maria i Jusep

Baix d'aqueix títol aboldronam totes les coses que contava un
temps la gent, del Bon Jesús, la Mare de Deu i el gloriós Patriarca
St. Jusep, coses que no consten dins lo Sant Evangeli segons Sant
Mateu, St, March, St. Lluch i St Juan i que's veu a la llego que
procedeixen mes o manco remotament dels evangelis apòcrifs que
corregueren ferm entre els cristians dels primers sigles, durant
tota l'Edat Mitja i fins ben entrada l'Edat Moderna, com ho testi-
monietgen casi tots els llibres piadosos anteriors a l'època de salu-
dable rigor que hagué d'establir la Santa Mare Esglèsia per captu-
rar els heretges i incrèduls moderns, que l'acusen de mantenidora i
escampadora de faules i rondayes contra la veritat històrica i cien-
tífica.

TA
Com ès que es bous llauren sensa coixí ()

Ja sabeu que es bou va encalentir ab sos alens
el Bon Jesuset dins sa coveta de Betlem.

iQuina gràcia vos figurau que li demanà llavò
an el Bon Jesúst

Idò li va dir:

—Jja que sempre me fan llaurar, donaume un
coixí d'or, i aixi no se'n poràn riure.

—jUn coixí d'orl diu el Bon Jesús. Per que t'ets
enfilat tan amunt, ara no'n tendràs d'or ni de cap
casta: hauràs de llaurar sensa. jNo sé com no veus

ue es coixí que demanes, te posaria es coll com un
l latze, i llavò que Varribaria a estrengolarl

Per això ès que es bou llaura sense coixí.

No hi ha remey: no hem de fer fava en so dema-
nar. Mos hi hem de mirar bé. l

(1) Ho centava mon pare.

T. V—I
",NA
9,"2 l RONDAYES MALLORQUINES
S 2.
Com ès que ses mules llauren ab coixí i que no fan
mulats ()

Ja sabeu que a sa coveta de Betlem, ademés des
bou, ey haguè sa mula també, que encalentia ab sos
alens el Bon Jesuset.

Ella no va esser com es bou, que demanà un
coixí d'or per llaurar: no demanà, res, no obri boca,
1 el Bon Jesuset arribà a dir:

—i Y tu que no'm demanes res

—Vos mateix donaume, si trobau que m'ho he
guanyat, diu ella.

l — No res idó diu el Bon Jesús: tu tendràs coixí
per llaurar, però no d'or ni de plata perque t'escor—
Xarlien es coll i t'estrengolarien, sino de tela de sach
i pell ab sa llana per dedins i ple de paya per que
sia blan i es Jou no't sobragueig.

—iJa'm feys ben contental va dir sa muleta.
iPer amor de Deu sial

Però la pobra va esser flaca i miserable, li co-
mensà a entrar vanaglòria i supèrbia perque havia
de llaurar ab coixí i es bou sensa, i sobre tot per que
havia tenguda tanta de mereixera, que el Bon Jesús
entre tots ets altres animals l'havia triada a ella per
que l'encalentis ab sos alens dins sa coveta. I s'arri-
bà a entonar tant, que an es pastorets que anaven a
adorar, los mirava com a no res, i una vegada per-
que un, per veure el Bon Jesuset mes d'aprop, anà
a passarli per derrera, i li fregà ses anques ab sa
pellissa, ella li tirà una cossa.

—jAyl va dir aquell pastoret, i se posa a plorar.

—il ara què ès estat demanà el Minyonet Jesús.

—Que sa mula m'ha tirada una cossal... diu es
pastoret. jAy, que'm fa de mall jAyl

—3l això trobes tu que ès cosa de fer, tirar una
cossa2 diu el Bon Jesús a sa mula.

(1) Ho contava mon germà Pere Jusep.
",NA
10,"a ———
COM ES QUE SES MULES LLAUREN AB COIXÍ....— 35

—jldò que no fos vengut a ponyirmel respòn
aquesta, tota morrotosa.

—l ja sabs tu si hu ha fet aposta2 diu el Bon Jesús.

—ildò hagués tengut mes miramentl diu sa mula.

—Idò ara per càstich, digué el Bon Jesús, tu no
faràs mulats.

Sa mula se posà un punt a sa boca, i ès ver que
no'n fa de mulats.

Ni n'ha fets ni'n farà may.

S 5.
Com ès que des tres Reys d'Orient des Bellem
n'hi ha un ab sa barba blanca ()

Com es tres reys d'Orient arribaren a Betlem per
adorar el Bon Jesuset i oferirli or, encens i mirra,
es mes jove de tots, que era travessadis com una
llansadora i poch afectat ferm d'esser es derrer en-
lloch, trompitxà de tal manera, que passà devant an
ets altres dos, com anaven a adorar.

Volgué esser es primer.

Però com s'aixicà dels peus del Bon Jesuset, sa
barba li va esser tornada blanca blanca, i això que
abans la tenia negra negra.

(Ah idd2 Aquesta oblada se'n va dur perque, es—
sent es mes jove, volgué esser es de devant.

jAnauhi voltros a passar es veys a derreral

S 4.
Com ès que a totes ses festes de la Mare de Deu
hi ha romanins florits P.

Va esser, segons conten, que sa primera vegada
que la Purissima hagué rentats es drapets del Bon
Jesuset a sa coveta de Betlem, cerca qui cerca a on

(1) La'm contaren Madò Francina Ayna Alcovera, i la seua germa-
na Francina, de Manacor, al cel sien totes dues. Aquesta tradició es ge-
neralíssima a Mallorca.

(2) La'm contaren mon germà Andreu i l'amo'n Guillem Bulla, de
Manacor.
",NA
11,"4 RONDAYES MALLORQUINES
estendrelos, só aixugassen aviat, troba's romani
que com que li digués:
—Esteneulos demunt mí, veureu que anirà de be.
I an es mateix temps com que estufàs sa rameta i
per rebrelos millor.
La Puríssima los hi va estendre demunt. /
Què me'n direu2
Ell es drapets al acte quedaren aixuts i es romani
tot florit.
- — I per això a totes ses festes de la Mare de Deu ey
ha romanins florits. /
P5.
Com ès que no troben nius de cega ()
Com la Purissimeta i Sent Jusep fugien cap a I
Egipte ab el Bon Jesuset per que el rey Herodes no
les ho matàs, sa cega va pendre derrera ells, i los
tapava ses petjades que feyen per que nigú sabés per /
on eren fuyts i no les poguessen encalsar. /
El Bon Jesuset, com va veure allò, va dir:
—Qui es nat ni neixeró,
niu de cega no trobarà:
així com ella tapa ses nostres petjades, jo taparé es
seu niu de ses mirades dets homos.
El Bon Jesús va fer tenir veres aquestes paraules,
i per això ès que, bé poreu cercar, però no'n troba-
reu cap de niu de cega. Ni n'han trobat nin tro—
baràn.
Fins i tot se conta que hi ha hagut homo devora
una bassa contemplant sa rama d'un uyastre de sa
vorera, retratada his s'aygo, i afinarhi una cega I
coant, remenar aquella rama, fogir sa cega, i s'ho— /
mo no esser capàs de trobarli es niu, per bé que ha- )
ja rastretjades totes ses branques, soca, brancons 1
fuyes d'aquell uyastre.
(1) La'm contaren mon pare i mon germà Pere Jusep: la conta tot-
hom. Aquesta tradició es una de les mes conegudes,
I
l
/
l
/
",NA
12,"LO QUE FEU SA LLAGOSTA .. 5
S 6.
Lo que feu sa llagosta quant la Mare de Deu i St. Jusep
fogien cap a Egipte (D

Diuen que, com la Mare de Deu i Sant Jusep fo-
gien amb el Minyonet Jesús cap a Egipte, sa cega
los tapava ses petjades perque es soldats del Rey
Herodes no elze seguissen es quest, i elze agafassen,
però que derrera derrera hi anava sa llagosta i elze
destapava.

ePer això diuen que un que mata una llagosta en
divenres, guanya cent dies de perdò.
8 7.
Com ès que diuen que es blat té sa cara
del Bon Jesús 2

Conten que primer no hi havia mes casta de blat
que es de perdiu, que ès una especie de margay,
qui treu s'espiga a modo de corona, just ab dos gra-
nets com a grianses, i se sol fer en ets esveits, vore-
res de cami 1 tenasses.

Ara veureu com és que es blat deixà d'esser tan
magre i ruench.

Conten que es soldats d'Herodes cercaven el Bon
Jesuset per matarlo, i agafaren la Puríssima, quell
se'n duya dins sa falda cap a Egipte, ab Sent Jusep.

—iQue portau2 li digueren. :

—Blat, diu ella plena d'esglay.

Aixampla sa falda, i es soldats no hi veren mes
que blat, però sà, gros, molsut, garrit de tot. l

—O quin blat tan bufarell, digueren es soldats,
sensa poderse'n avenir, i giraren en coa. :

D'aqui vé dir que's blat té sa cara del Bon Jesús,
perque va treure cara per Ell.

D M'ho contú un tal Pau Bal'lei de Manacor. ,

,. (2) La'm contaren ma mare, mon germà Pere Jusep, na Bet Calona
L la f Je germana Mària Ayna, de Son Servera, i en Bielet Ros, de Son
arrió.
",NA
13,"e I
6 RONDAYES MALLORQUINES

De llavò ensà ès estat i serà sempre així com el
veren aquells soldats dins sa falda de la Purissima:
tan gros, tan ros, tan molsut, tan garrit.

S 8.
Com ès que tots es dissaptes fa sol ()

La Purissima rentava els dissaptes sa robeta del
Bon Jesuset, i llavò l'estenia defora per que aixugàs.

Es sol, si estava tapat, ja ho crech, tot d'una se
destapava, i /sas/ ja tenia aixuta sa robeta, i la Pu—
rissima ben aviat a entrarla.

D'aquesta manera es sol s'avesà a destaparse tots
es dissaptes, per ennigulat que estigués, 1 per això és
que's dissaptes, sia així com sia, sempre'n fa una ret-
xeta de sol.

: S 9,
Ses aranyetes del Bon Jesús 2)

Ey ha uns cuquets color de plom, com a pinyols i
d'oliva, que se diuen aranyes del Bon Jesús.

Diuen quel Minyonet Jesús ey jugava, 1, en to-
carles ab so ditet, elles jaas/ s'arrufaven, fent cap—
dellet. 3 l

l Per això encara s'arrufen si les toquen i els ès l
romàs es nom d'aranyetes del Bon Jests.
8 10,

Com ès que ses serres entrescades serren millor P

Ja sabeu que Sant Jusep era fuster.

Idò conten que el dimoni sempre hi anava a fer-

li es mil jutipiris per donarli mala vida i per veure
si li acabaria sa paciència. Un cop li amagava una
eyna, un cop s'altra, o les hi omplia d'osques, o les
(1) M'ho contú D.2 Maria Antònia Salvà, que la hi contaven a Lluch- l
major, com era petita.
(2) M'ho contú sa mestresa Margalida Oliver, Gayana, de Manacor.
(3) La'm contaren un fuster ciutadà i mestre Jaume Gracia, de
Santa Maria, fuster grosser. I
3 I
",NA
14,"COM ES QUE SES SERRES ENTRESCADES... 7
hi tirava en terra 1 les feya botir s'aceró, o li toma—
va ses posts que tenia a aixugar an es sol.

Però Sant Jusep jben alerta a enfadarse gens
mayl

Í el dimoni que feya flamada, i se seria tornat a
un puat.

Com ho hagué provat tot, se'n pensà una que se
figurava que no li mentiria. :

Esperà que Sant Jusep fos a fer sesta, i se'n en—
tra dins sa botiga.

Agafa sa serra, 1 li tors una dent per un vent i
una dent per s'altre, 1 fins que les hi hagué torsu—
des totes.

—jAquesta vegada el me fas meut deya mentres
tant es polissó. Ara, en provar de serrar, sa serra,
ab ses dents girades a la Xisclera, no voldrà pendre,
i ell s'haurà d'enfadar per forsa. Perque jveyaml...
Si no pot serrar, està llest.

Des cap d'una estoneta Sant Jusep hagué acaba-
da sa son, s'aixeca i se posa en feyna.

Al punt hagué de fer un tay: agafa sa serra, co-
mensa a serrar, 1 nota que serrava mes falaguer i
mes depressa.

—il ara què ès això2 diu ell tot sorprès.

Se mira sa serra, i la veu ab ses dents entres—
cades.

—il qui deu esser estat que les m'ha posades
aixíe deya l'homo. Sobre tot, :ell serren millori jBon
favor m'han fetl

De llavò ensà volgué sempre ses serres entres—
cades, i tots es fusters han fet lo mateix.

I el dimoni s'hagué de pegar un cop a la barra.

Així n'hi pren sempre ab sos qui son amichs
vers del Bon Jesús: que, com mes fa per tombarlos,
mes hey guanyen ells, i mes ey pert ell.
",NA
15,"8 LONDAYES MALLORQUINES
8 11.
El Bon Jesús i St. Eloy (D :

Sant Eloy feya de ferrer, i en volia ab qui alena-
va a fer des seu ofici.

Tenia demunt es portal de sa botiga unes lletres
que deyen: Mestre de tots es mestres.

El Bon Jesús com era al-lot, en passa un dia,
veu ses lletres, i diu: I

Això ès un poch massa de bravetgera. Li haurem
de donar una llissó. M'hi llogaré per mosset.

S'hi lloga, i un dia que es mestre no hi era, s'hi
entrega un homo a ferrar un cavall.

Com sent que es mestre no hi ès, 1 veu aquell
al-lot, diu a sa mestressa:

—3il això que no ès es mossot

—Si-fa, diu sa mestressa.

—il que no't donaries ab cor de desferte'n tu tot
sol2 diu aquell homo an el Bon Jesús.

—Jo em pens que sí, diu ell.

—jVaja idòl diu s'homo.

Ferma es cavall a una baula de sa paret, i co—
mensa a moure conversa a sa mestressa, que era
ben afectada d'esmolar sa garrova i fer la pretxa ab
qui's presentava.

iQuè me'n direu2

Ell el Bon Jesús agafa's llambroix, pega llam—
broixada a una cama des cavall, la hi taya, l'estreny
an es caragol, llambroixa bé sa pota, ey planta sa
ferradura, ey afica tots es claus, les rebat ben re—
batuts, treu sa cama des caragol, la torna confegir
an es cavall, 1 li fa lo mateix a ses altres cames, 1
aquell animal no's batega ni esperonetja gens.

Aquell homo i sa mestressa romanen ab sos ca—
beys drets d'aquella fantasia des mosset.

Com es vespre tornà es mestre, sa mestressa li
diu:

(1) La'm contà En Jaume Parets, de So'n Curt, d'Alaró, al cel sia.
",NA
16,"EL BON JESÚS I SANT ELOY 9

—Mira, pots llevar aqueixes lletres que tens dalt
es portal. Aquest al-lot te guanya de massa.

Com es mestre senti sa proesa que havia feta
aquell betzo, callà, i va pendre sa seua.

Lo endemà se presenta un altre homo amb un
cavall a ferrar, i es mestre pega grapada an es llam-
broix, i encivella llambroixada a sa cama d'aquell
cavall, un poch mes avall des genoy.

Ja hu crech que li fa un uberta feresta, si bé no
li trencà s'os, 1 sanch i mes sanch i aquell cavall
bots i aixechs i eguins, fet un lleó.

—Però iquè heu fet, homo sant de Deu2 deya
l'amo des cavall. sl aixi ferrau vos ses bistist Si no
estàveu bé des cap, bellament m'ho haurieu pogut
dir.

Es mestre estava fet de pedra, no sabia que li
passava ni per ont pendre.

Amb això arriba es mosset, i devant aquella des-
concòrdia, s'acosta an es cavall, l'agafa pe'sa cama
nafrada, li'clou sa grandiosa ferida, i romàn com si
no n'hi hagués haguda may, i aquell cavall com un
xotet de cordeta sensa bategar peu ni cama.

—jVajal ara el poreu ferrar, diu es mosset an es
mestre, però ab so tranch vey, així com heu ferrat
sempre.

Així hu fa St. Eloy, tot confús i humiliat, sens
Obrir boca.

Un altre dia St. Eloy se'n anà per feynes, i pas—
sa per devant sa botiga una jaya de noranta anys.
Es mosset li diu: l

—i Voleu que vos renou2

—il hu dius de bo2 diu sa jaya.

—iProu que le hi dichl diu es mosset. De vint
anys tornareu.

—j Hala idòl diu sa jaya.

iQuè me'n direu2 Ell es mosset la posa dins sa
fornal, i manxa qui manxa, la treu, com està a punt,

demunt s'encruya, i ab so martell tupa—tup, tupa—
tup, li treya totes ses rues, sa carn fresca i sa pell
",NA
17,"10 RONDAYES MALI.ORQUINES
nova li pujava, blanca i TEeges amb un copet an
es barram li sortiren caixals i dents, ab tres o qua—
tre cops pe'sa closca li comparegueren es cabeys, i
romangué una fadrineta de vint anys que embellia
de garrida.

Com es vespre arribà es mestre i sa mestressa li
conta sa nova proesa des mosset, fent estabetxos, ell
callà i prengué sa seva.

I may dirieu quina la se pensà.

Idò renovar a sa mare, que ja n'havia doblegats
vuytanta.

L'embraona, a forsa de forses l'arriba a posar
dins sa fornal, però no la hi poria subjectar en via
neguna. Í aquel doneta crits, ab sa roba encesa i
clapes de P Il que ja li feyen xiu-xiu.

Aqui el Bon Jesús va dir:

—Mestre, això no va pus.

Pega grapada an aquella dona, ja mitx morta,
la treu de sa fornal, li dona la bendició i romangué
sana i bona, 1 es mestre que li demanava perdó de
genoyons plorant.

I el Bon Jesús que li digué:

—Mestre, no volgueu esser mes de lo que sou.
Crech que hu heu tocat ab ses mans que n'hi ha qui
vos son superiors, aposta vaig venir per fervosho
veure. Llevau, idò, aqueixes lletres que teniu dalt es
portal, i, en lloch de anomenarvos Mestre de tots es
mestres, malavetjau fer sa feyna des vostro ofici tan
bé com sapigueu, i això de dir si sou o no sou, dei-
xauho fer p'ets altres.

Aqui el Bon Jesús se'n anà, i es mestre va fer lo
que li havia comanat, 1 hu va fer tan bé i va servar
es llum tan dret, que va esser... St. Eloy.

Prenguem llum de Na Pintora, i al cel mos ve—
gem tots plegats.
",NA
18,"COM ES QUE ES CAPXERIGANYS DUEN CORONA ll
S 12. :
Com ès que es capxeriganys duen corona (D

Una vegada el Bon Jesús va dir a tots ets ani-
mals volàtils que aquell qui arribaria primer an el
cel volant, tendria una corona.

Ets aucells ja foren partits vola qui vola per
amunt i per amunt, i vos assegur que no n'hi havia
cap que no hu fes de tot.

Es qui arribà primer fonch es buscaret, i el Bon
Jesús tot d'una li posà sa corona an es cap.

S'animaló devallà tot content, no sabia què li
passava d'alegria.

Tot amb u veu es capxerigany que se'n venia
cap a ell ben afuat.

—jAy Deul diu es buscaret, jja estich perdutl jja
no'n fas altral

Es capxerigany, com el veu tot tremolant, diu:

—Mira, no tengues por: sl'm vols donar aquesta -:
corona que el Bon Jesús t'ha posada, promet baix
de jurament no dirte res may.

—jVelataquil diu es buscaret ben aviat.

La hi dona, es capxerigany la se posa, i encara
la du. (2

De llavò ensà, ab tot i viure d'aucells, no hu to-
cat pus cap buscaret.

Se'n guarda com de caure.

S 15.
Sa ma de Marcos

Aquest Marcos era un criat de Caifàs que se'n
anà ab sos altres a pendre el Bon Jesús dins l'hort

(1) La'm contà un porqueret de Manacor, no'm recorda què havia
10909) Els capxeriganys en el cap tenen unes plomes rotgenques que 9
los fan una espècie És corona.

(8) No's contentaren els primitius cristians ni els dels pie es se-
glients ab lo que contaven de la vida del Bon Jesús els Evangelistes, i
brollaren una partida de contarelles i anècdotes sobre el Fill de Deu i la
seua Santíssima Mare suposantlos moltíssims de miracles i prodigis, que,
ancque dissonassen i se destacassen ferm de les relacions evangéliques,
",NA
19,"12 RONDAYES MALLORQUINES
de Getzemani.Va esser es mes atrevit de tots a posar
ses mans demunt el Bon Jesús, i St. Pere, que esta-
va devora el Bon Mestre, amb una espasa li etzibà
su's cap i li devallà una oreya.

—Pere, diu el Bon Jesús, amaga s'espasa, que
ara no ès hora d'això.

Il agafa s'oreya d'en-terra i la torna confegir an
En Marcos.

l Il iquina vos pensau que la va fer aque)

Idò se tirà demunt el Bon Jesús am ae al—
tres llops, tan carnissers com ell, el me fermen, i
a sempentes Il COpS de puny 1 cosses el se'n menen
a Caifàs, a on hi havia tots ets Escribes i Fariseus
que l'esperaven per assaciarse'n.

Vé que Caifàs demana an el Bon Jesús quina era
la seua doctrina, i el Bon Jesús li fa de resposta que
hu demàn a qualsevol perque ell sempre ha parlat
devant Deu i tot lo mon 1 no s'ès amagat de res may.

l aquella mal ànima de Marcos, per fer un pla-
tet an es senyor, se posa una mà de bronzo i enflo—
ca galtadà an el Bon Jesús ab tota sa forsa.

Però li sorti ben malament an aqueix mans-fa—
lagueres, perque se posà furiós i desesperat, no fent

mes que pegar a dreta 1 esquerra, el feren fogir a
respiraven pietat i fervor, i no ès gens estrany que trobassen acullida dins
les obres d'alguns Sants Pares i escriptors a PEI primitius i mes
tart entrassen dins els llegendaris de l'Edat Mitja, i els pobles cristians
en fessen menjaret i hi rebetjassen llurs plomes fins i tot els escriptors
ascetichs i místichs, com se veu ab St. Pere Pascual, del sigle XIII, mer-
cedari, bisbe de den i màrtir, i uns dels primitius escriptors catalans, i
ab Mn. Guillem Serra, Rector de St. Julià de Montseny, que l'any 1451 tra-
lladà del provensal al català lo Genesi de Scriptura o dompenel d'His-
tòria Sagrada, a on aprofità moltes digues tradicions, i St. Pere Pas-
cual, les obres del qual publica ara el M. Rt. P. Pere Armengol Valen-
zuela, General dels Mercedaris, va posar en català un dels evangelis
apòcrifs, el de Nicodemus, famós dins Lantiguedat cristiana, degut a que
no contenia heregíes, sino contarelles i rondayes piadoses, sense mal fel
negún, que les contava la gent per tot arreu i s'hi encenia mes i mes la

2 càndida devoció de les ànimes senzilles.

Prou que arribaren i arrelaren a Mallorca com a les altres bandes
aqueixes tradicions i contarelles, i sea que les referents a la Sacro-San-
ta Passió eren recordades i encarides ab llàgrimes, sobre tot la Semana
Santa, entre la nostra gent d'en temps primer. En posam assí unes quan-
tes que recullírem a Manacor fa mes de coranta anys i que a les hores
tothom les contava.
se
",NA
20,"SA MA DE MARCOS 15
cops i cosses de per tot, com un ca rabiós, i ell que
no's poria aturar de pegar ni va esser capaç de treu-
re-se sa ma de bronzo, fins que s'aficà dins una còva,
1 encara hi pega demunt una penya ab tota sa forsa,
1 està demanant nit i dia:

—iEncara no arriba la fi del mon2 gsencara no
arriba la fi del mon2

Es que fins que el mon fassa fi, ell ha de pegar
ab tota sa forsa demunt aquella penya, i després
se'n anirà a fer flamada dins infern per tota una eter-
nidat.

(Ah idò2 No hagués pegada sa galtada an el Bon
Jesús.

Així una altra vegada estarà mes alerta.

S 14.
La Mare de Deu i sa senyora de Pilat

Diuen que la Mare de Deu, com va sebre que
ets escribes i fariseus havien presentat el seu fill
Jesús a Pilat per que li firmàs sa sentencia de mort,
ja va esser partida cap allà.

Arriba a la casa de Pilat, i mira qui mira a veu-
re Si afinaria res, repara a una finestra una senyora
que guaytava, que també se fixà amb ella veyentla
que mirava com esglayada, i de bon cor que tenia,:
ja li diu a la Mare de Deu:

—Senyora, ique teniu res de nou2

—jMaldament no tengués tantl diu Maria Santis-
sima. Un sol fillet que tenia, el m'han pres i l'han
duyt aquí, segons me diuen, per que'l senyor Jutge
el sentenciy a mort.

—Ja hu he vist que n'entraven un, diu aquella
senyora, d'una trentena d'anys, un bell homo, es
mes respectable que may hagués vist. I he pensat en
mi mateixa tot dada No és possible que aquest
jove haja fet cap atentat. M'enganaria que tot no
siguen o a Il passions de mala rel""

—jo us ho assegur que és així com deysl respòn
Maria Santissima. I digaume, senyoreta, vos qui
",NA
21,"14 RONDAYES MALLORQUINES
pareix que teniu bon cor, jcom eu hauria de fer per
parlar amb el senyor Jutge2

—Mirau, diu aquella, jo som sa seua senyora, i
jo mateixa aniré a parlar p'es vostro fiy i per vos.

Se'n hi va aquella a Pilat, i li diu que per res del
mon no condamn a mort aquell pres que li han
duyt, perque està ben segura de que ès innocent, i
que se'n penedirà si'l condamna, i que sa mare ès
adefora per parlar per ell.

Pilat com sent aqueixes comandacions, romàn
encara mes confús, no hi veya de cap bolla, es cap
li cloquetjava i se pensava tornar boig.

—Si'l condamn, deya ell amb ell, fas una injus—
tícia, 1 Si no'l condamn, eu diràn an el César, 1 me
treuràn de jutge.

I homo s'estimà mes esser jutge que defensar
aquell innoeent, i acabà per dir a sa senyora:

—lFiyeta, molt de greu me sap, però no hi ha res
que fer. Digalehi a sa mare que no tench altre remey
que firmar sa sentència així com volen ets escribes
I fariseus.

Aquella senyora tregué es cap a sa finestra, tota
plorant, i va dir a la Mare de Deu:

—Senyoreta, mala nova vos duch: mon espòs
diu que no hi ha res que fer, que no ès possible alli-
berar de la mort es vostro fill.

Figurauvos com se degué posar de pena i de llà-
grimes la Mare de Deu. Si sa senyora de Pilat, que
no hi tenia res, plorava, 4què havia de fer ella, trac-
tantse des seu únich Fill2

Així ès que sa cansó diu:

Com Maria se'n va anar,
Va pegar un cop de mans:
l —iMares que teniu infantsi
iveniu a aydarme a plorarl
Ú
I
P ——————— . ——
",NA
22,"LA VERÓNICA I GAMOS, ES SEU HOMO 15
S 15.
La Verònica i Gamos, es seu homo

La Verònica era una dona tota de Deu. Sent es
gran bogiot des qui se'n duyen el Bon Jesús carre—
gat ab la creu cap al Calvari, que passaven p'es ca-
rrer, i surt a veure què és.

Me veu el Bon Jesús a's mitx d'aquell avalot de
llops carnicers, ajupit baix des pes de la creu, coro-
nat d'espines, amb un dogal p'es coll, plena de cops
blaus i d'escupiaades la seua santissima cara tota
brollant de suor...

iCom no li havia de trencar el cor aquella vista2
iCom no se'n havia de compatir ab tota la seua
ànima ,

I iquè fa ella2 Se revest de coratge, se destira des
vel que duya p'es cap, el posa en tres dobles, i, afi-
cantse dins aquell avalot, se planta devant el Bon
Jesús, i li aixuga ab so vel sa suor de sa cara aixi
com millor va sebre. I per por de que aquelles males
ànimes des botxins no n'hi fessen qualcuna, fuig
com la bala i s'enfonya dins ca-seua. -

Se mira es vel i joh quin esglay que se'n dut M'hi
veu a ses tres dobles estampada sa cara del Bon Je-
sús, tan ben treta com si es primer pintor del mon
l'hagués pintada juganthi es tot per tot.

Com Gamos, es seu homo, era un cap-esfiorat
de marca i l'havia afinat que seguia derrera ab molts
d'altres per l'estil, cridant i fent renou per seguir la
voga, ella va pensar:

—Si es meu homo se'n ha temut d'això que he fet
i no li ès entrat pe's'uy dret, ès capaç de moure'm un
escàndol, i mes si m'afina aqueixes tres cares senya-
des, que, d'altre vent, mos porien donar un disgust
si els escribes i fariseus eu arriben a sebre.

I iquè fa ellat Agafa un ribell d'aygo, i ja ès par-
tida renta qui renta aquell vel per veure si se'n ani—
rien aquelles cares, però com mes fregava, mes ben
anyades i mes llampants romanien.
",NA
23,"16 RONDAYES MALLORQUINES

Amb això, sent es seu homo que entra fent crits
i escàndol, i ella, per que no la trop ab sa fusta en
ses mans, buyda es ribell a un recó des corral.

Què me'n direu Ell tot d'una que s'aygo toca
en terra, brolla d'allà mateix una parra-calop-blanch
ab tres grans madurs com a castanyes, que feyen
mengera.

Aquella doneta, bé hu poreu creure, romangué
de ade. no sabia lo que li passava. S'hi presenta
es seu homo cridant a veure què era que havia fet
an aquell que se'n duyen a crucificar an el Calvari.

La pobra, tota tremolant, li conta tot lo que ha
passat, i Gamos, veent aquelles tres cares des vel i
aquella parra ab sos tres grans madurs tan fora
temps, va mudar de vert en blau, i digué:

—jAqui hi ha Deu p'es mitxt jfora jugarhil

Ey pensa una mica, i diu a la Verònica:

—Mira, jfora dir res a negú de tot aixòl ySin
dius mitja parauleta, te desxuyl Amaga ben ama—
gat aquest vel i no surtes d'assi dins que jo no torni

I iquè fa ell Cuu es tres grans de calop, i ja ès

partit cap an es qui se'n duyen el Bon Jesús. Al
punt los assoleix, i se posa a cridar, fent grans ma-
notades i estabetxos: I

—jDeixaume passarl jdeixaume passar, que n'hi
vuy fer una, que la se té ben guanyadal
Tothom se pensava que li volia enflocar un mal
Cop O escopirli a sa cara an el Bon Jesús, i ja hu

 Grech que li feren amples.

S'hi acosta de tot an el Bon Jesús, i fent com que
volerli arrabassar sa barba, li posa d'amagat un gra

l de calop dins sà boca, que la hi refrescà una cosa
de no dir.

Seguiren de d'allà cap an el Calvari, i al punt
Gamos fa sa mateixa endemesa, cridant com un de-
sesperat:

—jDeixaume passarl jdeixaume passar, que n'hi

. Vuy fer una de ben grossal
Li fan amples per veure què seria, ell s'acosta de
",NA
24,"LA VERÓNICA I GAMOS, ES SEU HOMO 17 :
tot an el Bon Jesús, i, fent com que agafarli sa bar-
ba per arrabassarlehi, li posa d'amagat un altre gra
de calop dins sa boca, que la hi refrescà una cosa
fora mida.

Caminen un poch mes, i al punt tornà Gamos a
rompre en crits, dient:

—jDeixaume passarl que aquesta vegada la hi
he d'arrabassar tota amb un cop, aquesta barba que
encara dul

Li fan amples, s'hi arramba de tot, fa com que
agafarli sa barba, i li posa es derrer gra de calop dins
sa boca.

Aqui el Bon Jesús va dir, segons sa cansó:

—Per aqueix gran benefici,
Gamos, que ab mi has obrat,
tu seràs anomenat
tres vegades a la missa (1),

R En Gamos, per por de sa por, eu donà a ses ca-
mes cap a ca-seua com un coet, 1 estigué una parti-
da de temps sense treure es cap adefora per que ets
escribes i fariseus no n'hi fessen qualcuna.

S 16.
Com ès que ses caderneres tenen plomes vermeyes l
an es coll P

Ses caderneres, com veren el Bon Jesús clavat a
la creu de peus i mans i coronat d'espines, digueren:

—jOh aquests tres claus i tantes d'espines dins
es capet, que li deuen fer de mall... il ningú les hi
lleval... jningúl

(1) Naturalment que es poble no diu a on ès que dins la missa ano-
menen tres vegades aquest Gamos. Jo creh que degueren donar peu an
aqueixa llegenda les espressions del Gloria, GLORIFI-CAMUS le, gratias,
A-GIMUS (251, i llavò aquell verset preliminar del prefaci: Gratias A-GAMUS
Domino Deo Nostro. Ja's sap que la manera antiga de pronunciar el
llatí donava a la u àtona un sò ben acostat a la o, i així veym que la gent,

. enlloch de Sanclus i Corpus, diuen Santos i Corpos. Així se pot esplicar
lo que diu la cansó.

(2) La'm contaren a ca'n Dameto de s4 Cortlera, i el sen Tomeu
dFret i mestre Monserrat Santandreu, de son Servera.

T, V—2
",NA
25,"18 RONDAYES MALLORQUINES ,

I les pobretes, plenes d'angúnia, vola qui vola en-
torn de la creu, amb un cantet lo mes trist, amb una
piuladissa qu Xapava es cor. l

A la fi digueren: l

—ijJa que ningú s'hi acosta a llevarleshi, pro—
vemho noltrosi

lja estàn abordades ab so bech an es claus de
mans i peus, i estira qui estira.

I jque havien de porer treure ellesi

Llavò s'afuen a ses espines acorades dins es cap
del Bon Jesús, i n'hi varen treure una partida, fins l
que n'hi trobaren. l

A les hores se'n varen tèmer que, ab s'estray que
havien fet, tenien es coll ple de sanch del Bon Jesús.

Anaren ben alerta a fregarla-se.

Totes ses plomes que n'estaven tocades, queda-
ren vermeyes com la grana, sense perdre gens may.

I per això ses caderneres tenen aquestes plometes
vermeyes p'es coll.
8 17.
Ses oronelles ()

S'embarquen devers sant Miquel i tornen per sant
Macià. Per això se diu: a sant Macià, l'oronella ve i
el tord se'n va.

Com se'n han d'anar i com tornen, dura uns
quants dies que par que s'hagen d'estellar, canta qui
canta i volatetja qui volatetja.

Tenen sa panxa i sa pitera blanquinoses, ara to-
ta la resta es negre negre, com un corp.

Diuen que és que duen dol del Bon Jesús, i que
se'n posaren tot d'una que'l veren espirar clavat de
peus 1 mans en el Calvari.

Fan es niu a ses bigues de sa canyissada de ses
cases, 1 ès pecat que los ho espenyen.

(1) M'ho contaren mon germà Pere Jusep, i la mestressa Margalida l
Oliver, Gayana, de Manacor, Na Bet Calona, de So'n Servera, i En Bie-
let Ros, de So'n Carrió,
",NA
26,"SES ORONELLES 19

Casa a on fan es niu, es bona casa, i no hi peguen
llamps.

En haverhi set anys que le hi fan, i no les ho han
espenyat, ey duen una pedra de treure busques d'ets
uys.

Es nins que abans de fer tres anys, les donen
cor d'oronella cruu, surten sabuts, i tot lo que veuen
fer ab sos uys, ho saben fer ab ses mans.

Ara si los ne donen massa, surten toixarruts.

Pareix que ses oronelles coneixen una herba que
cura qualsevol mal d'uys.

Un amich meu (D me contà que com era allot
li digueren que aquesta herba l'anaven a dur de Sa
Gruta 2). Ell i un altre ho volgueren tocar ab ses
mans: troben un niu d'oronella amb oronelletes, les
afiquen una guya dins els uys, i les capolaren ses
ninetes. Des cap de set dies ey tornen, i me troben
aquells aucellons amb uns uys lo mes sans, amb
una vista lo mes clara.

Per forsa havia d'esser que sa véya les havia po-
sat d'aquella herba.

8 18.
Com ès que ses esglèsies solen estar girades a ponent O

Diuen que el Bon Jesús, com espirà a l'abre sant
de la Creu, romangué ab sa cara girada a ponent, i
que per això ses esglèsies també hi han d'estar gi—
rades, mentres puga esser.

(1) L'amo'n Pere Juan de So'n Crespí (Manacor).

(2) Possessió, establida, de Sant Llorens des Cardessar.

(3) M'ho contaren mon pare i l'amo Antoni Vicens Santandreu, de
So'n Garbeta.
",NA
27,"LI LJ LI
Ressonàncies de l'Antich Testament
Es
Com ès que ses beyes, en picar, se moren ()

Com el Bon Jesús hagué criades 8) ses beyes, 1
elles veren que sa mel que feyen era tan bona, i
que de ses seues bresques en treurien sa cera per dir
missa, quedaren tan plenes de vanaglòria, i s'ento-
naren tant, que varen tenir cara d'envestir el Bon
Jesús amb aquestes:

—Suposat de que feym unes coses tan precio—
ses i esquisides, per guardarles des qui les mos vul-
guen pendre, vos demanam que mos concedigueu
sa gràcia de que, en picar, matem.

— A Y si2 diu el Bon Jesús. zVol dir voleu matar2

ò 6
iQue no sabeu voltros que no los puch sofrir gens
gens an es venjatiust No res, vos ho fas avinent
desd'ara: en picar, en lloch de matar ets altres, vos
matareu a voltros mateixes. Així estareu alerta.

De llavò ensà ses beyes, en aficar es fibló, les
surt sa moca, 1 colen la vida.

Tampoch no diu be esser tan maleyts.

8 2.
Com ès que ses beyes no van casi may a ses
argelagues ni a ses gatoes (2
Ses beyes, com el Bon Jesús les hagué criades,
/ veren la terra tota vestida i enjoyada de flors, i ja

(i) La'm contà ma mare.

(2) Aquesta espressió, lo mateix que l'altre, tan frequent entre el po-
ble mallorquí, de que el B5n Jesis críà el mon, encara que paresca un
anacronisme, per lo que diuen els teòlechs comunicació de idiomes ès

- rigurosament exacta. El Bon Jesús ès ver que nasqué a Betlem, però se-
gons la carn no mes. Ell era Deu, Fill de Deu, engendrat eternament
del Pare: la creació del mon fou obra seua, i li poden atribuir tot quant
Deu va fer en l'Antiga Aliansa, segons ensenya S. Tomàs, P, III. qu.
XVI, a. V et IX.

(3) La'm contaren mon germà Pere Jusep, l'amo'n Francesch Estel-
rich i En Toni Moret, de Manacor, i mestre Monserrat Santandreu, de
So'n Servera.
",NA
28,"DE COM EL BON JESÚS CRIAVA EL MON... 21
foren partides vola qui vola i mira qui mira: se cuy-
daven a treure ets uys mirant.

Ses plantes qui mes les embadalien, eren ses ga-
toes i ses argelagues, com les veyen tan florides,
tan endiumenjades de cap a peus, amb aquell man- :
tell de ors tan espès que's solen posar.

Cap planta veyen que n'estigués tan reblida, s'hi
abordaren, segures de que hi trobarien mel a rom—
pre.

I es contes foren ben errats: no n'hi trobaren ca-
si gens, i se varen escalivar. Llavò se recordaren
que el Bon Jesús ja los ho havia dit com partiren
cap a ses flors:

—No vos fieu massa de ses apariències, si voleu
trobar molta de mell iNo basta lo de deforal jLo de
dedins, lo de dedins es lo que fa al cast

Per això ses beyes ey fan tan poques pusses de-
vers ses argelagues i gatoes.

8 5.
De com el Bon Jesús criava el mon i el dimoni
hi volgué posar sa ditada (D

Com el Bon Jesús criava el mon i feya ses coses,
el dimoni, per no romandre enrera, tan envejós
i repropi com ès, va voler fer lo mateix que el Bon
Jesús, 1 ja ho crech que tot li sortia esforrayat i a la
biorxa.

Tot d'una que el Bon Jesús va haver fets es
porchs, ell també en volgué fer: i, com prou hagué
culetjat, li sortiren ets erissons, qui son tan petits i
ruechs, ab pues en lloch de serres i, això si, ab sa
mica de nas en forma de reya, com es porcellins.

P'es seu gust n'hauria fet un esclat a sa paret.

(1) M'ho contaren mon germà Pere Jusep, Na Bet Quelona de So'n
cerverae Dl Juan Planiol, de So'n Carrió. Com era petit ho sentia con-
",NA
29,"22 RONDAYES MALLORQUINES

Un altre dia va veure que el Bon Jesús feya ses
euveyes, i s'enveja li revengué tan granat, que no
pogué estar que no digués:

—Ja hu veurem si no'n faré jo també.

Posa fil a la guya, i hala qui hala i dassa qui
venga.

Eu va fer de tot, però, en lloch d'euveyes, li sor-
tiren cabres.

Anava tan tapat es toixarrut, que tot d'una que
les tengué llestes i les se mirà de dalt a baix, va
dir:

—jNo, ell me son sortides mes polides que ses
sevesi Que'm tiren d'una passa, si no hu son set ve-
gades mesi

Però com les se va haver mirades millor i va
veure ses euveyes de bell fresch, no hu pogué negar
que ses cabres no eren d'un bon tros com ses eu—
veyes.

Es polissó va pendre una rabiada feresta.

Però jquè me'n direu2

Com va veure mes envant que el Bon Jesús cria-
va es ceps, ja hi tornàrem esser a bous.

—jAn'e quit digué es balitre. 31 jo no n'he de fer
d'això, i mes aviat i mes garrit que no ell2 Ses ba—
nyes me faria tayar, Si jo no havia de treure es ca-
ragol bufant.

Dit i fet, ja ès partit a triconetjar, i hala qui hala.

l vos assegur que la feya s'aviona i que no hi
robava res an es jornal.

Però què2 :Vos creys que li sortissen es cepsè

Lo que sortí, foren romaguers, plens de pues i
tan enganxadissos com ell, qui sempre està engan-
Xat a ses nostres animetes.

Encara que es ramells de mores tengan una mi-
ca de semblansa ab sos reyms, i es creixulls des
romaguetrs retiren qualque poch an es capirols de ses
sarments, massa va veure ell que l'havia bollada, i li
escapà sensa voler, flastomant a la descosida, i tre-
guent foch p'es caixals:
",NA
30,"DE COM EL BON JESÚS CRIAVA EL MON... — 23

—iBon fedor de ceps som sortitl Però 3què sap
s'ase d'ensafranar, si no ha menjat may espiciatè

I encara amb aquesta no s'escalivà.

Com va veure que el Bon Jesús feya es bous, ja
hu crech que tot d'una en volgué fer, i ja va esser
partit, hala qui hala, cuydant a fer es tro, de tan
que s'afanyava.

I no endevinarieu may què li arribà a sortir.

Idò es caragols.

Ja hu crech que li sortiren afavorits de banyes, .
perque ja's sab: el dimoni porà anar curtetjant de
moltes de coses, però de banyes no hi va may.

Perque es caragols mascles en passetgen unes
tan estirades i escamerlades, per això les diuen ca—
ragols bovers. l

Vaja quin perboch que fou p'el dimoni aquesta
passada des caragols.

Però no vos cregueu que encara s'estigàs.

No té remey s'alicorn: vol esser tan com el Bon
Jesús, i foris. :

Sempre se'n du s'amut pes cap i ses banyes pa—
guen la festa, però ell: set ne son entrades, set n'han
d'eixir.

Passat algun temps, se tem de que'l Bon Jesús
feya ses pomeres, i que li sortien tan garrides i amb
una fruyta tan polida, tan saborosa 1 amb aquella
oloreta tan bona que embalsama, i ja'u crech que
ell també en volgué fer.

Ho va pendre a les dents de tot, i va treure tot
s'estam, però si malament li havia dit ses altres ve—
gades, pitjor li digué aquesta: en lloch de pomeres,
li sortiren metgineres, i en lloch de pomes, met—
gines.

No vos dich res si se enfabiolà de casta forta, i
sin va fer de potadetes i potadotes, i si la se mos-
segà a sa coa, i si hi pegava ab so cap per ses
parets. re

Hi hagué banyó que li botí mitja hora lluny.

lab tot i això no se donà p'el Bon Jesús.

8
",NA
31,"24 L.ONDAYES MALLORQUINES
Ni may que no se donarà, ancque el cel se bes
ab la terra.
Es banya, i foris (),
S 4.
Com ès que ses dones tenen mes poch cervell
I que ets homos 2
Com el Bon Jesús criava el mon, que feya ets
homos, s'hi acosta St. Pere i li diu:
—Mon Mestre, si voleu que vos ayt, digueuho.
—No hu 'guesses dit, respòn el Bon Jesús. Veta- l
quí sa caldera des cervell: posalosne una cuyerada
per hom dins es carabassot.
Era una calderassa disforja, plena al raset de
such de cervell, nou flamant. l
St. Pere agafa sa cuyera, i tot d'una que el Bon
Jesús acabava de forjar un homo, /zas/ ell ja li en-
cistava sa cuyera de such de cervell dins sa closca,
. 9 e - a . -
I tot d'una aquell ja era partit a pensar, pensa qui Ú
pensa. Ú
ja hu crech, ab so such de cervell nou de trincat Ú
I el Bon Jesús, hala a forjar homosi i St. Pere,
jsas/ una bona cuyerada dins sa closca de cada un.
La primeria li donava ab sa cuyera ben plena, 1
ja hu crech que es such de cervell comensà a ferse
avall.
—iQuè farem, Pere2 diu el Bon Jesús. sQue te
curtetjarà2 Te convendria companetjarlo una mica.
(1) Aquestes tradicions sobre la creació de les coses son rellíquies,
ben estranyes i ben rares, dels errors maniqueus, qui tant ensutzaren els
primers sigles cristians, sostenint la doctrina, tan arrelada dins lo mon
antich, dels dos principis suprems, això ès, dels dos deus, un bo, criador i
senyor de lo bo, i un dolent, criador i senyor de lo dolent. Sols tenint en
conte lo persistents i mals de esveir que son els solatges qe sempre dei-
xen ses generacions humanes passant sobre la terra en el transcurs dels
sigles, sols amb això se pot esplicar que sien romases dins la memòria
del poble mallorquí i arribades a nosaltres a travers de tants de sigles,
aquestes rellíquies i ressabis de maniqueisme, tan clars i evidents.
(2) M'ho contà mon amich coral lo Rt. D. Bartomeu Domenge, Pre
de Manacor, que le hi contaven son pare i sa mare com era al'lot.
",NA
32,"COM ES QUE SES DONES TENEN MES POCH SENY.., 25

St. Pere pegà ses cuyerades mes petites, i enca-
ra venien homos i mes homos que demanaven sa
cuyeradeta dins sa closca per Soler filar.

—Sobre tot, —diu St. Pere, veent allò, —serà pre-
cis companetjarho mes encara, si n'hi ha d'haver
per tots.

I aqui l'homo eu posa a mitja cuyerada per cap.

A la fi s'acabaren ets homos.

St. Pere va fer un alè ben llarcl. l

Però llavò vengueren ses dones.

Se posa el Bon Jesús a forjarne i jcap a St. Perel
que s'esclama: ,

—il ara2 jquè és això2

—iQuè ha d'esserè diu el Bon Jesús: ses dones,
que també les has d'encistar se cuyerada de such de
cervell dins sa closca, que també se'n han de servir
per fer ses coses a sen endret.

—No hu sé, mon Mestre, que mos faremtl diu
St. Pere. Ell dins sa caldera ja no mes hi ha solam,
casi casi.

—Vaja, vajal diu el Bon Jesús, ja veure si espe-
deys, i sl'n sortiml

—No res, diu St. Pere, no hi haurà altre remey
que afegirhi un raig d'aygo. , :

N'hi aboca una partida de gerres, i hu remena
ben remenat.

Una mica claret li sortí, però així mateix anà.

Ija ès partit a buydar cuyerades de such de cer-
vell dins es carabassot de ses dones.

Tantes se'n hi presentaren, que fonch a forsa de
companetjarlo, que li bastà per totes.

I d'aquí vé que hi ha homos molt afavorits de
such de cervell i altres que no hu son tant, i que ses
dones, si bé en tenen de such de cervell, elze re—
sulta claret claret.

Lo que succeeix que n'hi ha que, encara que'n
vagen primetjant, se'n serveixen des que tenen, mes
que no molts d'homos.

l aixi cadascú que fassa es cap Viu, Si no se'n vol
dur s'aumut p'es cap.
",NA
33,"26 RONDAYES MALLORQUINES
8 5.
Com ès que hi ha pobres i richs en el mon ()
Com ja feya una partida d'anys que Adam i Eva
rossegaven p'el mon, un dia s'hi presenta el Bon
Jesús, i elze diu:
—il aont teniu es vostros fiysè
—Ben escampats, diuen ells. Son a tenir esment
an es bestiar.
—Idò tal dia, que siguen tots aquí a punta de sol,
diu el Bon Jesús, que elze vuy veure.
—Ja hi seràn, si Deu ho vol, no tengueu ànsial
diuen Adam 1 Eva.
En tenien vint i quatre de fiys, 1 Eva estiguè em-
pegueida de presentar tota sa tracalada.
—3Ja bastarà presentarn'hi dotzel digué ella, com
prou ey va haver pensat.
Arriba es dia senyalat, el Bon Jesús s'hi entrega
a punta de sol, i diu a Eva:
—iVajal jveyamlos es fiys que teniul
Eva n'hi fa sortir dotze.
—j Això son totsè diu el Bon Jesús.
—Tots, diu Eva. :Que no trobau que bastenè
—No res, diu el Bon Jesús. jAneml
Elze s'en mena 1 elze reparteix el mon.
Com Eva hu sap, surt com una picada d'aranya,
cridant: :
—ijCap com aquestal 4l ara ets altres dotze no
han de tenir aont caure mortsè
Pica de talons cap an el Bon Jesús, i li diu: -
—iSenyorl jell en tenim dotze mes, de fiysi
—idò, diu el Bon Jesús, 3perque m'has dit que
no mes tenies aquellsè
—Es ver que hu he dit, diu Eva, però ès que he
estada empegueida de presentarvos es vint i quatrel
—De fer coses lletges, diu el Bon Jesús, has de
estar empegueida, i no de mostrar tots es fiys que
(1) La'm contà'l sen Mateu Menday, de So'n Carrió.
",NA
34,"COM ES QUE HI HA POBRES 1 RICHS AN EL MON 27
tens. Sobre tot, ara el mon ja està repartit, i lo fet
haurà de anar per fet. Aqueys altres dotze fiys no
tendràn mes remey que guanyarse la vida fent feyna
dins sa terra des dotze primers, i així aquells viuràn
demunt aquests, i aquests demunt aquells, i uns 1
altres, si volen, tots poràn estar bé.

I vetassi com es que an el mon ey ha richs i po-
bres: es richs surten d'aquells dotze que Eva pre-
sentà primer an el Bon Jesús, i es pobres surten d'ets
altres dotze que'ls hi presentà com ses partions del
mon ja estaven fetes.

Per això es pobres han mester es richs, i es richs
han mester es pobres, i Si uns i altres volen, tots
poren estar bé.

S 6.
De com Noè feya l'Arca (D

Noè, d'orde del Bon Jesús, feya l'Arca per sal—
varse del Diluvi, que havia de tapar d'aygo tot lo
mon.

Però, com la feva tan grossa perque la hi havia
mester, comensava per un cap, hala qui hala, i
quant era a s'altre, es que havia fet primer, ja era
tot corcat, tot pols.

I homo, carregat de paciència, llevava lo corcat,
1 ho feya de bell nou, però com tenia això llest, se
trobava que lo altre tot era un corch, i se feya pre-
cis mudarho.

Arribà que no hi veya de cap bolla, d'apurat i
d'acabat que estava.

—iNo hi ha remeyl deya ell. Se'n vendrà el Di—
luvi, no la tendré llesta, t tots farem es bategotl No
se'n escaparàn ni ses rates.

El Bon Jesús un dia passa per allà, i com veu
Noè tan atrafegat i ab l'Arca tan enrera, diu:

(1) La'm contaren mon pare i l'amo Antoni Vicens Santandreu, de
So'n Garbeta.
",NA
35,"28 RONDAYES MALLORQUINES

—jPerò, homol ji amb aquestes estam2 3Que
mos sortiràs moya ferm2 3l què esperes a tenirla /
acabada2

—jiNo me'n parleut diu Noè. jNo sé com n'he
de sortirl Comens a un cap, i com som a s'altre, es
primer ja ès tot corcat.

—Escolta, diu el Bon Jesús. 3l que no te mires
ab so tayar sa llenya2

—T'ay sa que he mester, i bona nitl diu Noè.

—jA veure si no la tayes de lluna2 diu el Bon /
Jesús. /

—iQuè vol dir de lluna2 diu Noé. /

— Vol dir, que sa llenya qui pert sa fuya, l'has /
de tayar com és sa lluna veya, i sa qui no la pert,
com ès sa lluna noval diu el Bon Jesús. /

—Jo no m'empatxava de llunes ni llunons, diu
Noè.

—lIdò per això sa llenya sa corca, diu el Bon
Jesús. Mentres no la tays així com t'he dit, se cor—
carà sempre, i no l'acabaràs may a l'Arca, jtant
maleveigs tul

Noè tayà sa llenya així com havia dit el Bon
Jesús, i no tornà veure cap corch. Acabà l'Arca de /
lo millor, i tots es qui s'hi pogueren aficar, foren /

— —escàpols del Diluvi.

Per això zno voleu que sa llenya corch2

Si és de sa qui pert sa fuya, tayaula de lluna
veya, si ès de sa que no la pert, tayaula de lluna
nova.

S 7. /
La Arca de Noé tapada de neu ()
Pareix que l'arca de Noé va romandre, després
' del Diluvi, demunt una muntanya molt alta.

Per que la gent no hi anàs a adorarla ni a dur-
se'n llenques per relliquies, el Bon Jesús va dispon-

(1) M'ho contaren la meva cunyada Margalida Estelrich i la meva
nebodeta Catalina Alcover i Duràn.

/
",NA
36,"L'ARCA DE NOÉ TAPADA DE NEU 29
dre que se tapàs de neu tota aquella muntanya per a
sempre.

Aixi se va succeir, i l'arca romangué tant tapa-
da, que no mes guayten una mica ets abres.

I diuen que un dia clar, un qui tenga bona vista
los destria una micoya, de dalt una muntanya vey—
nada. l

S 8.
Com ès que may plou fort de grech ()

Un dia l'amo de So'n Catiu, que tenia un tay
d'ecsequeyadors de Mancor, veyent el cel molt enni-
gulat, amb un ventet de grech de lo mes xalest i
que tayava sa pell, va dir:

—jHala, al-lots, cap a ses cases, que s'en ve una
barrumbada ferestal l

—jCa, l'Amol diu un d'ets ecsequeyadors.

Qui es nat ni neixarà
ploure fort de grech no veurà.

—jOyl diu l'amo. 3Que mos sortiràs profeta
ara, tu2

—Profeta o no profeta, diu aquell, lo que jo vos
puch dir, 1 m'espant que vos n'estigueu en dijú, que
he sentit contar que quant feu es Diluvi universal,
que se tapà d'aygo tot lo mon, va esser de grech
que va ploure, i Deu, com va fer espassar sa gran
barrumbada, va privar que tornàs ploure d'aqueix
vent. Í ès una cosa ben notada, al manco a Mancor,
que no hi plou fort may de tal vent. Porà comensar
a prourehi, però no hi aferra, i aviat gira baula de
tramuntana o de llevant o mes enllà.

Ets altres ecsequeyadors donaren raó an aquell,
il'Amo no trobà portell per ferlos contrari, i los dei-
xà en banda, sobre tot perque li convenia mes que
ecsequeyassen que no que li estrenguessen cap a ses

oo cases.

(1) El qu m'ho contà, ho sabia de L'amo'n Pere Jusep Campanet de

DEP She de Sanselles, que li succeyí a ell mateix estant a So'n Catiu de
",NA
37,"50 RONDAYES MALLORQUINES
S 9.
Lo que digué Noè com hagué escorxat es gat
des such de parra ()
Quant l'homo se donà conte de sa mala berba
que li havia feta es such de parra per haverlo tastat
un poch massa fort, de tan bo que el trobà, ignorant
que sabés treure tan granat ses ungles, —diuen que /
lo primer que digué fonch:
—Duysme un verduch /
de sa planta d'aquest such: /
Es seus fiys, per que no maleis es cep i jbona nit /
reyms i sobre tot es such que fant li duen un ver— /
duch de romaguer.
Noè l'agafa ab ses dues mans i /gasJ el beneeix /
dient: -
—Per la virtut de Deu jque aferr a cada capl
El tira en-terra i amb un sant-i-amén aquell ver-
duch de romaguer hagué aferrat 1 tretes cels a cada
cap, i ben endins que les aficà.
Per això ès que es romaguers aferren tan fort a
tot arreu.
S 10.
De com Deu allargà cent anys la vida a Noè perque I
duya s'idea tan forta de fer vinya P) /
Ja sabeu que Noè plantà la vinya, i hi duya es
cap tan calent que no sabia estar que no fes siquies
i jhala a sembrarhi sarments i sarmentsl
I heu de pensar i creure que un dia que... natu—
ralment feya siquia per colgarhi un bon raig de sar-
ments, li surt un àngel i li diu:
—De part de Deu vench a dirvos que només te—
niu tres dies de vida. Vos ho feym avinent per que
prepareu ses coses per venir a l'altre mon.
(1) M'ho contà el sen Miquel Recó, de Manacor, que morí de devers
noranta anys com jo en tenia nou o deu. (Al cel lo vegem. Amen).
(2) M'hó contà l'amo'n Juan Móger de Ses Males Cases de Lluch-
major, que es un arxiu de coses antigues lluchmajorenques. l
",NA
38,"DE COM DEU ALLARGÀ CENT ANYS LA VIDA A NOÉ.., 51

—Està bel diu Noè. Vos agraesch s'avis. Digau-
lehi de part meua a nostro Senyorl

L'homo se mira sa siquia que feya i sa que li
faltava fer per porerhi sembrar ses sarments que
havia duytes per colgarles, i diu:

—A vuy encara poré fer fins allà, demà faré fins
allà dessà, demà passat aquella altra tirada, i demà
passat s'altra fins a's cap d'allà de tot. I aixi es meus
fivs ey poràn colgar ses sarments ab tot es seu
espay.

Així hu feu aquell homonet, cava qui cava i
jvenga a fer siquia i mes siquia aquells tres dies, de
sol a soll

A's dia que feya tres, hora-baixa de tot, quant
Noè pegava ses derreres xadades i cavegades per
deixar llestes aquelles siquies, li surt aquell mateix
àngel i li diu:

—De part de Deu vos fas a sebre que pe'sa fe
que heu demostrada en la meua saris fent tant
s'aviona per deixar llestes totes aqueixes siquies dins
aqueys tres dies i porervos morir i p'es gran pro-
ducte que tal terra donarà en esser vinya feta, Deu
nostro Senyor vos allarga cent anys mes la vida.

I així fonch que Noè visqué cent anys mes.

Ja poreu fer contes amb-e que elze passaria: fent
siquia a rompre i sembra qui sembra sarments.

Lo que no se diu que se tornàs engatar. Li bastà
per vegada sa primera gatera.

Per paga fonch gatera i mitja. ,

SI.
Sa torre de Babilònia

El sen Miquel Martí de mal nom Recó, aquell ho-
monet vey qe estigué molts d'anys per missatge a
ca-nostra, al cel sia ell, mos contava com érem al-lots
ussers que, quant ets homos feyen sa torre de Ba—
Lilòcia per pujar an el cel, i que Deu les va confon-
dre ses llengos, l'hagueren de deixar a mitges astes
",NA
39,"a —a El
52 RONDAYES MALLORQUINES
perque assetsuaxí acabaren de entendre-se, i es l
mestres demanaven una cosa i es manobres les ne
duyen una altra. Les deyen: feys això, i feyen tot lo
contrari. Íl encara s'entenien manco mestres ab mes-
tres i manobres ab manobres, que armaven uns re-
bumboris, que el dimoni hi parava taverna. I no'n
parlem dels qui replegaven materials, que movien
uns encarnats i blaus i unes completes de nyich-i-
nyech, que hi porien llogar cadiretes, i pareixia que Ú
tot havia de fer flamada.

Sobre tot, no hi pogueren fer feyna pus an aque-
lla torre, i cadascú prengué per son vent. l

Ja la tenien tan amunt, que es tros que encara
en queda, segons deya el sen Miquel Recó, en punt
de migdia dins s'estiu, fa set hores d'ombra.

S 12.
Com ès que ets amel'lers floreixen primer
, que tots ets abres (P

Conten que una vegada un patriarca de l'Antiga
Lley predicava a una partida de gent que vendria
el Messies.

No el creyen gens gens i l'homo, apurat de tot,
arribà a dir:

—En prova de que ès ver lo que dich, duysme
un garrot sech, i el faré florir.

Li presenten un garrot d'amel.ler.

. o V'agafa, i, alsant els uys an el cel, esclama:

—jOh Senyorl si ha de venir el Messies, jque
floresca aquest garrotl /
Què me'n direu2 Ell ar garrot a l'acte quedà
florit, però florit de tot, amb unes flors mes atepides
que es cabeys des cap.

De llavò ensà s'amel-ler floreix devant tots ets
altres abres, per haver anunciada sa venguda del
Messies.

(1) La'm contà el famós poeta popular l'amo Antoni Vicens Santan-
dreu de Son Garbeta (Manacor), que ia sap del seu padrí, al cel sia ell.

he qr ————— a
",NA
40,"ES TRES DONS QUE DEMANÀ EL REY DAVID A DEU 55
S 15.
Es tres dons que demanà el Rey David a Deu (D

El rey David diuen que demanà a Deu tres dons:
tenir tres fiys, un que fos es mes sabut del mon, un
altre es mes esforsagat, 1 s'altre es mes garrit, però
no va dir: sí convé.

Deu li concedí aquests tres fiys, que foren Salo—
mó, Sansó PO i Absalom. I hu va esser Salomó
s'homo mes sabut que hi ha hagut may an el mon,
i Sansó es mes esforsagat i Absalom es mes garrit,
però tots tres acabaren malament. A Salomó ses
dones li feren perdre es Xyrie eleison, va esser
ferest. Sansó se fià d'una dona de sa cuantra-part,
que'l va trair i l'entregà an es contraris, que li tre-
gueren ets uys, i el feyen rodar a una sinia a punt
de bistia retuda, i Absalom s'alsà contra son pare
per pendreli sa corona, i va fer fetxida, i, com fogia
demunt una mula, passa per devall una auzina, sa
cabeyera que duya, llarga ferm, s'embarriolà pe'ses
branques de tal manera que hi romangué penjat, i
se va veure l'infern ubert abaix d'ell, i hi pegà un
capficó del dimoni.

No hi ha remey, el rey David, com demanà
aquell do des tres fiys, havia d'haver dit: sí convé.

Per això, miremmoshi molt en so demanar coses
a Deu.

S 14.
Lo que li succeí a Sansó com li hagueren
tayats es cabeys 2 l :

Les hi tayà, mentres ell dormia, una dona, per-
que va sebre d'ell que hi tenia tota sa forsa.

Com se despertà, en va tenir tan poca, que no's
pogué carregar tres aumuts de segó.

(1) Ho contava sa gent veya a Manacor.

(2) Ja's sap que Sansó fou molt anterior a David. Se tracta d'un de
tants d'anacronismes del poble.

(8) M'ho contà En Juan Planiol, de So'n Carrió.

T. V—3
",NA
41,"54 RONDAYES MALLORQUINES l
S 15. /
Com acabà Sansó ()

Es contraris, tot d'una que'l se varen haver fet /
seu, li tregueren ets uys i el feyen rodar a una sínia
a punt de bístia de mala mort. /

Però des cap de temps es cabeys li tornaren créi-

Xer, 1 es contraris no se'n adonaren.

I heu de creure i pensar que un dia que ells esta- /
ven aplegats dins sa seua església fent una festa gros- /
sa an es seus falsos Deus, ell, que aquell dia no ro—
dava a sa sínia 1 estava tot-sol, sent di-tu-ti ti—tu—ti
tu-ti des fobiol d'un porqueret, crida s'al-lotó, i li diu: /
eo —èNo0'm faries es favor d'acompanyarme a l'es—
glèsia, que no hi veig i m'agradaria ferm anar an .
aquesta festarra que fan avuy2 /

—Si-fa, diu es porqueret.

—Idò mira, mena'mhi, 1 m'has de posar just de-
vora sa columna que hi ha a's mitx de l'esglèsia, /
me deixes allà, surts, i, en esser defora, ja tocaràs
es fobiolet.

Aixi hu feren, es porqueret deixà En Sansó dins
l'esglèsia des falsos Deus, devora sa columna des /
mitx, surt, i, com es a defora, ja ès partit. di-tu-lí /
ti-tu-ti tu-U. —

El què fa Sansó2 S'aixeca, abraona aquella co—
lumna que agontava tota l'esglèsia.

—Muyra Sansó i tota la gatsó, EQ) va dir amb un
crit. Pega espolsada a sa columna, i va espolsar tan
granat que sa columna se trencà com una canya, /
tota aquella esglèsia se va fer un claper i, tots es que
hi havia allà dins, romangueren fets una coca. /

i Vaja quina tibadal

Així mori Sansó, 1 tota la gatgó.

(1) Mos ho contava el sen Miquel Recó, que, com nosaltres erem al.
lots pussers, ell ja tenia vuytant'anys, al cel sia ell.
8) No sabem perque'l poble donà aquest nom an es filisteus, que fo-
ren els contraris que Sansó sempre va combatre. No li veym el demble
an aquest mot Gatzó.
i l
————————————— ———————— dua)
",NA
42,"UN CONSEY DEL REY SALOMÓ 55
: S 16.
Un consey del Rey Salomó (P

Això era un pagès que campava prim ferm.
Arribà que no hi veya de cap bolla ni sabia per ont
caminava.

Se passa pe's carabassot d'anar an el rey Salomó
a veure si li donaria cap consey que li fes alsar gens
es cap.

Se'n hi va, 1 li diu:

—Senyor Rey, jo'm veig perdut de tot de males
anyades i de fam. Jo bé sembr, bé traull, bé fas to—
tes quantes de diligèncis ey haja, peró sempre tench
mal any. A veure si'm dona un camí Vossa Reyal
Magestat que sap tant.

—iSaps què has de ferè diu Salomò. Sembra ci-
vada a goret.

Es pagès eu va fer així, cuí una anyada orba i
romangué rich i ple.

Ara, pagesos, preniu llum de Na Pintora.

S 17,
Es pas del Rey Salomó 0

El rey Salomó, un dia, anant per un carrer, veu
dues al-lotes a una finestra, bufarelles de tot, i que
feyen un cap ben viu, i tot d'una ja les escomet,
però una d'elles li diu:

—Senyor Rey, si Vossa Reyal Magestat mos vol
festetjar un'estona, no estam per havermos d'esgar-
gamellar cridant, ni volem que sa gent que passa,
hagen de sentir sa nostra conversa. Per IQ mateix, o
no hi haurà festetjament, o s'ha de posar dins un /
covo que li amollarem, llavò el pujarem fins a s'al—
sada da sa finestra, i així porem conversar sensa es-

(1) M'ho contà D. Geroni Rullàn, de Petra, a on es popularíssim
aqueix consey. d

(2) M'ho contava el sen Miquel Recó, i el sen Bernat Canyeto, dos
missatges veys de ca-nostra, al cel sien tots dos,
",NA
43,"56 RONDAYES MALLORQUINES
canyonarmos ni que negú haja de sebre de què ra—
llam.

Com el rey Salomó ja no hi veya de cap bolla
devant aquelles dues pitxorines tan xerevel-les, de
tant que li agradaven, ja hu crech que hi consenti.
Elles li amollen es covo, ell s'hi afica, i elles estira
qui estira. Com el tenen a mitjàn alsada de sa fines-
tra, diuen, ses grans polissones:

—Senyor Rey, no porem pus, estam acabades,
haurem d'esperar una mica per acabarlo de pujar.
IEs que Vossa Reyal Magestat ès massa feixuchl
iQue fa estona que no s'ès confessat () jCom que'n
fassa caral

El rey Salomó estava tot embambat mirantles-se
i sentintles embuyar fil ab tanta de gràcia.

iQuè me'n direu2 Ell cop en sech li tanquen sa
finestra, i ja no les veren les pus.

Bé les cridava, baixet baixet, el rey Salomó, per
que la gent que passava no se'n temés, però tot va
esser debades.

I el pobre allà penjat dins es covo. Mirava a veu-
re si botaria, però jcal era massa amunt, perillava
rompre-se cama o cuixa.

lla gent que passava, com el veyen d'aquella
manera, poreu fer contes què devien dir, i Si n'hi
devien tirar de fisconades devall devall.

I ell que tayava claus, poreu pensar.

A la fi, envia a demanar es criats, que li dugue-
ren una escala de gat, i aixi pogué devallar de dins
es COVO.

Allò va esser un rum-rum dins la ciutat, i negú
parlava d'altra cosa.

I iquè fa el rey Salomó2

Agafa dos moixos joves, i les ensenya d'estar as-
seguts demunt sa taula agontant ab ses cames de

(1) Si a un el troben molt feixuch, li solen demanar a Mallorca si fa
estona que no s'es confessat baix des supòsit de que un, en confessarse,
se descarrega dels pecats.
",NA
44,"ES PAS DEL REY SALOMÓ 57
devant una candela per fer llum es temps que ell
sopava.

Com les tengué ben ensenyats, convidà a sopar
tota sa gent grossa de la ciutat.

No vos dich res si hu va haver d'esser llarga
sa taula, i si s'en hi aplegaren de panxes vergo—
nyants.

I tothom se mirava es dos moixos asseguts de—
munt sa taula, que agontaven sa candela ab ses po-
tes de devant i feyen llum, sensa bategarse.

—jPerò, senyor Revl li deya tothom. 4Com s'ho
ha fet Vossa Reyal Magestat per ensenyar tan bé
aqueys dos animaletsè

I bé los allargaven tayades i bobons per veure si
s'hi abordarien i tirarien sa candela, però ells pben
alerta a bategarsel

Assetsuaixí el rey Salomó alsa una escudella que
tenia girada demunt sa taula, i hi va haver una rata .
ben grossa, que pega fua 1 fuig com la bala.

Com es moixos la guipen, tiren sa candela an el
dimoni, ija han pegat llongo cap a sa rata, que al
punt la sentiren giscar de mala manera, i aviat la se
varen haver engolida aquells garameus, la mitat
per hom.

—j Eu veysè diu a les hores el rey Salomó. Si es
moixos per encalsar i aglapir una rata, se fan trons i
de tot, aquè té d'estrany si un homo per festetjar al-
lotes garrides, devegades s'esposa, com me succei
a mi s'altra diassa, a que li fassen un mal terç, com
el me feren aquelles dues revel-leresè
",NA
45,"En Tià de Sa Real V
Sl.
Qui era ell

Era una casta d'homo que com ell no més en neix
un cada cent anys, i casi may Sura.

Ell surà, però no poria esser rich. En tenir mes
de coranta sous, se posava malalt ell o sa dona o els
infants. Si hagués sembrat demunt pedres, hauria
cuyida bon anyada. Deya que sa seua sort era per
mar, però trobava que in mar era un camí massa
fluix, que fa forat 1 tapa.

Endevinava ses coses que havien de succeir, veya
lo que se passava aonsevuya sensa esserhi, l feya
unes coses que eren just-i-fet miracles.

El donaven per bruixot, però ell no era cap mal
homo, sino molt compost i de Deu. No se'n allunya-
va gens de l'Esglèsia. 8. l

8 2.
De com es senyor de Sa Reyal ey anà
perque li fés una cansó Q)

Com era al-lotet En Tià, que encara estaven a
Sa Reyal, ja comensava a fer gloses. Allò se va es—
campar i es senyor des lloch eu sap, i un dia s'hi
entrega a cavall, com solien anar molt es senyors
d'aquell temps.

(i) Moltes de coses se conten d'aquest glosador manacorí del si-
gle XVIII, nat l'any 1715, mort l'any 1768. Era de llinatge Gelabert i li
deyen de sa Reyal perque los seus estigueren d'arrendadors an aqueixa
possesió de St. Llorens des Cardessar. Deixà una lies de glosades
que retreu En Bover dins la seua Biblioteca de Escritores Baleares
(Palma, Est. Gelabert, 1868, n. 524) Hem replegades totes les contare-
les que corren d'ell, i així com les mos contaren, les posam, sensa voler
anar a aclarir si son veres o Si son mentida. En Tià estigué per missatge
amb el rebesavi de mon pare, a So'n Suau, de Manacor.

(2) M'ho contaren mon pare, el sen Miquel Martí, Recó, i madò
Francina Suasi, al cel sien tots tres

(3) M'ho contà l'amo Antoni Mascaró de Sa Marineta que hu sabia
d'un missatge vell que tenien, de nom el sen Andreu Mayó.
",NA
46,"EN TIÀ DE SA REAL 59

Com sa miure d'En Tià, sa Madona, el me veu,
li surt a l'encuantre, i ja l'escomet.

—iQue hi ha res de nou, senyor li diu ella.

—Vench a veurehu, diu es senyor.

—Però jque sap que hi haja res diu sa Madona,
malpensantse.

—Aquest al-lotet vostro, diu es senyor, que con-
ten que vos surt glosador.

—jCal no senyor, diu sa Madona. jAixò le hi per-
posenl Si'n fa qualcuna de glosa, es ben de fora-vila,
no per oreyes de senyors.

—Idò jo'l vuy sentir, diu es senyor. Vench per
que me'n fassa un parey devant.

Criden s'al-lotó, i sa mare li diu:

—jHala, Tianetl jFéli una glosa an es senyorl

—No, que llavò li sabrà greu, diu En Tianet.

—Te dich que no me'n sabràl diu es senyor.
i Vaja si la fasi

—No res idò, diu s'al-lot, velatassi:.—

A Ab sos esperons de gall
i un vestit com l'Anticrist,
l'he comparat, com l'he vist,
a Judes 'nant a cavall.

Es senyor era un roig mal pel, i ja's sap que
diuen que Judes eu era de tal pelatge.

Es senyor ja no'n volgué sentir pus de cansons.

Girà en coa, 1 buydà.

85.

D'un glosador de la Muntanya que'l volgué veure (D

Un glosador de la Muntanya, molt anomenat, va
sebre d'aquest al-lotet de Manacor que sortia fi de

— tot, 1, per veure'l, s'entrega a Manacor un diumenge.

Li diuen que és a la vila ab son pare, va a veu—
relos, no'ls hi troba, i deixa dit an es veynats que
elze diguen si voldràn anar a s'hostal, a on posa.

es (1 M'ho contà el mateix amo, que hu sabia d'aquell sen Andreu
ayó.
",NA
47,"40 LONDAYES MALLORQUINES

Així se va fer. Sa gent se'n era temuda d'aquest
alosador muntanyench que venia per provar En
Tianet de Sa Reyal, i se comensa a aplegar gent i
gent a s'hostal per veure sa topada.

Varen haver de posar un celador que fés fer am-
ples, perque devant s'hostal ey havia un tap de gent
que no porien passar.

Al punt destriaren l'amo de sa Reyal ab s'al-lo-
tet, que se'n venien, i tothom se posa a dir:

—ijVeltallàl ja vel

—No vos poseu devant, diu es muntanyench,
que vuy veure ets ayres de s'al-lotó com se presenta.

Se posa demunt es portal, i, com En Tianet arri-
ba, li enfloca aquesta:

— Oh ninet, com t'he afinat
ab sa cara atxerevida,
me pensava que sa dida
llavò 't'via desmamat. :

I En Tianet tot d'una li respòn:

—Antany a estes saons
ma mare me desmamà,
i heu d'entendre, mon germà,
que estich tan fort per glosar
com un bastiment per mar
que ès sotit a batallar
ab mil i setcents canons.

Es muntanyench romangué astorat, 1 va dir:

—Aquest al-lotó me guanya. No m'hi puch posar.

I se'n tornà a ia Muntanya abans de pus remor.

S 4.
D'un altre glosador que li demanà una cosa (D

Un altre dia l'agafa un altre glosador de la Mun-
tanya, i mostrantli una canya, li diu:

—Som un homo esterangé,
que devall de la Muntanya,
éme vols dir aquesta canya
quines habilidats téP
(1) M'ho contà un tal Jusep de So'n Berga, de St, Llorens des Car-
dessar, que estava per pareyer-major a ca-nostra.
",NA
48,"EN TIÀ DE SA REAL 41

I En Tià li respòn cop en sech:

— S'habilidat que ella té
la vos diré de tres modos:
per fer paneres i covos
i caeres si vé bé.
Aquell ja no hi volgué pus raons.
S 5.
D'un capellà que'l va escometre ()

Com encara era al-lotó, que guardava una trutja,
un dia que desiara brusquinetjava, el troba un ca—
pellà que pretenia de glosador, i ja l'ha escomès,
dientli:

—Al'lotet, dquè fas aquí
ab sa pellissa roadaP
—Guart una trutja travada
que me mena un porcellí
va respondre tot d'una s'al:lotó.

I es capellà reprèn:

—Porqueret de sa pellissa,

es temps que seràs porquer,
l no gonyaràs cap dobler
i aniràs descals a missa.

Com En Tià sent això, tot d'una li enfloca

aquesta altra:
—Es sortit molt foriós
anant cuantra los porqués.
Jo gonyaré mes doblés
deixant es verro només
amb un any, que vostè en dos.

Aquell capellà romangué tot escoat, 1 s'esclama:

—May me tornaré posar
amb al'lots que no conech,
perque qualcuna m'en bech
que p'es coll no'm pot passar.

Ija li va haver copat de d'allà.

(1) M'ho contaren mon pare i l'amo Antoni Mascaró, al cel sien

tots dos.
a a pa ga, — 0. ——n— — — se
",NA
49,"42 RONDAYES MALLORQUINES
S 6.
Es pas de ses reyes ()

Com estava per missatge a So'n Suau, un hora—
baixa com deixaven sa feyna (llauraven), diu an ets
altres missatges:

—Al-lots, no deixeu ses reyes a sa llaurada, que
sa lluna anit es lladrona.

Aquells se'n rigueren, i deixaren ses reyes allà,
ell se'n dugué sa seua.

Què me'n direu2 Ell lo endemà mati, com aquells
anaren a sa llaurada, no trobaren ses reves.

Se'n van a contarho a l'amo, que crida En Tià,
lli diu:

—Ja pots veure quin camí mos dones per trobar
es lladre.

—Serà bo de fer, diu ell. Posauvos dalt una so—
mera, anauvosue a la vila, 1 es primer homo que
trobareu que vos diga:—/Bon dia l'amo Andreul
aquell és es lladre.

L'amo hu fa així, i tot era gent que trobava p'es
camí, i uns li deyen ,alabat sia Deu/ i altres /bon
dia i bon any que Deu mos dol i altres Què tal2
écom vos va2 gque li pegau cap a la vila2 i altres
i Deu vos quart, l'amol gestau trempadet2, però negú
li deya: fon dia l'amo Andreul A la fi, com ja ha—
via passat es cementeri, en troba un que li enfioca:
—yBon dia, l'amo Andreu/

—A tu't cercaval diu ell. jAbans de pus raons,
a veure aont tens ses reyes, Si no vols que't duga a
sa Jostici.

Aquell homo tornà de mil colors, tremola qui
tremola.

—L'amo Andreuetl diu ell. /He tenguda aqueixa
mala horal /Per amor de Deu no'm dugueu a perdrel
Jo vos promet que no hi tornaré pusl jAnem a ca—
nostra i les vos donarél

(1) M'ho contà mon pare i el sen Recó.
",NA
50,"EN TIÀ DE SA REAL 45

Se'n hi van, les hi dona, i cap a So'n Suau falta
gentl i passa per orde a tots que, en dir En Tià una
cosa d'aquestes, el creguessen, o si no, els engigaria,

ST.
De com l'amo de se'n Suau jugant va perdre
s'armada d'ets anyells (0

Un vespre que l'amo era a la vila, En Tià, com
havien sopat allà a So'n Suau, estava dins sa cuyna
devora es foch, tot capficat, ab sa madona, que li de-
manà:

—3I què tens, T'ià, que estàs tan mújol anit2 jQual-
que cosa hi deu haverl

—Maldament no hi hagués tantl diu ell.

—il què èsè diu sa madona.

—jQuè ha d'esserl diu ell. Que l'amo ara mateix
havia cobrada s'armada des mèns que va vendre
S'altre dia, se'n es anat an es joch, ha posats es dob-
bés dalt una carta, i tot eu ha perdut.

—jAquesta si que m'ès brutal diu sa madona.
él no vas de berbes tu, ara2

—j Bones berbes son aquestes: diu ell.

—No res idò, diu ella. jA veure si fas de que ell
torn gonyar lo que ha perdut.

—Me pens que si, diu ell. 3Sabeu què faré2 Elze

— plantaré la mar devant es portal, i, en sortir, no po-
ràn, i se'n tornaràn a jugar, i així l'amo trobarà
bona sort.

Què me'n direu2 Ell lo endemà l'amo s'entrega a
So'n Suau, tot trastornat, 1 ab gran secret contà a sa
madona tot lo que li havia succeit, que havia tengu—
da sa mala hora d'anar a una casa de joch a on havia
perduts tots quants de diners duya demunt, es des
méèns, però que, com sortiren, se trobaren la mar de-
vant es portal, 1 veyent que tan mateix no se'n porien
anar, tornen an es joch, i volgué la bona sort que
gonyàs tot quant havia perdut, i que havia promès no
tornarhi posar pus es peus dins cap casa d'aquelles,

(1) M'ho contaren es mateixos de s'altra.
",NA
51,"44 . RONDAYES MALLOBRQUINES I
8 8.
D'un homo que havia perdut s'ase i Eu Tià le hi tornà (P
Un pobre va perdre s'ase o le hi prengueren. /
Se'n va an En Tià a veure a on parava aquell /
animalet.
—Perque éts un pobre, t ho diré, diu En Tià.
Prens tal cami, i de d'allà. Trobaràs un homo que
mena un ase, es teu. Tu sensa dir res, te poses en—
tre s'homo i s'ase, i bones simades a s'ase cap a la
vila. Jo t'esperaré devora es pou de Sa Torre O 4
allà n'haurem raó.
Aquell homo eu fa així, era ja vespre, pren es /
camí que En Tià li havia dit, troba un homo amb
un ase, s'ase perdut, se posa entre aquest i aquell
homo, i jbones simades a s'asel I li RES cap a la
vila, i jbones simadesl i aquell animalet jben atacat
cap a la vilal i aquell homo, mutis, derrera derrera.
Arriben an es pou de Sa Torre, En Tià hi va
esser.
Aquell homo desconegut, diu:
—iQuina hora èsè
An aquell moment mateix es rellotge de la vila
se posa a tocar hores, 1 En Tià contesta:
—Conta tu mateix. l
Es rellotge toca dotze batayades, era mitja nit
en punt.
—jAquesta vos vall diu aquell de s'ase, i des—
compareix a l'acte.
—il qui ès assò2 diu l'amo de s'ase, ab sos cabeys /
drets.
—El dimoni, diu En Tià. I has de sebre que, si /
ara no mos toquen les dotze, mos ne duya a tots dos
I s'ase.
Aquell homo quedà de pedra, no sabia que li
passava.
(1) M'ho contà mon germà Andreu,
(2) Està a la sortida de Manaeor p'es camí de So'n Moix.
",NA
52,"EN TIÀ DE SA REAL 45

—No res, diu En Tià, veste'n, 1 està mes alerta
an aquest ase, que si ara t'ès sortit bé, per ventura
una altra vegada te'n duràs s'aumut p'es cap.

S 9.
Es pas de sa truyta (D

Com estava a So'n Suau, un dia fener l'amo era

ala vila, i havia de venir.

Sa madona li fa una truyta i la posa dins sa
pastera, per que, en arribar ell, la trobàs ben gor-
dada.

Era en temps de sembrar faves, i En Tià llaura-
va de bous, i diu a sa donadora Ò):

—é Vols que berenem de truyta2

—4il a on la tenim2 diu ella.

—Serà bona de fer venir, diu En Tià.

Com foren an es cap des tornay, troben un plat
amb una truyta, i tots dos, dassa-dassa, fins que
n'hi hagué gens.

Arriba l'amo de la vila, sa madona obri sa pas-
tera, i no hi va haver plat ni truyta.

N'estigué com una beneyta tot lo dia, pensa qui
pensa com poria esser estat allò, descompareixerli
sa truyta sensa que negú anàs a obrir sa pastera.

Se malpensà d'En Tià, i es vespre, com arribà
de sa llaurada, li enfloca:

—jGran traydor, ja éts tu que m'has feta seu—
vatge sa truytal

—jldò no l'haguésseu aficada dins sa pastera en
lloch de menjarlavosi Jo he pensat: ès que no la
deu voler. Í no vos poreu pensar lo bé que mos ès
cayguda a noltros.

Poreu fer contes sa madona si'n devia fer d'es—
tabetxos.

(1) M'ho contà el mateix amo'n Mascaró, que hu sabia del sen Mayó.

(2) Sa dòna que dona (tira) faves dins el solch, i el qui llaura, les
tapa ab lo solch nou que hi fa.

—— ts -
",NA
53,"46 RONDAYES MALLORQUINES
S 10.
Una glosada an ets Hostals d'Algayre (D

Una vegada se toparen dotze pareyers an ets
Hostals d'Algayre, que duyen censals a senyors de
Ciutat.

Un d'aquests pareyers era En Tià i un altre que
també pretenia ferm de glosador, i no's donava
p'En Tià.

Així ès que s'atansà a dir devant tots:

—Tià, ara hem de tirar una glosa perhom, i si

l jo't captur, tu pagues sa dinada de tots, i sl'm cap—
tures a mi, la pagaré Jo.

—Feta està sa barrina, diu En Tià. Per part
meua, pots comensar en voler.

—Idò comens, diu s'altre, i se destira d'aquesta:

—Sa teua sabiduria

jo la t'he de capturà.

Quina cosa al mon ey ha

que neix i es torna aufagà

entre les onze i migdia

I En Tià tot d'una ja li ha remés, dient:

—Això que'm demanes ara,

amich meu, jo t'ho vuy dí:

això es l'Hòstia consagrada,

que, com prou l'han contemplada,

la rep qui la beneí.
Í si dius que no ès així,

amich meu, l'haurà3 errada:

que paraula que he gastada,

no hi ha cap persona nada

que la m'haja capturada

ni que m'haja fet desdí.

l així, paga sa dinada

des dotze que som aquí.

l aquell no tengué altre remey que pagar sa di—
nada de tots dotze.

Ja no hi volgué cap arrap pus amb En Tià.

(1) M'ho contà mon pare, al cel sia.
i
",NA
54,"EN TIÀ DE SA REAL 47
s11.
De com li va néixer una nineta ()

Com estava a So'n Suau, un any ey havia es pa-
reyer segón, que també hu provava de ferne qual—
cuna de glosa.

Aquest se'n anà a la vila a dur reves a acerar, i
anaren a dirli que sa dona d'En Tià havia tenguda
una nineta, 1 que fés favor de dirho an En Tià.

Aquell p'es cami pensà:

—Ara le hi he dir amb una cansó, veyam quina
sortida me farà.

Dit i fet, pensa sa cansó, i tot d'una que arriba,
que veu En Tià, ja li enfloca:

—(T'es venguda aqueixa nit
memòria o intenció
que t'ha enviat el Senyor
penyora de gran valor,
i un altre'n tendrà's profit2 :
I En Tià li respòn a l'acte:
—Compare, aquesta raó
per totes parts es oida.
També altri ha nodrida
sa mare, i jo'n som senyor.
8 12.

De com va devertir ses espigoleres de So'n Suau ()

Com estava a So'n Suau, un any ses espigoleres
li digueren:

—El sen Tià, es dia de ses acabaves mos heu de
devertir. /

—Si l'amo hu vol, diu ell.

Es dia de ses acabayes ses espigoleres diuen a
l'amo: A

—iQue no hu voleu que'l sen Tià mos fassa una
mica de devertimente

—il a mi, què m'èsè diu l'amo.

(1) M'ho contà l'amo Mascaró, que hu sabia d'aquell sen Mayó.
",NA
55,"48 RONDAYES MALLORQUINES

Van a dirho an En Tià, que va dir:

—Bono idò, ja farem es devertiment.

Comana an es boveret que arrabàs una cerra an
es brau, de sa coa.

Es boveret la hi arrabassa, i la dona an el sen
Tià, que la s'estoja sensa fer res coneixedor.

Es vespre, com sopaven, deyen ses espigoleres i
missatges:

—jVeyam quina la mos farà el sen Tià, anit

Acabat de sopar, li diuen:

—iVaya, el sen Tià, si mos heu de fer es dever-
timentl

—iEstau pe'sa cosa2 diu ell.

—jProu que hi estam' diuen totes...

—ldò ara mateix comensarem... 3Què és això
que sent que empenyen ses portes de devant2

Encara no hu va haver dit, com ses portes s'obrin
d'en bat en bat, i se'n entra tot xalest es brau de sa

guarda, i ja ès partit a afuarse a ses espigoleres, I
aquestes crits 1 bots i corregudes d'assi i d'allà per
amagarsel

I es brau que un cop pegava a una 1 un copa
s'altra.

Aquella que era sa perseguida, no'n tenia cap de
riaya, i cuydava a fer uy de crits i de corregudes,
però ses altres, bones riayesl

Llavò deixava aquella, 1 en perseguia una altra, 1
sa girava sa truyta.

Sa perseguida, jbons crits i corregudesl i ses al-
tres pbones riayes'

Aquell brau com que tengués coneixement, en
mitx de lo desbaratat que anava.

. Les morretjava una mica an aquelles al-otes i
les ponyia qualque poch ab ses banyes, però finis
finis no les feya gayre mal, però pareixia que los
n'havia de fer.

Com totes varen estar cansades i mortes de riure,
cridar i fer corregudes, digueren:

Es —j El seu Tià, ja mos bastal
l
",NA
56,"EN TIÀ DE SA REAL 49

A-les-hores En Tià va dir an es brau, que havia
nom Valent:

—iValent, ja n'hi ha prou per avuyl

Es bou s'atura, En Tià amb aquella cerra que es
boveret li havia arrabassada, li ferma una banya, i
diu an es boveret mateix:

—Jas, menalte'n dins sa boval.

Es boveret agafa sa cerra, i se'n mena cs brau
com si fos estat un xotet de cordeta.

Poreu fer contes si hi degué romandre astorat
tothom.

S 15.
De com estigà l'amo de So'n Suau
d'anar tant a la vila (D

L'amo era una mica massa afectat d'anar a la
vila, i això és pesta p'ets amos de possessió.

Sa madona n'estava fellona, i un dia diu an En
Tià:

—jA veure si l'estiguest N'hi té tantes de feynes
a la vila com es cans a l'esglesi.

—iJa l'estigaremi diu En Tià.

Aquell dia mateix cau que l'amo horabaixench
fa ensellar una mula, s'hi posa demunt, i jcap a la
vilal

En Tià hu sap, i digué amb ell mateix:

—ji No hi arribarà, nol

iQuè me'n direu2 Ell com l'amo va esser passat
es Moli d'En Sopa, devers mitjàn cami, sa mula
pega revinglada, i se treu sa cadena i s'aubardà,
gira en coa, i jcametes me valguen cap a So'n Suaul

llo bo va esser que s'aubardà ab l'amo demunt
pegà dalt una paret d'esquena d'a(se) €), sense que
l'amo se'n pogués moure ni bategar, per bé que hi
malavetjava.

Es Re ss e

(1) M'ho contà mon germà Andreu.

(2) S'anomenen així les parets que acaben en cresta, com una es-
quena d'a(se).

l T. V—4

hd
",NA
57,"I
50 RONDAYES MALLORQUINES

I tot era gent que passava, i com el me veyen
d'aquella manera, no vos dich res ses coses que
deyen i ses fisconades que li tiraven.

Com ja no passava nigú de vespre que era, va
porer devallar de s'aubardà i de sa paret, però no anà
cap ala vila, sino cap a Soín Suau, i s'hi espitxà ab
s'aubardà i demés ensellament dalt es cap, empe-
gueit i aspergiant.

l Arriba allà, tothom ja estava colgat, ell se colgà
també, i ja no tornà pus a la vila que no hi tengués
feynes.

I S 14.

Es pas que va fer a Sant Sauvador de Felanitx ()

Una vegada, era a Sant Sauvador de Felanitx
amb una partida d'amos de Manacor, un d'ells, es de
So'n Suau.

Un d'ells diu:

—jOh si ara teniem tal anyella de sa meua guar-——
da, ja fariem un bon arròsi l

—iQue va de bo que la voldrieu tenir2 diu En Tià.

—il tant de bol diu aquell amo. 4l tu que series
capaç de ferle'm venim

—Ara mateix, diu En Tià.

Surt a defora, se gira cap a sa possessió d'aquell
amo, i se posa a cridar:

—yEstinal jEstinal /Estinal aixi com solen en-
dar ses anyelles.

Sobre tot, ell a's cap d'una estona compareix
aquella mateixa anvyella, tota xarpada.

Poreu fer contes quins uys devia badar l'amo i
ets altres.

, Ja hu crech que l'agafen, li acoren sa guinaveta,
l'escorxen i ihala trossos dins s'ollal

En sorti un arròs d'aquells que tiren d'esquena

l ets homos. :
. (1) M'ho contaren l'amo Antoni Mascaró de Sa Marineta, que hu sa-
bia d'un missatge vey que tenien que li deyen el sen Mayó.
",NA
58,"EN TIÀ DE SA REAL Sl

S'asseuen tots en taula, 1 un diu:

—j Oh si ara teniem vi a voler d'aquella bota meua
que ensatàrem s'altra dia, ja mos hi diria en popal

—jEll sirà bo de fer tenirnel diu En Tià.

—iCom és ara2 diu aquell.

—jDuys una alena i un garrafl diu En Tià an es
Donat.

La hi duen, i afica s'alena a un banch que hi
seven, fa parar a baix ab so garraf, i glech-glech se
posa a ratjar vi d'aquell banch, i fins que es garraf
fou ben ple, i ben gran que era.

Aquell homo el tasta, i diu: :

—iQue'm tirin d'una passa si això no és aquell
vi meul

Notaren que En Tià feya sa mitja.

—il ara què tens li diu aquell amo.

—iQuè he de tenirl diu ell. Que ara sa vostra
madona s'ès temuda de que li hem foradada sa bota,
perque com hem deixat de parar ab so garraf, es vi
li ratja en-terra, i la dona no sap com és aquell raig

. lafica estopa an es foradi com una desesperada.

—iTanta de sort si se'n ès temudal diu aquell. — .
amo. iJa l'arribarà a tapar, si Deu ho voll

Sobre tot, s'assegueren a sa taula, i menjaren i. —
begueren fins que no n'hi va quebre pus, de bo que
hu trobaven.

Tornà cadascú a ca-seua.

Com arribà aquell des vi, sa madona li diu:

—Has de creure i pensar que amb un poch mes
ey ha una desgraci ab sa bota ensatada. Com som
anada a treure vi per dinar, l'he trobada que hi feya
un ratjolinoy ben rebent. Tenia un foradi, no sé com
pècora. I prou que nf'ha costat de taparlehi, a forsa
d'estopa.

Com l'amo li contà es pas, no hisabia donar volta.

I an aquell de s'anyella li succei lo mateix. Com

arribà, li contaren que tal anyella havia descompa-
'egut sa banda des mati, i resultà sa mateixa hora
que En Tià l'havia cridada.

Era el diantre aquest Tià.
",NA
59,"52 RONDAYES MALLORQUINES
De lo que li succeí amb un bruixot (P

Una vegada se'n vengué a Ciutat, i hi havia un
bruixot que cercava ferm provarse amb ell.

En Tià passa per devant ca-aquest, i aquest se'n
tem. Guayta per sa finestra, i li planta an En Tià

: en l un riu devant 1
— ny X RAE) el la mar derrera.
o LRR SS a, —i Què faremt
RV VR ii diu En Tià, com
RN 3 PTA I 9
EX EN) Armada peee— Se veu d'aquella
x a ta 4 i manera.
ei EAIA EN o — —jPassa, ho- Ú
E- al. mol jno temes
Adif Ut diu
A pe) CS di li diu aquell.
cal o. (N il què fa En
ar fe MI j — Ne Tià2 Se treu un
4 - tes — . 9 dc
CS, RS i) l is. xigarro, P'entra
É f ss) , ó vessa dalt es riu,
CD hi cl. i per allà de-
Lo P— i llit munt passa.
ls TA —d— : l
od N da I l la 3 Es bruixot ro-
— Qi di 4 t Rorapt HA mangué de pe-
h Cit 1 ss: I ES dra com veuallò,
(l i I Es. , 4, i En Tià li plan-
el i SS a. la un grandiós
1 pa ea ZIP a SO banyam, que no

, NEN: P ele ml 3

Ge as zè mers passava per sa
En Tià li planta un grandiós banyam, que no finestra.

passava per sa finestra. Bé va provar
d'enfonyarse, es
banyam no volia passar en via neguna.

—jHala, tu que'm deyes que passàsi esclamà En
Tià. jEnfonya es cap, homol sQuè has de fer de
guaytar tant2

(1) M'ho contaren els mateixos de l'anterior. l
I
",NA
60,"EN TIÀ DE SA REAL 53

A la fi En Tià se'n compati, i li lleva aquell ba-
nyam ferest.

I ja no tornà tenir pus ganes aquell bruixot d'ha-
verles amb En Tià de Sa Reyal.

S 16.
Lo d'ets Enegistes (D

Un any En Tià era a fer garangoles amb altres
homos a una vinya.

Mentres fumaven, varen notar que ell feya un
claperet, i vengué una mosca d'aquelles tan grosses,
que li tomà un pedrolí que havia posat demunt de
tot.

—Tià gi ara què ès això2 li demanaren.

—D'aquí a un any i un dia vos ho diré, diu ell.

Sobre tot, ell l'any qui vengué devant, com feya
s'any i es dia, se tornaren trobar a sa mateixa vinya
fent garangoles, i, mentres fumaven, un diu:

—Escolta, Tià, zque tan mateix te recordes
d'aquell claperet que feyes antany tal dia com ahir i
que una mosca t'hi tomà es pedrolí de demunt de tot2

—ji Prou que me'n recortl diu En Tià.

—ldò ja pots esser partit a dirmos què significa-
va aquell claperet, perque mos ho prometeres que
avuy mos ho diries.

—Idò significava lo que vos dirà aqueixa dona
que ara vé. pDemanaulehi què hi ha de—nou per la
vilal

Le hi demanen, i ella diu:

—jMaldament no hi hagués tantl diu aquella.
iHan trets ets Enegistesl

Ell va esser ver. Aquell dia era arribada a Ma—
nacor sa nova de sa treta d'ets jesuites d'Espanya.
Eva dins es març de l'any 1767, temps de fer ga—
rangoles.

(1) M'ho contaren el sen Miquel Martí, Recó, i el sen Bernat Canye-
lo. Els jesuites la gent elze deya enegistes de llur fundador St. Ignaci,
que'l poble pronuncia Ennaci.
",NA
61,"54 RONDAYES MALLORQUINES l
S 17. )
De com el feren comparèixer a ca-l'Ínquisidor (D I
Com se contaven tantes coses d'ell, el feren com-
parèixer devant l'Inquisidor per esplugarlo en ses
coses de la Fe. S'hi presenta es mes fresch del mon.
L'entren dins una sala a on estava l'Inquisidor as-
segut an es seu Tribunal. Hi havia unes quantes de
taules tapades amb unes robes vermeyes que arriba-
ven fins en-terra. Se poseu a ferli preguntes i pre-
l guntes, i ell boca closa.
— 4 Per què no bades boca2 li digueren a la fi.
— —Que surta primer aqueix que està devall sa Ú
taula, diu ell. Lo que escriu allà devall, bellament
eu poria escriure devant noltros. l
A l'Inquisidor li va caure en gràcia aquella sor-—
tida. Feu sortir aquell de devall sa taula. En Tià va. —/
respondre com un canari a tot lo que li havien de-
manat, 1 PInquisidor en va romandre tan satisfet,
que li va dir:
—Anau en la pau de Deu, i feys bonda com fins
ara, 1 no hàveu por de res.
8 18. l
De com anà ab dos mes a treure es tresor d'Artà 2
Com anau de Sant Llorens des Cardessar a Artà,
trobau a mà esquerra ses muntanyes de S'Auma
que fan un grandiós penyalar, capserrat, miranta
xaloch, i se diuen ses muntanyes des tresor. l
Conta la gent que es moros, com veren que'l rey —
En Jaume los feya buydar de per tot i que aviat no
elze quedaria un pam de terra a Mallorca, amaga-
ren dins aqueys penyals tot s'or i sa plata que no
se'n porien dur, ab s'idea de trobarlehi com torna—
rien pendre Mallorca, segons ells se figuraven. l
. (1) M'ho contaren mon pare, el sen Miquel Recó i el sen Andreu )
Pellerenca, un missatge vey de ca-nostra, al cel sien tots tres. I
(2) M'ho contaren mon pare i el sen Miquel Recó, al cel sien tots dos, I
i En Geroni Sureda de Sant Llorens des Cardessar. I
I
— ——————————é
ma ee er :
",NA
62,"EN TIÀ DE SA REAL 55

En Tià sabia com ho havien de fer per treure
aquest tresor, 1 convidà dos amichs seus per anarhi
I que tot seria des dos convidats, perque ell no poria
esser rich.

Aquests dos eren ets homos mes acorats de Ma—
nacor, que no'ls espantava vent ni aygo, i li dona-
ren paraula de que no's retgirarien, perque ell los
ho deya:

—Vos retgirareu, perque veureu coses ferestes.
Si.vos retgirau, tot serà perdut, si no vos retgirau,
amb un carro de parey ey haureu d'anar a durvosne
s'or 1 sa plata. El rey que ès el rey, no serà tan rich
com voltros.

En Tià les va dir:

—Aquest tresor s'ha de treure ab fosca, i hem de
comensar a mitja nit en punt.

Senyalen dia per anarhi, i aquell dias'hi espitxen.

A mitja nit en punt foren baix d'aquell penyalar.

—Bé, les diu En Tià, no sigueu al-lots. Ara vos
diré lo que mos passarà, i, si creys que vos heu de
retgirar, digauho ab tota claredat, i no passarem
mes envant.

—Si mos tornes motar lo de retgirarmos, t'arron-
sam amb una morma. Digués depressa què ès que
hem de fer.

—Miirau, diu En Tià, entrarem dins un grandiós
coval, a's mitx trobarem un grandiós munt de pòl—
vora i un dimoniot amb un tió de foch que l'enrevol-
tarà. A mb un dit heu de tocar a munt de pól—
vora, es dimoniot ey tirarà aquell tió de foch, farà
un tro ferest i una grandiosa flamada, i tot aquell
munt de pólvora tornarà or i plata, d'allò mes refi—
nat i bufarell.

—jEndevant ses atxesl diuen aquells dos.

A-les-hores En Tià se treu es Llunari () i ja ès
partit a lletgir, i llitx qui llitx.

. (1) Era el llibre que la gent creya que: servit per fer sortir el dimo-
, Ni i fer tota casta de bruixaries.
ge... . QP
",NA
63,"56 LONDAYES MALLORQUINES l l
Al punt senten un croixit, era que es penyalar j
s'obria com una magrana que crivella.
En Tià s'afica dins aquella uberta des qo 1
aquells dos li pitgen derrera. És penyal s'obria
s'obria devant ells 1 se clovia derrera ells, i per en—
dins i per endins.
A la fi se troben dins un grandiós coval amb un
munt de pólvo-
4 COL a hi A er , : A é
7 RES (les ra molt gros i
4 IM a ma , un dimoniot
Vte en Que 4 DE, amb un tió de
TS NA) 1901974 OR Vi. A IL .
V/ (I a Es MI DS I foch volta qui
70 V DA CA VP. P4 m// volta sa pólvo—
af. Las Pers, Ll ra, i peses pa- /
4 d'ercers el rets de sa cova
h er CIM Da, SOL tot unes carotes
SI h S/ VT / Y a (1/4) XY ny, s
ee Poe, que feyen vi-
VI 8) / As satges, gestos i
PRE Da 1 / QS el . jutipiri
dE ENT a (ea - JUutipiris.
/ qi Se RN LL En Tià diu
eds PS I SONS
7 it PCA an aquells:
, P 4 ES 8 at — jHalasi to-
l , ee, rr Cau es munt de
a dE des). PPA es Sa pólvoral
dE 4 — Aquells el se
03 984, 11 NE re 1/7 miraven a ell
A ei, se miraven es l
DC 7t En l ç EN munt de pòlvo-
6 7 NY LO ls a AL GA M es dimoniot j
un dimoniot amb un tió de foch volta qui volta sa aquelles caro—
pòlvora, i unes carotes que feyen visatges... tes de ses pa—
Trets, esglayats,
aborronats, empedreits, blanchs com la paret, com
que estiguessen clavats en terra.
x J
iQuè havien d'esser capassos ells a tocar es munt
de pólvoral
Tremolaven gom una fulla de poll.
En Tià s'esclama: 8
ça - lt, all
",NA
64,"EN TIÀ DE SA REAL 57
—No la m'heu feta que no la m'haja pensada.
iTant com dèyeu que no vos retgirarieul
—iTianet, digueren ells, sortiguem d'aquí dins
tot d'una, o si no, acabam ets alensil

En Tià se posa a lletgir es Llunari per fer tornar
obrir es penyal, i llitx qui llitx, però es penyal jben
alerta a obrirsel

Era que En Tià estava també trastornat, i no sa-
bia què's pescava. l

Aquelles carotes se posaren a dir:

—i Un homo tan sabut com En Tia de Sa Reyal,
ha sabut entrar i ava no sap sortir jSe'n poren riurel

I En Tià que ja no hi veya de cap bolla ni afina-
va ses lletres fins i tot.

A la fi una d'aquelles carotes diu:

—Però, Tià, :com has lletgit per fer obrir es pe-
nyalar2

—A sen endret, diu En Tià.

—ildò llitx a sen revés i caminant de cul enrera,
homol diu aquella carota.

Se posa a lletgir a sen revés, i es penyalar co—
mensa a obrirse. En Tià s'hi afica de cul enrera i
aquells dos derrera derrera, i de d'allà. I es penyal
s'obria s'obria derrera ells i se clovia devant ells.

Com foren fora, aquells dos tenien tots es cabeys
blanchs des retgiró, 1 això que estaven a la flor del
mon, i com ey entraren les tenien ben negres.

En la seua vida en tornaren tenir ganes d'aquell
tresor.

Ara En Tià bé se'n regalava, perque ell tan ma-
teix no poria esser rich, era nat per pobre.

S 19.
De com l'Ínquisidor anà a Manacor i envià
a demanar En Tià ()

Pareix que l'Inquisidor una vegada anà a Mana-
cor, i posà a ca's Comte d'Ayamans. Envia a dema-

(1) M'ho contà l'amo Antoni Mascaró de Sa Marineta, que hu sabia
d'un missatge vey de ca-seua, el sen Andreu Mayó.
",NA
65,"58 RONDAYES MALLORQUINES
—b——————————————
nar En Tià i que li duga tots es llibres que té, i li
diuen de part E a l'Inquisidor:

—Si està tancat, entra, si està ubert, no entres.
—3 Està bél diu ell.
Aplega tots es llibres, i jcap a veure l'Inquisidorl
Troba sa portassa de ca's Comte tancada, i ique
fa ell2
Entrà p'es forat de sa clau.
L'Inquisidor, després de ferli unes quantes pré—
guntes, li tornà es llibres, i li va dir que se'n anàs ab
la pau de Deu i que fés bonda.
8 20. /
De quines eges venia sa dona d'En Tià ()
Era fia d'amo rich de Manacor, i, quant En Tià
encara era pollastrell, un dia va dir an aquest amo:
—Mirau quin dia vos ho dich, m'he de casar )
amb aquesta fiya vostra.
Aquell amo no'n va fer cas, però des cap d'un /
parey d'anys aquella al-lota, veent es bon cap que
tenia En Tià i que era un glosador tan fi, com ell la
va escometre, tot-d'una va dir si, i al punt en va es-
tar enamorada de tot, seny a perdre per ell.
Son pare se'n tem, i li diu:
—iCom estam aqui, revel-lera2 3Í ja no has ten—
gudes altres feynes que anarte'n a encalentir es cap
amb aquest fotim de glosador2
S'al-lota li va dir clar i llampant que can n'hi
havia dins Manacor de fadrí que li agradàs tant com /
En Tià, i que o no's casaria o se casaria amb ell.
—jAixó hu voreml diu son pare.
—iIdò sí que hu voremi diu ella.
Sobre tot, la privaren de conversarhi, i n'hi cer-
caren un altre de fadri, ben agradós i ben rich.
i (1) Ho conta, coma recullit del poble, En Bover dins l'article que de-
dica an En Tià dins la seua Biblioteca de Escritores Baleares, Paims,
1868, T. I. p. 349 et ss. El meu criat, Juan Riutort, de Petra, me contà lo
mateix, donantne fites mes netes.
",NA
66,"EN TIÀ DE SA REAL 50
da a aa a Del et i eis

Ella va pendre sa seua i va admetre aquell, però
devall-devall s'entenia amb En Tià.

Son pare i sa mare al punt mogueren de passar
l'obra envant. Veren son pare i sa mare d'aquell i
va quedar tot compost, aquells la demanaren, se fe-
ren noviys, i senyalaren dia p'es casament.

Allò va esser un rum-rum. Tothom en parlava,
i En Tià se'n havia de dur moltes de fisconades.

—La t'han presa, li deyen. No hi ha remey: qui
té dobbés, vola, i qui no'n té, redola. T'ha tocat es
redolar.

—A la cullita, se vorà el fesol, deya En Tià. jEu
vorem qui s'hi casaràl

Air es dia des casament, i En Tià se planta
an es portal de l'esglèsia, i arriben novia i noviy ab
ses families d'un i altre, tot xarpats, cap a casarse.

En Tià se planta devant ella i li enfloca:

—Adiós, flor d'hermosura,
abrassada ab l'interés:
. Ja no mos vorem may més, ,
sino's a la sepultura. i
Deu te do tanta ventura,
com desitx per mi mateix.

Aqui ella se refà, i diu:

—j Vuy ser dona de paraulal jNo'm puch casà ab
negú mes que amb En Tiàl jl no hi ha que dir:
tornaul

Í gira en coa, i cap a ca-seua.

iPoreu fer contes quin trastorn p'es noviy i pe
ses dues familiesl

Ino hi haguè qui la pogués tòrcer an aquella
al-lota.

I son pare i sa mare hi hagueren d'allargar es
coll a que's casàs amb En Tià.

Í va esser un matrimoni avengut, visqueren sem-
pre a pler, com Jusep i Maria.
",NA
67,"60 RONDAYES MALLORQUINES
8 21.
Una herba des puig de So-Na-Moixa ()

Deya En Tià que an es puig de So-Na-Moixa 2
s'hi feya una herba que tenia tal virtut, que qui en
menjàs, no se moriria fins es dia abans del Judici
Final, però que seria condamnat.

Ell may volgué dir quina herba era aqueixa, per
que no n'hi hagués qualcún de tant bistiench que
fés sa porcada d'anarne a menjar.

Per viure molt de temps, iquè no farien ets
homosè

8 22.
Una cansó que va fer a una fadrina OC)

Una vegada que era a matanses, es vespre, com
feyen es devertiment acostumat, ses matanseres co-
mensen a dirli:

—El sen Tià, feymos una cansó perhom.

Tant el pregaren que arribà a ferlosne un enfilay.

Sa mes estufada de sa rol-lada era una de casa
molt rica, però que no patia gens de garrida, i En
Tià la deixà, no n'hi feu cap de cansó.

—l a mí sper au no me'n feys cap2 diu ella.

—Perque te sabria greu, diu En Tià.

—jFeys cansonsi no temeut diu ella.

—iVa de bo2 diu En Tià.

—il ben de bol diu s'estufada..—

A-les-hores En Tià li etziba aquesta:

—Vas carregada de floris
per agradà an es fadrí,
molts de diners pots tení,
però n'éts lletja i foris.

Aquella tornà tota vermeya, acalà es cap, i ja no'n
demanà pus de cansons.

(1) M'ho contà mon germà Pere Jusep
(2) Es una possessió de sa marina de Manacor cap an es port de Fe-
anitx,

(3) M'ho contà ma mare, al cel sia ella.
",NA
68,"EN TIÀ DE SA REAL 61
8 235.

De com sa dona volgué que conràs a conte seu ()

Com estava a So'n Juan Jaume, venen ses mes—
ses des sembrar, i l'amo li diu:

—Tià, poràs sembrar.

—Ja sembrarem, diu ell.

Se posa a sembrar blat, i des cap de dos dies,
diu:

—Ara sembraré xeixa.

Se posa a sembrar xeixa, i en feya sembrar dos
dies a un lloch i altres dos dies a un altre lloch.

L'amo arribà a dir:

—iQuè ès aquest batre2 jFora sembrar pus, Tià' i

—Ben content me feys, diu ell: i acabà de sem—
brar un altre.

iQuè me'n direu"" Ell an es segar, lo que havia
sembrat En Tià, se va esser fet tan bo, que no hi
havien vista una anyada tan grossa may: i a lo que
havien sembrat ets altres, no hi coiren sa llavor.

Sa dona d'En Tià hu sap, i li diu:

—jMira que hu éts beneytl Sembres per altri, i
s'hi cuy tan bon any, i no sembraràs per tu2 jAixò
prenguéssem una rota a So'n Juan Jaume mateix 1
la sembràssem, per ventura alsariem xellal

—i Ey estàs encarada2 diu En Tià.

—jDe manera que hi estichl diu ella.

—ldò hu farem així, diu ell.

Pren sa rota a So'n Juan Jaume, an es seu triquet
la sembra, i hi va tenir un anyada orba.

Ja hu crech que sa dona botava d'alegria, i deya
an En Tià:

—ijHala, beneytl 3Eu veus jAra hu he de veure
si tornaràs a llogartel Ab s'habilidat que tu tens,
conrant per noltros mos porem fer sa barba d'orl

—3No bravetges mussal deya ell. En havé'cabat,
contarem.

(i) M'ho contaren l'amo Antoni de Marineta, que hu sabia del sen
Mayó, i llavò'l meu criat, Juan Riutort, de Petra,
",NA
69,"62 RONDAYES MALLORQUINES

Sobre tot, des cap d'un parey de setmanes cau
malalta sa dona.

I malalta i malalta, i venguen metges i medici—
nes i metges i medicines. l ara havien de vendre
una cortera de blat i suara una altra per pagar es
llayt de ca's potecari 1 es metge.

Què me'n direu2 Ell com hagueren venuda sa
derrera cortera, sa dona se posa Pona, sensa sebre
com ni com no.

—iQuè tal2 diu En Tià. :No t'estimaves mes es-
tar bona sensa una creu, que malalta ab so sòtil ple
de blat

Sa dona acalà es cap, i digué:

—No hi ha remey, ès lo que tu dius: som nats
per pobres, 1 pobres hem d'esser.

S 24.
Lo que passà com un al'lot seu se morí (2

A ses Festes de Nadal, un any, va reparar un
al-lotet seu, arrufat a un recó, tot mostiy.

—il ara què tens li diu. :Per que no vas a jugat

—No tench mel-lesi diu s'al-lotó.

—Jas una treseta, Ò diu son pare.

Sa dona hu sent de dins sa cuyna, i surt tota re-
molesta dient:

—jVajal jbona ensenyansa dones an aquest àn—
gell 4A on s'ès vist may enviarlo a jugar, i encara
donarli una treseta2

—ijQue jucht diu En Tià. jPer lo que li queda
de vida...l

—4l què dius araè diu sa dona, tota esglayada.

—Que demà vespre serà mortl diu En Tià.

Sa dona no'l se va creure i encara el va renyar
perque li venia amb aquestes.

Ell lo endemà se'n va a sa feyna, i, hora baixa,
li compareix una dona, tota trastornada, i li diu:

(1) Ho contava el sen Mayó.

(2) Moneda equivalent a dos doblers, això es, mitx Son.
",NA
70,"EN TIÀ DE SA REAL . 65

—El sen Tià, hauríeu d'anar a ca-vostra a l'acte,
que sa vostra donà vos demana.

—Ja ès s'al-lotó, zno ès vert diu ell.

—lIdò no hu guésseu endevinatl diu aquella.

—èQue ja ès mort diu En Tià.

—No hu eva con som partida, diu sa sa dona,
però si no atropellau, no m'admiraria gens de que ja
no'l trobàsseu viu. .

Se'n hi van ben atacats, i encara hu va esser viu,
però dins una estoneta va badallar.

I tothom plors i descapdell, poreu pensar.

8 25.
De lo que va profetisar a un amo rich de Manacor (2

Ey havia un amo molt rich a Manacor, i En Tià
li va dir que, si no repartia a pobres la mitat de tot
quant tenia, seria condemnat, perque no hu tenia de
bon just, i per ferli veure que no era s'interés quell
feva parlar, li va dir també que no tendria fiys, i
tot lo seu aniria a parar a una neboda, que amb el
tem ps se casaria amb un al-lot seu, això es, d'En
Tià mateix.

Aquell amo per por de sa por, va fer lo que En
Tià li havia dit, i va esser ver que no tengué fiy ni
fiva, i tot anà a una neboda, que s'arribà a casar
amb un fiy d'En Tià.

8 26.
De com va treure des mitx des fanch un predicador 2

A Manacor havien de fer una festa grossa de
l'Inmaculada Concepció, i es predicador que havia
de predicar, es dia abans se posa malalt. N'hague-
ren de cercar un altre depressa, i no'n porien trobar
cap. A la fi en troben un, però, com va haver dit
que si, es seu cap sa tancà, i no sabia per on havia
de pendre.

(1) Ho conta En Bover an el mateix endret de l'obra citada.

(2) M'ho contà el mateix Bover.
",NA
71,"64 RONDAYES MALI.ORQUINES I
En Tià hu sap, s'hi presenta, i li va fer a l'acte
una glosada tan garrida, que DUE predicador en
— tengué prou, i lo endemà se va deixar caure un ser-
mó de pinyol vermey.
S 27.
Sobre es vi de Conies i de Ca'n Caremany (D
Conies i Ca'n Caremany son dues possessions de
Manacor, molt anomenades altre temps p'es bon vi
que feyen. l
Un dia que En Tià amb altres homos feyen ga—
rangoles a sa vinya de Sa Reyal, vengueren a parlar
quin vi era mes bo, si es de Ca'n Caramany o es de
Conies.
—Lo millor serà tastarlos tots dos, diu En Tià. l
—Si, diuen ets altres, però 3que hem de deixar l
sa feyna i presentarmos a cada possessió, que mos
deixin tastar es ví2
—No importa fer tanta tresca-la-mena, diu En
Tià. Duysme dos garrals.
Les hi duen, se'n va a sa soca d'un cep, i jgas/
li fa un tay ab so trinxet, i se posa a ratjar un bon
broll d'un ví negre, llampant. En Tià para ab so Ú
garraf, i quant el va tenir ple, diu:
—jProul
Estreny un poch aquell tay, i se clou, i ja no l
ratja pus. l
—iVajal va dir, aquest ès de Ca'n Caremany.
Ara'n treurem de Contes.
Dit i fet, se'n va a un altra.soca de cep, li pega
trinxetada, para ab so garraf, 1 envest un altre brant
de vi, negre i llampant, i al punt es garraf va esser
al raset. l
A-les-hores estreny i clou aquell tay, que s'atura
de ratjar en sech, com si no hi hagués hagut tay
may.
(1) Ho conta el mateix Bover a l'endret ja citat, i jo recort haverho l
sentit contar a Manacor. l
l
a rr a
",NA
72,"EN TIÀ DE SA REAL 65

—jVajal diu ell, jvetassi es de Conies/ Ara tas—
taulos tots dos, a veure quin se'n du la pauma. Í si
vos voleu desenganar de que això ès vi de Ca'n Ca-
remany i de Conies, anauhi, i, si mirau bé sa bota
que tenen ensatada a cada banda, ey afinareu una
mica de trau, que's coneix que havia ratjat i que
l'han clos.

Aquells tastaren es ví, i tasta que tasta, fins que
n'hi hagué, i si bo trobaven un, millor trobaven s'al-
tre, i sorti que tots dos eren de primera.

Un parey anaren a Ca'n Caremany i a Conies, i
prou que a ses botes ensatades hi afinaren aquella
mica de trau, que era coneixedor que havia ratjat,
però que l'havien clos.

8 28.
De s'escarada de segar que va pendre
a So'n Vaquer ()

Una vegada En Tià pren ab dos companyons
seus una escarada de segar a So'n Vaquer. S'hi pre-
senten es dia senyalat, sa donadora de beure les du
es càrritx i es berenar, i les troba que fumaven ben
asseguts devall un uyastre, aont feya un estar d'àn-
gels.

A's migdia les du es dinar, i les troba allà ma-
teix, pipa encesa i conversa tirada.

An aquella al-lota li vengueren ganes de dirlos—
ne quatre de fresques, però callà per vergonya.

Les du es berenar des capvespre, i les troba lo
mateix, pipa encesa, mitx agegudots, ralla qui ralla.

—3Si que heu gonyat bon jornall les diu.

—jBol va dir En Tià.

—jN'heu feta molta de vetal diu ella.

—jMoltal diu En Tià.

S'al-lota se'n torna, mes de mitx fumada.

—L'amo, —diu com arriba a ses cases, —no sé si

(1) M'ho contava Madò Ayna Suasi, una criada veya de ca-nostra,
Com jo era al'lot pusser.

T. V—5
",NA
73,"66 RONDAYES MALLORQUINES
haurem mal topat amb aquests escaraders d'allà
baixi Ell en tot lo sant dia no han tocada fausl

—No, i es pactes son, diu l'amo, que dins tres
dies m'ho han de tenir segat.

iQuè me'n direu2 Ell lo endemà sa donadora de
beure les va dur es berenar des mati, es dinar i es
berenar des capvespre, i sempre les trobà devall
aquell uyastre, asseguts, fuma qui fuma i conversa
qui conversa.

Com s'al-lota se retirà hora-baixa a ses cases,
feya flamada, i hu contà a l'amo, que comensà a
tenirne mal-de-caps, i a fer contes per lo endemà.

Es companyons d'En Tià comensaren a estar
mal apler com l'amo.

—Tià, li deyen, mos passaràn per la vaquetal
ja hu veuràsi jJa només mos ne queda un de dia, i
iquin possible ès arregussar tot es tros, Just amb un
dia, noltros tres tot soletsi

—3 No hàyeu porl deya En Tià. Deixau fer s'ansi
per mil I

—iSil qveyès si mos n'escaparem noltros de sa
xeplinada' deyen aquells.

Sobre tot, com ets altres dos varen estar ben
adormits, En Tià s'aixeca, pega foch a sa pipa, 1
encén una mica de restoy, i cala foch a un cap des
bossi que havien de segar. Es foch prengué baix
baix, 1 d'un bri a s'altre, 1 los cremava abaix, just
que tombassen, i amb un instant tot es blat que ha-
vien de segar, va estar tombat, i a punt de fer gave-
lles i lligar.

Una hora antes de s'auba En Tià crida aquells
dos, que, com veren tot es blat tombat, romangue-
ren ab sos cabeys drets, tot esglayats.

—iPerò què ès això, Tià2 li deyen.

—iQue no hu veys què èsè deya ell. Que ès hora
de fer gavelles i lligar.

S'hi posen tots tres a les totes, i abans de mig—
dia hu varen tenir tot lligat i garbes fetes.

Com sa donadora de beure les va du es berenar,
",NA
74,"EN TIÀ DE SA REAL 67
al demati, va quedar de pedra. Eu veya i no hu
creya que allò fos ver.

Eu conta a l'amo, que hi anà per veurehu, i no
se'n poria avenir, i se EA tochs p'es cap.

—L'amo, li diu En Tià, posantli sa mà demunt
s'espal-la. 4Eu veys com no's pot dir bé ni mal del
dia fins que passat sia2

—j Tens raó, Tiàl diu l'amo, que's destirà de sa
bossa, i allà mateix les pagà s'escarada.

I ells s'espitxaren cap a la vila, tots xarpats.

8 29.
De com a un pobre que li havien robat un parey de bous,
li mostrà a on eren ()

Una vegada robaren un parey de bous a un po-
bre, que's vivia ab lo que que li treya aquell parey
llaurant per altri.

Se'n va plorant an En Tià per que li donàs un
cami per trobar aquells bous.

—Perque éts un pobre, diu En Tià, te faré es
favor. . ,

I iquè fa ell2 Agafa un ribell, l'ampl d'avgo treta
de l'hora d'un pou de vena, se treu una ampolleta
verda que tenia ben estojada, tira un parey de go-
tes d'aquella ampolleta dins es ribell, i tot d'una se
pintaren dins aquella aygo tots es punts per on es
lladres havien menats es bous d'aquell, que les afinà
dins un sementer devora Lluch, qui llauraven.

Aquell homonet se'n va a l'acte a Lluch, se pre—
senta an aquell sementer, i diu:

—Aquests bous son meus. Si no elze m'entregau
tot-d'una, eu passaré a sa Jostici, 1 vos faràn mal-bé.

Aquell qui llaurava, quedà de pedra, sensa pa—
raula.

A la fi diu:

(1) Ho contà En Bover an es punt ja citat, i jo recort haverho sentit
contar per ca-nostra.
",NA
75,"68 RONDAYES MALLORQUINES

—Velostaquí an es bous, menaulesvosne ara ma- I
teix, i, per amor de Deu, no'm destapeutl

Aquell va pendre es bous i jcap a Manacor falta

gentl

Poreu fer contes si hi devia estar content d'En Tià.

Tenia motiu.

S 50.
Es pas des cuyros (D

Una vegada un amich d'En Tià, que era cala—
travi, comprà una partida de cuyros sensa mirarlos-—
se gayre, 1, com los se va haver mirats d'aprop, n'hi
hagué mes de la mitat de xerechs, que no mes ser-
vien per fer fems.

Se'n va a contarho an En Tià, que es planta de-
vant es cuyros, i elze diu: )

—Criatures de Deu, anau a aplanissar es qui vos. —
ha venuts, fins-i-tant que haja tornat an aquest ho- /
mo lo que li ha robat. (

Aquells cuyros prenen el vol cap an es qui los l
havia venuts, el m'apleguen, i jtochs i mes tochst 1 (
. — aquell malanat jerits i mes critsl

—Però 4què dimoni serà això Què pot esser
això2 deya aquell.

—iQuè ha de esser2 diu En Tià. Que si no resti-
tuiu lo que heu fet pagar des cuyros que no ès just,
no'n sortireu d'aquestal jvos faràn benes, aqueys
cuyrosli I

Aquell homo tornà lo que havia fet pagar an es. —
calatravi de demés, i es cuyros el deixaren en pau. l

8 51.
De com se va morir

Ja era tornat vey, i estava a So'n Suau per llau— l
rador de bous, i un dia diu a l'amo, que era s'avi
des meu avi, i que encara era jove: l

(1) Ho contà En Bover an es lloch ja citat, i hu he sentit contar d'al- i

) es Ho contaven mon pare i el sen Miquel Recó, al cel sien tots dos. I
I
",NA
76,"EN TIÀ DE SA REAL 69

—A ndreu, per tal dia tendràs un llaurador de
bous en lloch meu.

—I vos, diu l'amo, 4què heu de fer2 l

—Me'n hauré d'anar, diu ell.

—lI sper queè diu l'amo.

—Perque se farà precís, diu ell.

L'amo no'l s'escoltà i es vespre abans des dia que
En Tià havia dit que se'n hauria d'anar, diu a l'amo:

—3Ja tens llaurador en lloch meu2

—jQue he de tenirl diu l'amo.

—ldò s'arada estarà aturada, diu En Tià.

—él vos diu l'amo. :

—EsS que demà vespre m'he de morir, diu En
Tià, i, si vols esser an es meu enterro, vina demà
passat a la vila.

L'amo va romandre de pedra.

En Tià aplega ses varques i sa mica de roba que
tenia, i jcap a la vila manca gentl despedintse de
tothom.

Arriba a la vila,. entra a ca-seua, diu a sa dona
que no està gens fi, se colga, lo endemà ja no s'ai-
Xeca, comensa a posarse malament, criden es met—
ge, que, com el veu, diu:

—Cridau es confés i que'l combreguin. ,

Se confessà, el combregaren, i entrada de fosca
diu:

— i D'on vé es ventè

Surten a defora a mirarho, i no'n feya un alè.

Entren i li diuen:

—No'n fa un alè.

—No res, diu ell, duysvosne un brassat de paya
d'ordi, i anau dalt es Cos () a cremarlo, i ja repa—
rareu per ont pren es fum.

Eu fan així, i van a dir an En Tià:

—Es fum ha pres per tal vent.

—ldò encara no ès hora.

(1) Un carrer alt que hi ha devora l'esglèsia, que nomes té cases a
una banda i s'altra fa una tenassa i abaix s'estén es cos, el lloch destinat
per les corregudes de persones i bísties els dies de gran festa.
",NA
77,"———————— ————é—————éÉ—É a ——————————b———b—————————————————————
70 RONDAYES MALLORQUINES
l Des cap d'una estona torna dir: l
—Anau a mirar d'ont vé es vent.
Van a mirarho, i tornen, i li diuen: :
—De mestral. l
—Ara ès s'hora, diu ell. jEnceneu sa candela""'
L'encenen, es capellà se posa a dirli coses per —
aydarli a bé morir, gira ets uys an el cel, los clou,
tors es coll, i entregà l'ànima a Deu a's mitx des
plors i descapdell de sa dona i d'ets infants.
Deu l'haja perdonat a ell i tots los morts. Amèn.()
Es jay de sa lluna 2
l l
èNo heu reparat may que sa lluna fa una clapa. —
negrenca2

Idò jo vos diré lo que va esser, segons conten. l

Va esser que una vegada un diantre de jay pas—
sà per un trosset de vinya podada de fresch i sensa
xarmentar.

I iquè fa ell2
Aplega ses sarments, en fa garbons, les feixa, les
se carrega an es coll, i jcap a la vilal
L'amo de sa vinya, que hi anava a xarmentarla,
el troba, i li va venir de nou així mateix un jay ab
tanta somada, però ses derreres que tengué de sos-
pitarse gens. l

(1) Vetassí els noms de les glosades que deixà En Tià i que posa En l
Bover an el lloch ja citat:

I. Descripció de la temporada del any 1744 i siguents fins a
1750.Son autor Sebastià Gelabert (a) de sa Real de Manacor, Palma.

E. Trias. 1846, 8.2 de 33 planes. Consta la glosada de 122 sisenes, que des-
críuen la fam que hi hagué a Mallorca perque no plovia.

M. Vida dela Verge i martir santa Bdrbara: comedia mova en I
tves jovnadas i en vers precedida de un prolech Ms. fol. original, en I
poder d'hereus de D. Bartomeu Pascual.

II. Comedia de Sant Antoni de Viana tres jornadas. Ms. fol. ori-
ginal, en poder dels mateixos hereus.

IV. UVarta d'amor. Ms. fol. orig. en poder dels mateixos. Son 53 si-
senes, endressades a s'al'lota com l'havien de casar amb aquell altre. I

(2) La'm contaren mon pare i l'amo Antoni Vicens Santandreu, de
So'n Garbeta. Es una cosa que se conta a tots els nins.

xi ————————————lÉ———é———n Te sa el
",NA
78,"ES JAY DE SA LLUNA 1

Arriba a sa vinya, i mi hi troba sarments ni
garbons.

—jja ès aquell dimoni de jay, que la m'ha fetal
diu tot d'una.

I cap ala vila a veure si encara l'agafaria.

L'agafà, i li va dir:

—Escoltau, germà 43i vos no'm dirieu qui m'ha
xarmentada sa vinya i se'n ha duyts es cecbonat

—il ara a on me veniu2 respòn es jay tot remo-
lest. ijDech esser jo cap guardador de ses vostres
cosesi

—iJo lo que vos dich, que me pareix que vos
mateix vos hi sou fet, sensa esperar que vos hi fes-
sen, va dir l'amo de sa vinya. Í de tan be que les vo-
leu guardar, les vos ne duys a ca-vostra.

—èl vos a poch a poch que'm voldreu tractar de
lladre2 diu es jay.

—Jo lo que vos dich, respòn s'altre, que aquest
feix de garbons ès de sa meua vinya.

—Jo vos dich que no'u ès.
— —I jo vos dich que si. Veyam, 3que hu voldrieu
jurar que no hu ès robat2

—il de pressal diu es jJay. ySi que hu juri jMal
romangués penjat a sa lluna ab so feix, si ès robatl

Encara no hu va haver dit, com /aas/ romangué
penjat a sa lluna ab so feix de garbons.

Lallà està i estarà, Deu sab fins quant.

Bovetjauhi voltros ab so jurar i ab so dir: Mal
me toch aixó/ jMal me toch allò/
Ets aglans, ses carabasses i sant Pere V)

Quant el Bon Jesús i Sant Pere anaven p'el mon,
una vegada passaren per devora un hort a on hi
havia una parada molt llarga de carabasseres amb

(1) M'ho contà D Miquel Ferrer i de la Cuesta, Pre., de Ciutat.
",NA
79,"72 RONDAVES MALLORQUINES i
————————————É—————————— él —é——————— /
un esplet de carabasses dores, N'hi havia qual—
cuna com un covo, sensa ponderar gens. Llavò pas-
saren per dins un auzinar, i ses auzines duyen pen-
jat un esplet d'aguts que no eren tot berbes.

A sant Pere li vengué una idea, i no pogué estar /
que no la vessàs. /
l —Mon Mestre, digué ell, 4ses auzines tan refor—
sades i tan grosses, ab tant de socam com Deu ha
vist i ab sos aglans tan menuts, i ses carabasseres
tan allanguides i tan flonges, ab sa gran fruytota
seva, que fa tant d'embalum i pesa mes que elles2
il no aniria millor que ses auzines fessen ses cara—
basses, qui son tan feixugues, i ses carabasseres ets
aglans, qui son tan falaguers
— Vol dir trobes que així aniria millorè contestà
el Bon Jesús. /
—iNo hi havia d'anar, mon Mestrel... pl d'un /
bon trosl /
—No res idò, diu el Bon Jesús, jque sia així com /
tu trobesi /
Al acte ses carabasses d'aquell hort tornaren /
aglans i tots ets aglans d'aquelles auzines tornaren
carabasses, i vos assegur que era feresta sa vista
que feyen. À
Sant Pere, no vos dich res, va romandre ab sa
boca badada mirant tan grandiós carabassam.
—iSi que n'hi ha a voler, mon Mestrel deya ell
fent espants.

Però el Bon Jesús, daixo daixo, se'n anava de
d'allà seusa perdre cap passa, 1 vos assegur que n'hi
prenia de ventatge a sant Pere.

Sant Pere se'n tem, i trompitxa per agafarlo. /
Justament passà per devall una auzina que co— I
mensava a tenir ses carabasses madures. N'hi hagué
una que ho era de tot, i digué: /
—Per avall s'ha dit...
Se desfica des capoll, i pataplam/ cau demunt
es cap de Sant Pere, que just llavò passava per de-— .
vall. , /
/
",NA
80,"TT a ———— — — —- - — ——  e— ———— ———
ETS AGLANS, SES CARABASSES 1 SANT PERE — 13
—qiiAylll digué el pobret, i tot d'una se pensava
si seria s'auzina que li fos cayguda demunt.
Era sa carabassa diforja, que amb un poch mes
li engruna es cap: li va fer un parey de braverols i
perdre el mon de vista tot d'una.
—jAyl deya ell. jAy dichl
El Bon Jesús, fent es desintès se gira, i diu:
el DE SOU des aci a DR LE
ÈS això2 jque hi (00480, RS ss ES Rl TV.
ha hagut res de , NC) PRI PE
nou do) Mas RS ea
— Maldament NI t / ib te MS
no hi hagués ha- I É "") CON — — (I Ni
guttantl diu Sant j NO V RES so es
Pere. Una cara— és Un gdl i
bassa que — m'ès AN l En ax
cayguda demunt I) NN o.
es ca J LAN NA
p.. jJja no. — (4 NA NA pe
ha tengut altre $ N A Et
lloch a on caurel AN Nq EC
—iEncara tro- EN LB
bes, li demanà el. — XY Hi ""i Ni pl
Bon Jesús, que ed 1 LAN NA — —
va millor que ses 7/4447 i NN)
auzines fassen VV) NO) b sa) £
carabasses 1 ses V— 4 /4/ is El
carabasseres N VS ) L hd Tant
aglans R Met só
Ó Sant Pere tot "" Xa Pb, La
empeguelt, acalà.— . DS SI
es cap i digué: Fa Et ESE
—Me pens que i pata-plam cau demunt es cap de Sant Pere...
aniria millor així
com estava primer, així com ho havieu posat Vos.
—Idò una altra vegada no has de fer tan de sa-
but, digué el Bon Jesús, ni corretgir a la babatlana
lo que està fet.
I totes ses carabasses penjades en aquelles auzi-
nes tornaren aglans 1 ets aglans de s'hort carabasses,
",NA
81,"74 RONDAYES MALLORQUINES
li ses coses romangueren tal com el Bon Jesús les
havia posades primer, que per voltes que hi doneu
ès així com porien estar millor.
L'amo'n Biel Perxanch i la dona d'aygo """"

Devers l'any tirurany hi havia a Pollensa un fa—
drinardo mal casadís 1 de bon estament, anomenat
l'amo'n Biel Frau, qui era l'amo de ca'n Garrit,
des carrer de Montisiòn.

Campava be ferm, les dormia totes, se donava a
la vida vellaca i fora maldecaps, i per això li posa—
ren nom En Perzanch.

I ell en va sebre tant, que, en lloch d'enfadars'hi

si le hi deyen, en feya lulea.

Un dia a un que le hi digué, li feu donar beure.

la un ca de primera que tenia, li deya ell ma-—
teix: En Perxanch.

Era un penjat de marca, afectat de farses i de
fer tres dies de tot.

Un dia convidà ets al-lots des carrer a menjar
figues seques. Los se'n puja dalt es sòtil, i los umpl
de figues es pits i es calsons, que elze fermà devora
es turmells.

Mentres aquells z2ichs se'n devallaven ben con-
tents, ell se posà a cridar:

—jLladresi jLladresl

Ets al-lots, ja ho crech, parteixen corrents, tant
com en porien treure, i figa per aqui i figa per allà,
i raig i roy de figues en terra, i aquells allots de
d'allà, debanant a les totes.

Com se'n temeren ja no varen dur cap figa. Ab
s'estray des córrer, es faldars los sortiren i es fer— l
mays des turmells se'n anaren an el dimoni.

(L M'ho reculliren de la gent de Pollensa mos amichs corals Mn. Mi-
quel Costa i Llobera, i Mn. Bernat Cifre, (al cel sien tots dos) que ja ho
sentien contar com eren petits.
",NA
82,"L'AMO'N BIEL PERXANCH 1 LA DONA D'AYGO — 75

La gent des carrer sorti a veure què era tanta
corredissa. Com sentiren En Perxanch que cridava,
veren que n'havia feta una de ses seves.

Una altra vegada tenia un missatge novell, i el
se'n mena de bon mati an eu Vild, una possessió
seva, per que llauràs.

Se fa gran dia, 1 es missatge, veent que no hi ha-
via senya de berenar, diu a l'amo:

—L'amo, ji que no seria cosa de posar unes
quantes de ge

—Per avuy bastarà que fassem com que posarne,
per que no he pensat a dur res, diu es bergant.

Es missatge el se mirà de dalt a baix, i va veure
que se'n volia riure.

—jAixi va això2 diu ell. No res, ja farem com
que berenar, però jo també farè una altre cosa.

il què fa ell

Gira sa reya ab sa punta cap amunt, i ja és par-
tit, i bones llenderades an es parey.

Ja ho crech que, ab sa reya d'aquella manera,
no feya solch: no mes fregava sa terra ab s'esquena
de sa reya.

L'amo'N Biel se'n tem, i diu:

—3l ara, què ès això2

—iQuè ha d'esserl diu es missatge. Que fas com
que llaurar, ja que m'han fet fer com que berenar.

En Perxanch callà, se begué es cop, i va veure
que no hi poria bovetjar amb aquell revel-ler.

Li va treure es berenar, s'al-lot se posà be de pan-
Xa, i tot lo dia va fer feyna com tot un homo.

Però sa passada mes gustosa que succei an En
Perxanch fonch lo de sa dona d'aygo.

Ell no tenia criada, se guiava ell mateix, i ca—
seva era just una soll, perque no agranava ni adesa-
va may, de perxanch que era.

. Idò heu de creure i pensar que un vespre, com
arriba d'eu Vilà, me troba sa casa agranada i es so-
par llest.

Li vengué de nou així mateix, però no li llevà
des dormir.
",NA
83,"76 RONDAYES MALLORQUINES
Lo endemà vespre, se tornà trobar ab sa matei— l
xa endemesa, i digué entre si mateix:
—jVeam que serà això2.. No res, per ara'm diu
be... Ja ho veurem què serà...
iQuè me'n direu2
Ell es tercer vespre se trobà ab lo mateix, i aqui
digué:
—AixÒ no va pus: jo tench de aclarir qui ès qui
de Ba dema, m'entra i m'en-
EES ries RS an ll citrona la cosa.
REI RO demà
És P ne i — aa
IV) / ja $$ Es no obrí la casa,
JL 4 el Ges VM NO VA A Torà Vi-
an /) Sl i— —la,is'afica dins
L— Pi L RV, 3 — me: 3 Es
30 Mu / I FE Le ura aufà la que
Bes VV NE V/ sim — — tenia dins la ca-
me / MU) Res, — sa devora es coll
Es / NA V/I4 AA des pou, desde
De o l h I i Ni On, guavytant,
—— pi o i Ei pogués veure
En I / ES ter, ES x II, Gui li entrava. l
je e remei an uni vl l jj 1) I heu de creu-
ls l 4 ui MEL // Lsjp tel pensar que
EE 44 Mb NN Ú I es devers les onze
— jj, E—N L UA veu sortir de l
dr NN) ee dins es pou una
aa EC es —dona ben jove i l
iAlabat sia Deu, garridal Tu ioves eu cor de gu spa. com el l
i"" les pessones. sol, i ja fonch
partida a agra— l
, nar la casa i espoisar ses cadires, i tot ho adesava.
L'amo no pogué estar pus, treu es cap de s'au—
fàbia, guipa aquella pitxorina, i li diu: /
—jAlabat sia Deu, garridal tu robes ed cor de
les persones. Lo que's diu eu meu eu m'has robaj,
però de tot. l
—I iquè vols que't fassa2 diu ella, sonrient. )
—Que'm digues qui ets i d'ont surts. I
Si : EEEeaeS So
",NA
84,"L'AMO'N BIEL PERXANCH I LA DONA D'AYGO — 77

—jSom dona d'aygol diu ella.

—iDona d'aygo2 diu ell. Me sembles mes dona
de la casa p'eu tranch que tens per enllestir les fey-
nes... Sobre tot, 4vols esser la meva dona2

—En voler,—respón ella, ben rabent, però va
amb uns pactes: que no m'has de dir dona d'aygo.
Es primer dia que m'ho digues, no'm voràs pus.

—Feta està la barrina, diu En Perxanch.

Se casaren, i visqueren com Jusep i Maria una
partida de temps.

Ja tenien dos infants lo mes aixerits, i l'amo'n
Biel tot content, però, com manco s'ho esperava, los
vengué un entrevers. l

Sa dona un dia de Febrer se'n va an eu Vilà per
treure s'herba des favar, però, en lloch de treure
s'herba, se passà tot lo sant dia llevant ses flors i ets
uys de ses faveres.

L'endemà hi va En Perxanch, i veu s'endemesa..
Ja li va caure ben tort.

Gira en redò cap a la vila, resolt a fern'hi una a
sa dona, si era estada ella qui havia fet allò.

Entra dins ca-seva, la crida i li diu:

—il vares esser tu que llevares les flors i eus uys
de les faveresè

—De manera que si, respón ella. l

—il com t'hi atrevires

—Perque tan mateix aviat ha de fer una gelada
que tot ho hauria mort.

—i Vol dir antes que no hu mat la gelada, m'ho

has mort tu2... I què saps tu si ha de fer una gela—
da, gran no ninguna2

—Vaja si la farà, i grossa.

En Perxanch aqui, tot furiós, i sensa mirar què
deya, esclamà:

—iSaps què ets tu2... Una dona d'aygo del dimoni.

Encara no havia acabats ell aquests mots, com
ella ja :hagué agafats es dos infants, un ab cada
bras, i amb ells jpata-plum dins es poul

Ja no'n sorti ni l'han vista pus may.
",NA
85,"78 RONDAYES MALLORQUINES

Quant treuen aygo d'aquell pou, tan fondo i tan
antich, que senten aquell gloch—gloch, diuen que ès
la dona d'aygo qui singlota.

I qui no hu creu, que hi devall dins una gerra a
aiitalio, i se porà treure es gat des sach.

El Bon Jesús i Sant Pere i En Bruixa ""

An aquell temps que el Bon Jesús i St. Pere ana-
ven p'el mon, una vegada devers es segar s'aturaren
a Bànyols 0. L'amo se pensà que eren uns homos
qualsevols, i los escomet, per que li prenguen una
escarada de segar. ,

—Pere, iquè feym2 diu el Bon Jesús.

St. Pere hi feya nassos ferm, però, veent que el
Bon Jesús en tenia com a ganes, no gosà contradir.

Se pegaren de barrina sobre es sementer mes
gran, 1 la feren per trenta lliures.

—Ey poreu anar ara mateix, diu l'amo. S'aygue-
ra Q) ja vos durà dinar i càrritx.

—Idò allà l'esperam, diu el Bon Jesús.

I gira en coa cap an es sementer, 1 St. Pere que
li anava derrera, sogueu sogueu, amb una careta
ben mostia.

—jiPerò mon Mestrel arriba a dir. sl com hem
de segar, sense faus ni didals, ni manegots ni un
fòtil more

—3 No tengues maldecaps de això, homo sant de
Deul diu el Bon Jesús.

Arriben an es sementer, que feya goig de mirar,
tan gran, amb un blat que pegava p'es pits i a molts
d'endrets tapava ets homos, amb unes espigues d'un
forch i unes arestes d'un pam, estufades de tot.

(1) La me contà En Jaume Parets, de So'n Curt, d'Alaró.

(2) Possessió d'Alaró.

(3) Espècie de criada p'els segadors. Elze du el menjar i beure i el
càrritx a la segada. :

dE ec an
",NA
86,"EL BON JESÚS I SANT PERE I EN BRUIXA 19
—jVaja quin blat mes bol diu el Bon Jesús.
—Per l'amo, diu St. Pere. Ara per noltros serà

ben soberch.

—jCa, homol jno temestl Sa por no ès res,
d'aprop, si la volen veure.

—No, ell serà mes d'aprop que d'enfora, diu St.
Pere. Si no m'hi hagués d'acostar ab sa faus, m'en
faria poca de por, vos ho assegur...

—No res, diu el Bon Jesús, si no t ha de sebre
molt de greu, seguem una estona per des-suar...

—iGreu2 diu St. Pere—jBen content que'm fareul
iMaldament siguen dues estonetes, i tres i totl

S'asseuen, 1, conversa qui conversa, se fa mig—
dia. Compareix s'ayguera ab so dinar i es càrritx,
dinen, i refermen sa conversa, asseguts allà a s'om-
bra d'un noguer, amb una fresqueta, que hi feya un
estar de reys.

St. Pere no s'en poria avenir de que el Bon Jesús
no digués:

—jHala si anam a segarl

Però jben alerta ell a motar sobre una tal cosal
I allà conversa qui conversa, es mes descansats del
mon.

Una hora a passar, torna s'ayguera ab so bere—
nar d'enciam 1 mes càrritx, i, com les me troba en-
cara devall es noguer, sensa que fos coneixedor que
haguessen agafada faus ni tocat bri, jsabeu quins
uyots que feyal No hi faltà gayre per donarlos un
arrambatge granat.

—Mira, al-lota, diu el Bon Jesús, ja diràs a l'amo
que no anirem a ses cases anit. Mos ajocarem devall
aquest noguer, i tendrem mes fresca que dins es
sostre.

—Ja le hi diré, respón sa criada, i toca el dos cap
a ses cases, i diu a l'amo:

—jBons escaraders haureu trobats, l'amol

—iQue n'han tombat molt diu aquest.

—iMolt2 Tan molt que no han tocat cap bri. As-
seguts els he trobats devall es noguer com els he
",NA
87,"——
80 RONDAYES MALI.ORQUINES
duyt es dinar, i asseguts allà mateix estaven encara l
com ey som tornada ab so berenar, i els hi he dei—
xats, sensa cap senya de que volguessen escometre
es blat ab sa fausl

— jFosques d'aubal digué l'amo. jBona serà
aquesta, si mos surten fotges aqueys homosli

Lo endemà s'ayguera s'hi espitxà ab so berenar
i un altre feix de càrritx, i jja hu crech que los hi
trobà asseguts a la fresca devall es noguerl Demunt
es migdia les du es dinar, i a mitjàn cap-vesprees
berenar d'enciam, i sempre les trobà devall es no—
guer a la fresca, sensa cap senya d'haver agafada sa
faus ni tocat cap bri.

Aquella al-lota ja no poria aguantar pusi estava
un dos per tres per donarlos un aixabuch d'aquells
mes salats, però tantes eren ses coses que li venien
a sa boca i tanta sa maliciada que duya, que no sa-
bia per ont comensar. l

Com se varen haver acabat s'enciam, St. Pere l
arriba a dir: l

—Mon Mestre, si que hem de segar o no hem (
de segart l

—Tu hu diràs, respòn el Bon Jesús. 3Encara te
fa tanta por aquest blat2

—Por m'en farà sempre, fins que estiga segat,
si l'hem de segar noltros, però tench ànsia que
aquesta gent no mos troben sempre asseguts devall
aquest noguer. ,

—No tengues ànsia, homo, diu el Bon Jesús. Sa l
questió ès que, per posarmoshi a segar, vuy que li l
hajes perduda sa por de tot. No res, per avuy ja no l
hu paga, tan hora baixa com ès. Esperem demà. l

No vos dich res es sementer que feu s'ayguera a
l'amo sobre aquells escaraders des sementer gran. l

L'amo en comensava a tenir maldecaps, i resol- l
gué lo endemà anarhi en haver dinat, i, Si los tro— l
bàs sensa haver segat gens, tirarlos ses derreres, I
dirlos es nom des porch i engigarlos. I

Lo endemà demati el Bon Jesús diu a St. Pere: l

i
————————
",NA
88,"ae —— s
EL BON JESÚS I SANT PERE 1 EN BRUIXA 8

—Vaja, el te pots mirar be an aquest blat. Tens
de temps avuy dematí. En haver dinat mos hi po-
sam, i han de esser quatre grapades. Hem de res-
cabalar es temps perdut.

—ldò, si mos hi hem de posar llavò, diu Sant
Pere, casi casi convendria posarmoshi ara mateix.

—No sies tan cuytor, diu el Bon Jesús. En ha-
ver dinat ha d'esser.

.e —. Devers les vuyt s'ayguera les du es berenar i un
feix de càrritx i los torna trobar a s'ombra des noguer.

Si l'amo no l'hagués privada de dirlos res si los
trobava aturats, los s'hauria menjats, tan de ventre'n
duya.

I no vos dich res des mig-dia, com los dugué es
dinar, i les se va veure allà mateix. Les deixa es cà-
rritx i es dinar, i gira en coa tayant claus.

Ells dinen, i, dinats, el Bon Jesús diu:

—iHala, Perel jJa pots esser partit a escampar
aquests feixos de càrritx, i desfer es cavayons, a fi
de que es vencisos estiguen a punt quant sia s'hora.

—jiPerò, mon Mestrel diu St. Pere. 3I que no hem
de segar, primer2 l

—Tu creu i deixa fer s'ànsia per mi.

St. Pere va creure, i phala a escampar feixos i a
desfer cavayons i a estendre vencisosi i deya entre
si mateix:

—Ja hu vorem En Gelat aont se geuràl

iQuè m'en direu2

Ell el Bon Jesús agafa una pedra foguera, treu
foch, i en cala a un cornaló des sementer.

Al punt hi hagué una flamada feresta i una fu—
massa espantosa, que, com mes anava, mes prenia.'
Al temps de dir tres pare-nostros tot es sementer va
estar encès, i fum i mes fum.

L'amo, que ab ses comandacions que s'ayguera

li havia dado s'hi entregava manades fetes, com

colombrà aquella fumassa 1 va veure tot es sementer

qui cremava, deixà es caminar p'es córrer, cridant

tothom com un desesperat per que hi acudissen a
T. V—8
",NA
89,"——
82 RONDAYES MALLORQUINES
apagar es foch, invocant el Bon Jesús i Maria San—
tissima i tots es Sants per que aturassen aquella fo—
quetèria.

Tota la gent que hi havia dins Bànyols i per
aquells contorns, comparegueren an es foch, co—
rrents tant com en porien treure. Casi hi arribaren

tan aviat com l'amo, i romangueren tots ab sos ca—
beys drets i esglayats, 1 l'amo mes que tots, perque,
com foren an es sementer, no trobaren foch ni casi
gens de fum, sino tot es blat segat i dre fetes i
lligades, i posades tan be, que feyen filera de tots
es vents.

El Bon Jesús i St. Pere se presenten a l'amo, i el
Bon Jesús diu:

—Era aquest es tracte que tenieml jVoleu rebre
sa segada2 ,

L'amo digué que sí, així com va porer, perque
estava tot estorat 1 se feya creus d'aquella passada
tan grossa.

S'en anà a ses cases a dur ses trenta lliures, els
ho donà, i se'n anaren cap a Sta. Maria, deixant tot- l
hom espantat i esglayat. l

Camina caminaràs, els agafa sa nit devora s'hos-
tal d'En Bruixa, i s'en hi van a romandre.

Lo endemà per pagar s'hostalera, el Bon Jesús
se treu ses trenta lliures.

Com la dona veu aquella doblerada, ets uys li
botien, i el dimoni /sas/ ja hi va esser per tentarla
contra el setè i el novè manament.

Tan forta fou sa tentació, que, com el Bon Jesús
i St. Pere s'en anaren, tengué sa poca criansa de
demanarlos cap aont prenien. Le hi digueren, i se'n l
va an es seu homo.

—Mira, li diu, ey ha una bona tibada que fer
amb aquests dos que se'n'caben d'anar. Com m'han
pagada, s'han tret un serronot de dobblès que fa por.
M'han dit cap aont s'en van. Ja pots esser partit a
enmascararte, i amb so trabuch surtlos a l'encuan-
tre, i los saupes es serró, i ja no tendrem pus mal—
de-caps des viure.
",NA
90,"EL BON JESÚS 1 SANT PERE 1 EN BRUIXA 83

Sa bistia d'En Bruixa se va creure aquella béula.
S'enmascarà ben enmascarat, i ab so trabuch a s'es-
pal-la, ja ès partit, frot trot, a trencar el devant an
el Bon Jesús i St. Pere.

Al punt los assoleix, pega bot dins es cami de—
vant ells, i tot apuntantlos es trabuch an es pits los
enfloca:

—Es dobbès o la.....

No hu pogué acabar de dir, perque el Bon Jesús
hi feu la senyal de la creu, i En Bruixa tornà un ase
gelat, amb una bona cadena p'es coll.

El UI dr
P SU — fe Ms ss -
Sea R. ps AN idees des
Ai sn rey FI A ja
Is o I I I Ó lt UV) :
Es a CR, Miss PL
Se or Ve EA Pet, I mM Ò Í
ES 4 Per RT 4:
i, 01 RN MM
La SA ET Ne SR E//
AN ESE.
IN EV EA IN ESE Ú
7 Ve Le LS Le - PY Ó eres ant
o A : ocfe —— Op de B Mell
apuntantlos es trabuch an es pits...

—Ijasi diu St. Pere. 3l aquest ase d'ont mos com-
pareix ara2 4 no era un homo que s'era plantat de—
vant noltrost 30 ets uys m'han fet dose

—Deixehu córrer, diu el Bon Jesús. Agafa sa ca-
dena i mene'l an En Gelat, que prou bon servici
mos farà.

—iJa hu crechl diu St. Pere. 3l que no deu es—
ser colcadorf Perque no mos vendria gens malament
porer colcar colque mica.

—No res, diu el Bon Jesús, pose'thi, si estàs
cansat.
",NA
91,"84 RONDAYES MALIORQUINES .

St. Pere s'hi posa com dos i dos fan quatre, i
jerri, Gelatl i bon cops de cadena, i de d'allà.

Passen per So'n Grau, que hi feyen ses cases
noves.

—Mestres, diu el Bon Jesús an es picapedrers.
4No mos llogarieu aqueix ase per traginar mitjans,
pedres i mescla2 l

—Si-fa, diu es mestre major.

Se peguen de barrina, i la feren per trenta lliures,
i l'havien de tenir fins que s'obra estaria acabada.

St. Pere l'entrega an es mestre, i amb el Bon
Jesús de d'allà a trescar el mon.

Ja vos assegur que En Gelat en va veure de ver-
des i de madures, 1 que s'en va dur de garrotades i
de panxades de feyna 1 de fam, que fins i tot li pla-
nyien sa paya i s'aygo. De faves ni civada no n'hi l
deixaven veure may, quant i mes acostarleshi.

Sempre el feyen traginar amb sos escorbeys, i
el carregaven tan fort, que va arribar que no'n tenia
gens de pel per s'esquena, perque s'en anava aferrat
an es mitjans, pedres i senayes de mescla. Tant s'en l
anà, que, com era blanch, ses cas2s de So'n Grau l
sortiren blanques, i encara hu son. Figurauvos com
devia estar sa pobra esquena d'En Gelat.

Sobre tot, com s'obra ja s'acabava de tot, el Bon
Jesús i St. Pere en passen i es mestre major los diu:

—jOyl ique veniu a cercar En Gelat2 l

—iSi heu fet d'ell, sil diu el Bon Jesús.

—El vos ne poreu menar, diu es mestre. Ja mos
enginyarem pe'sa misèria que mos falta. Esperau,
vos pagaré.

Les dona ses trenta lliures, i St. Pere pren sa
bistia per sa cadena, i de d'allà amb el Bon Jesús.

El Bon Jesús va fer de passar p'es mateix punt /
a on En Bruixa los havia envestits ab so trabuch.

Com ey foren, fa la senyal de la creu an En Ge-
lat, i En Gelat torna En Bruixa, que romangué cap
baix i mes empegueit que un porch. l

—Mira, Bruixa, diu el Bon Jesús. Fa dos anys l
",NA
92,"EL BON JESÚS I SANT PERE Í EN BRUIXA 85
que aqui mateix mos envestires per pendremos tren-
ta lliures que noltros dúyem i que no eren teues.
Ve'ntaquí altres trenta, que t'has gonyades aquests
dos anys fent feyna a So'n Grau. Aquestes son teues,
aquestes te faràn profit.

En Bruixa les va pendre, i gira en coa cap a
ca—seva, i desde aquell dia va esser un homo de be,
fent feyna per ell o per altri, i fent servar es llum
ben dreta tots es de ca-seva, comensant per sa dona,
que prou ho havien mester.

Es canet de sant Llatze 7

Si per fora vila un no's pot acabar es pa que du, i
no veu cap pobre per donarlehi, no l'ha de tirar may,
sino deixarlo demunt una roca o dins un forat p'es
canet de St. Llatze.

No hu heu reparat que aquest sant té un canet
que li llepa ses nafresè

Idò diuen que aquest canet es vespres se'n va
per assí i per allà i aplega tots aqueys bocins de pa
que li deixen, i així té mes bona saliva per llepar
aquelles nafres.

I n'hi ha d'altres que's creuen que, en lloch de
lleparleshi a St. Llatze, les hi roega, i li deixen es
bocins de pa per que se'n assaciy i deixi anar tal
roegadura.

Ses serps de Mallorca 2

Ses serps aqui no mes ey poren estar set anys,
i cada any, en venir es maig, muden sa pell. I

En fer es set anys, si no se son mortes o no les
han esbenades, s'embarquen, i los surt una cabeye-
ra d'un pam.

I qui no hu creu, que hu vaja a cercar.

(1) M'ho contava ma mare, al cel sia, i per Manacor, ho conten arreu
a tots ets al'lots.

(2) A Manacor i pobles veynats eu conta tothom,
",NA
93,"I
x
L'Abat de La Real ""
Això era un abat de la Real que estava molt
gras, homo pacifich i de bon prou.
El Rey, que estava mes magre que un canyís,
i Pais i, com veu l'abat que feya tan d'embalum,
— li diu:
—iCom dianxa està tan gras Vossa Paternidat, 1
jo tan magrel
—il això no veu2 diu l'Abat. Es que Vossa Reyal
Magestat té molts de mal-de-caps, i s'hi afica massa,
i jo, si'n tench, les sé pendre s'embocadura.
An el Rey li vengué de nou tal sortida, i pensà
entre ell mateix:
—él aquest P. Abat que se'n deu voler riure de
mi2 jCom esvel:-la veral que n'hi he de fer una, que
hu veurem si n'hi durà de mal-de-caps i si hu tendrà
bo de fer pendrelos s'embocadura.
Sobre tot, conversaren una estona ab l'Abat, i
com se'n despedia, li digué:
—P. Abat, demunt lo que Vossa Paternidat m'ha
l dit que es mal-de-caps cio h entren, li fas a sebre que
dins tres dies m'ha de d'haver contestades aqueixes
tres preguntes: 1."" què valech jo, en dur es millor
vestit que tench, 2."" quin temps necessitaria un a
cavall per voltar el mon, i 3."" m'ha d'endevinar es
meus pensaments. I va amb uns pactes: que si me
dona sa resposta que pertoca an aquestes preguntes,
el pesarem d'or, i tot serà per l'Abadia, i si no hi sap
respondre, el faré embarcar per beneyt.
I dit això, el Rey ja li ha estret cap a Ciutat.
L'Abat romangué sensa paraula, i no vos dich res
si n'hi entraren de mal-de-caps, 1 si li feyen ses pes-
sigoyes endins, i, com mes anava, mes.
(1) La'm contaren ma mare i D. Ramón Orlandis i Maroto, al cel
sien tots dos, i Na Bet Quelona de So'n Servera. La Real era una aba-
dia de monjos bernats de devora la Ciutat de Mallorca.
l
I
R Ú
",NA
94,"L'ABAT DE LA REAL 87
jQue havia de dormir aquel vespre ni es que
vengué devantl i sempre capficat i pensa qui pensa
amb aquells dimonis de preguntes.

Es monjos se'n varen tèmer, i li demanaren si hi
havia res de nou.

—Deixaume fer, deya ell. I ja'l tornaven tenir
capficat, i, com mes anava, manco afinava ses tres
respostes.

Es dia que feya dos, es vespre, l'homo no po- .
gué agontar pus: crida es monjos i les diu lo que
passa.

Com aquells monjos el sentiren, també quedaren
capturats, sensa veurehi sortida per cap vent an
aquell ca bermoni.

A la fi digueren:

—No la veym en cap de ses maneres sa resposta
d'aqueixes preguntes, 1 aquí ja hi ha que jugar es
tot pes tot. Lo mes avengut seria cridar tota la Co—
munidat, i dirlos lo que passa, a veure si n'hi haurà
cap que mos don un camí que mos trega de sa mala
petja a on estam enrocats.

El P. Abat eu fa així: crida la Comunidat, i con-
ta lo que li passa, i que, si dins vint i quatre hores
no ha contestades aquelles tres preguntes, l'embar-
caràn per beneyt. —

Com la Comunidat sentí aquell reclam, ningú
badà boca, fins que s'aixeca es coc, i diu:

—4Que puch dir una paraula2

— Mentres siga d'això, si, —diu el Pare Abat.

—Idò la diré, diu es coch: P. Abat, jo m'enca—
rrech de respondre an aqueixes tres preguntes, amb
uns pactes.

—iQuins sonè diu l'Abat tot d'una, fent un gros
alè.

—Que m'ha de deixar ets seus hàbits vossa Pa—
ternidat.

—Feta està sa barrina, diu l'Abat.

Poch ey mancà per tothom esclafir de riure pen-
sant quin paper faria es coc, que era un magrel-lo,
",NA
95,"88 RONDAYES MALLORQUINES
just ab sa pell i ets ossos, que casi no feya ombra,
dins ets hàbits del P. Abat, tan cepat i gruixadot.
Lo endemà es coch s'afica dins ets hàbits de
l'Abat, i ja hu crech que li rossegaven, i n'hi hau—
rien cabuts tres mes de cochs com aquell. ——
Pren es bobiot cap a ca'l Rey, i diu an es criats:
—Digau an el Sr. Rey que som aquí.
—l iqui sou vos, germanetl digueren es criats
com varen veure aquells grans hàbits i sa mica d'ho-
mo que elze rossegava. ..
—Un monjo de la Real, digué ell, no fent cas de
l ses riayes que goytaven pe'sa boca de tots es que
tenia devant.
Es criats se'n van an el Rey, i li diuen:
—Senyor, assi defora hi ha un monjo de la Real
que'l demana. (
—jAhl Ja sé quin ès: el P. Abat, digauli que se- l
ga una una micoya, i avisau tota la Cort, que s'ès
mester.
S'aplega tota la Cort i el Rey, vestit ab sa roba
millor que tenia, s'asseu an es trono, i diu: I
—Que entr el P. Abat de la Real.
Entrà, i el feren seure a's mitx, cara per cara
del Xe
Tothom deya com el varen veure:
—3l això feren Abatè jEll pugen mes ets hàbits
que no elll jLo que ès roba no n'hi faltal...
—Callau, diu el Rey. iNo feya tan poch comú,
no, ha tres diesl jBen gras que estava elll iSon tres l
: preguntes que m'ha de contestar, que l'han des-sus- )
tat 1 li han fuses ses popesi l
I l'homo deya amb ell mateix: 2 I
—ijVes què tal si li son entrats es mal-de-capsi l
Lo que és s'embocadura no'ls ho ha sabuda pendre l
aquest pichl jMe sembla que li servirà per vegadal
Aqua la fi, mes sèrio que una patata, diu an el Pare
at: l
—iVajal jiSa primera preguntal què valech jo
amb aquest vestit que duch2 i
—————————————— ————— o —- I
",NA
96,"L'ABAT DE LA REAL 89

—3Què val diu aquell que tothom creya l'Abat.
—Vint i nou diners ().

Tots com sentiren allò, i el Rey es primer, foren
com uns picats de aranya.

— Què vol dirè cridaren tots, gel Rey no mes
valer vint i nou dinersè

—iSi senyorsi diu l'Abat: jvint i nou diners, i no
pusi Jesucrist que era Deu, el veneren per trenta, i
trob que posar el Rey a un diner manco que el Bon
Jesús, no és posarli poch preul

Com el Rey i la Cort sentiren aquesta, clogueren
boca i varen tòrcer es coll.

—No hi ha remey, digueren tots, sa pregunta

està contestada, per bé que branquetgem.

—No res, diu el Rey, sa segona pregunta: jquin

temps necessitaria un a cavall per voltar el mon2

—Li diré, diu l'Abat, si es cavall feya tanta de

via com es sol, ès ben segur que en vint i quatre
hores, l'hauria voltat. 2

Tothom també quedà de pedra devant tal sortida,
1 no pogueren defogir d'haver de confessar que sa
Pregtnia estava ben contestada.

l Rey ja no les tenia totes segures. Confiava
així mateix de sa fercera pregunta, que creya impos-
sible d'endevinar, perque jqui ès capaç de penetrar
es pensament d'un altre2 deya ell. : ,

—No res, s'esclama el Rey, anem a sa pregunta
qui fa tres: ga veure què és que pens j02

(1) Segons la versió Orlandis, la primera pregunta o questió era
que havia de fer riure el Rey, i suposen que el monjo llech, com entrà, feu
aposta de caure, i s'embolicà de mala manera dins els hàbits, que ni's
Sr aixicar ni treure el cap, i que tothom va esclafir de riure, i el

ey el primer. Com el llech sentí riure el Rey, tregué el cap i s'aixeca tot
d'una i digué:—/a l'he fet riure. I el Rey aquí va perdre les rialles.

(2) Segons la versió de ma mare, la segona pregunta era: Quantes
de senayades de terra hi hauria an es puig de Randa, i suposen que
l'Abat, això ès el coch, contestà: Si sa senaya fos tan grossa com es
Puig, n'hi hauria una senayada.

Segons la versió Orlandis, la segona pregunta era: 4 on es a's milx
del mon2 i suposen que el llech s'alsa de la cadira, se'n va a un recó de la
sala, i digué:— Aquí es a's mitx del mon, i, qui no hu creu, que hu mit.
I tothom s'estimà mes creurehu que anarho a midar.

Tant a un cas com a l'altre, donaren per ben contestada la pregunta.
",NA
97,"90 RONDAYES MALLÒRQUINES
"" (BI ES — pe (er — 2
Die STS qi as
35 l'e UA LE dl I gutl) NE
LAUIE l cl, , qua A, pocs i A ó
Viç il Cel EU MC)
USA lA AA I I CO RS AN Ray
LS EL AE CN RE L fi
EN da er ZH) hi Me. eh ra P3)
vi i en I La Ed
(IAM I ETA Z'imey El l
SAM
LM MN
NN ya ES ESA MI
ST 411) ere ESA D.
Risc VS ee UV CD) Pesel Mer
Rda P ea st sera
—IQuè ha de pensarl diu l'Abat, jQue jo som l'Abat de la Real:
—iQuè ha de pensarl diu l'Abat. /Que jo som I
l'Abat de la Real/ l
—iNo'n mancaria mes que fos un altret digué el
Rey tot rabent i figurantse haverlo safalcat.
—lIdò sàpia Vossa Reyal Magestat que som un
pobre monjo llech que fas de coch a l'abadia.
l aquí:tira ets hàbits de l'Abat, i romangué just
ab sos seus.
Allò si que hi vengué de nou a tothom. Sobre tot,
el se miraren bé, i hu veren que no hu era l'Abat,
sino es coch de l'abadia.
I de tota la gran sala s'alsà aquesta veu:
—Sr. Rey, no hi ha remey, ha endevinat es pen- l
sament a Vossa Reyal an 1a tots noltros. Tots
mos pensàvem que era el P. Abat i ès es coch. I
Aqui el Rey digué: l
—INo hi ha remey, aquest coch mos ha donat es —
broul ,Ventura que ès jJeuger, i no hi entrarà tant
d'or a sa pesadal jSi té sort d'esser el P. Abat, mos
buydava's tresor/
A l'acte se'n hi van an es tresor, pesen es coch l
d'or, tot dobles de vint i de sis i de dotze lliures, i l
mm ——bÉ ——É— ene ee ———————é——  — J
",NA
98,"er
L'ABAT DE LA REAL 91
quatre criats del Rey les dueuerea en dues senayes
a la Real, i es coch amb ells mes content que un
Pasco, i encara es viu... Si no s'ès mort.

I el Rey no tornà tenir pus ganes de posar ques-
tions ni fer contestar preguntes a l'Abat ni a cap
monjo de la Real ni d'altra banda.

(Ah idòe Qui les cerca, les troba.

Ets allots de So'n Porch 2
8 de
S'anada a Matines

A So'n Porch, possessió de Manacor, de sa ban-
da d'Artà, molt abans de s'any de sa neu, hi havia
un parey d'al-lots tan seuvatges, EE fins i tot els
cans no los podien agafar. S'eren fets dins sa garri-
ga, i no sabien ni coneixien mes mon, que So'n
Porch.

Un any a un el se'n menaren a Matines la nit de
Nadal, i va esser un escàndol ses coses que va dir i
que va fer.

Com l'entraren dins l'esglèsia, fort i no't mogues

o que allò era una cova, i que aquella gentada el se
voldria menjar, i hu volia donar a ses cames.

L'arriben a apassivar, i surt sa missa des gall.
La deya es Rector, ab ministres, i tot d'una encen-
saren l'altar. ,

—jjasi diu es de So'n Porch. Ell pareix que hi
ha altar fumat i missa de tres.

Llavò repara ets escolanets ab sos ruquets, i es—
clama:

—il al-lots ab cassots, que hi veig""

Llavò afina un parell de capellans, bonet posat
que encensaven es Betlem, a on hi havia el Bon Je-
suset nat, 1 me diu:

(2) M'ho contà ma mare, al cel sia.
",NA
99,"Ld
92 RONDAYES MALLORQUINES

—il aquests ab ses bèqueres Groga:

L'homo sentia es renou que feyen ses cadenetes
de s'encenser, ab ses engronsades. Tot d'una se pen-
sà que era un tamborino, i diu:

—No, ell ey ha tamborinades per llarch, i fum
an es nin a rompre.

Es nin era el Bon Jesuset des Betlem. J

, - Es qui li estaven devora s'esclataven de riure, i
li deyen: ,

—iQue no calles, tros de banch2

Bo estava ell per callarl

Com es Rector va dir Gloria in excelsis Deo i
Dominus vobiscum, i es del chor li respongueren, i
es ministres cantaren s'Epistola i l'Evangeli, llavò
foren ses bones. Se va creure que el chor era un
ressingle a on estaven una partida encastellats, i
que es cant que feyen, era que deyen ses mil llàsti—

. mes an es de baix, i que aquells de l'altar no havien
pogut agontar pus, i los responien, 1 que eren pu—
jats demunt aquell altre ressingle, mes petit, sa tro-
na, per ferse sentir millor.

Veu que es Rector se lleva sa casulla, i diu ell:

—il ara aqueix se lleva sa pellissal 3Veyam què
farà2

Veu que se'n va demunt es ressingle petit, i se
posa a predicar.

—i Aixi va això2 diu ell. Ara mos enculparà a tots
de sa malici que li han feta. No m'aplegarà a mi.

Ho dona a ses cames, i es seus companys no'l

. pogueren detenir.

Fins a So'n Porch no s'aturà de córrer. — -

I no parava de dir:

—i Re cent mil raccions de guimesi pDe bona me
som escapatl

$ 2.
Com un se'n anà a confessar
8l què'n direm de s'altre germà seu2
Sa mare un dissapte li digué: l
I
",NA
100,"I
ETS AL'LOTS DE SO'N PORCH 95

—Te'n hauries d'anar a la vila a confessarte

qualque pich.

—lI iquè he de fer per confessarme2 demana ell.

—Lo que faràn ets altres, ja ho veuràs, diu sa
mare.

—I 4a on ès que hu fan an això2 demana ell.

—JA l'esglèsia, tros de banchl diu sa mare.

—3l què és l'esglèsia2 diu ell.

—Es una casa molt gran i que hi sol entrar mol-
ta de gent. No bades, i hu afinaràs.

L'homo se'a va a la vila, i, cerca qui cerca sa
casa gran, volgué la mala sort que passàs per de-
vant sa posada des Comte d'Ayamans, sa casa mes
garan de Manacor.

Justament aquell dia es fiy des Majoral OO s'era
casat, feyen unes grans nosses, i tot eren convidats
qui entraven a la casa.

Aquell de So'n Porch s'ho mirava, i diu:

—Ja hu veig, això ès l'esglèsia. iSi que n'hi en—
tra de gentl

Què me'n direu2

Ell també hi va entrar, s'asseu a sa taula ab sos
altres convidats, i vos assegur que no'l deixaren de-
rrera. Bé'n dugueren de plats, que no'l reteren.

i Vaja quina panxada que pegàl

S'hagué de desengafetar es calsons, i, com s'al—
sarea de sa taula, no se poria atxefegar.

Li costà ferm arribar a So'n Porch.

Com sa mare'l va veure, li demanà:

—iCom és anat això2

—Bé de tot, digué ell. jSi que és una cosa bona
confessarsel jJo no hu'via tastat, nol... Sobre tot, ja
ho direu en porerhi tornar.

Com sa marell senti, se malpensà: l'oi de contes,
i va veure que se seva confessió era estat un dinar
de nosses.

(1) El dependent que els senyors de possessions tenen per vel'lar els
arvendadors o amos de dites possessions a fi de que les menin bé segons
l'escriptura d'arrendament. El Majoral sol estar a la casa que el senyor
té an el poble a on son les possessions,
",NA
101,"94 RONDAYES MALLORQUINES
—Mira, li digué, diumenge hi hauràs de tornar,
i no a ca's Comte, sino a l'esglèsia, que és just allà
devora, però ès una casa mes alta i mes gran que
totes. Te'n hi entres i veuràs confessionaris ensà, i
enllà, qui son com a barraquetes de fusta, i llavò
sentiràs una campaneta, i te'n vas, confessat, allà
ont l'hauràn sonada, i te donaràn la comenió.
El diumenge qui vengué devant aquell bidui pren
21 i. ç bobiot cap .
: NM anacor, i aques
Dr Ve GR (all Deò-
l glèsia.
(2 El Entra p'es por-
ANA Esp ee EA) tal de ses dones:
en. RS RR — veu que totes van )
-—t qe ds) is ( a muyar sa mà l
Mel Xa ni AM — dins sa pica de
è Y— / l J Li EM s'aygo beneyta. l
VAN A SS. S'hi acosta, i no
aj 2 41h Mo sols hi enfonya sa I
l 5) I Ú / 1 MI m0, sino tot es
l EN IM/Y// A Mg bras, pega una
du 4 L'Pa (94 L partida de gra—
Ce, Ai Ll pades, i tot s'es—
ts — A LE 114 uità..
I BE RTA RN LA) DS Noies:
UR IS AND Lmey, diu ell: jno
BS NA Ne Ap mes ès romàs es
Fd 3. Meu AMI RN broul... jja se'n l
Sonava sa campaneta de la comunió... han duytes totes l
i ses tayadesl l
Se pensava que allò era una greixonera d'au— i
fegat.
Veu ses barraquetes de fusta, se planta devant
una, i no se'n poria avenir que, tot d'una que una
dona se decantava d'un costat de sa barraqueta, ja.
n'hi havia una altra d'atracada a s'altre costat o un l
homo que envestia aquell de dins sa barraqueta per I
devant, i allà xep-a-xep. l
Ú
———— LE a el
",NA
102,"Pe
ETS AL'LOTS DE SO'N PORCH 95

Bé escoltava l'homo, però no poria arribar a en-
tendre res.

Sonava sa campaneta de la comunió, i ell tot—
d'una, tot generòs cap allà, s'agenoyava ab sos al—
tres, combregava, i /sas/ ja'l tenien plantat devant
una altra barraqueta de fust, tot embadalit de veu-
rehi tanta gent arremolinada i que es xep-a-xep no
acabava may, un cop per sa porteta, un cop per un
costat, un cop pe S'altre.

'Fornava sentir sa opi de la comunió, i
ihala petit a combregar de bell noul i llavò ja badar
devant una barraqueta de fustal

Com tothom se va esser confessat i combregat,
i buydaren cadascú a ca-seua, aquell tocà soletes cap

a So'n Porch.
ee —iCom ès anat aixòe li demanà sa mare.

o —Bé, va dir ell. An es xep-a-z2ep no m'hi han
deixat arribar, però de coquetes, no sé quantes me'n
he passades. Cada pich que n'han partides, som
arribat a una.

A sa confessió li deya es xep-a-zep, i a ses hòsties
coquetes.

eHo veys si ho era fet ab sa destral i embastat
ab s'aixa2

Per això encara ara, per denotar que un és molt

seuvatge, agafat ab cans o amb un gambaner i que
no sap ses coses que tots ets altres tenen per ma, so-
len dir:

—JEll ès com ets al-lots de So'n Porch:

EL REY EN JAUME
DINS LA VIDA DEL POBLE MALLORQUÍ
Lo Rey En Jaume, nat a Montpeller l'any 1208, conquistador de
Mallorca l'any 1229, del reyne de València l'any 1258 i del reyne de
Múrcia l'any 1266, que entregà a son gendre N'Anfós X de Castella,
plasmador del Poble Mallorquí i del Poble Valencià per les franque-
ses i ordinacions de bon govern que elze dictà, i mort a València
",NA
103,"96 RONDAYES MALLORQUINES l
l'any 1276, romangué ab tant de relleu dins la memòria de la gent I
mallorquina com a pare i patriarca de la nostra nissaga, que brolla-
ren de la Musa popular dins l'ànima mallorquina tot aquest delitós
enfilall de contarelles de les èpiques gestes d'aquell Rey incompara-
ble, que hem replegades de boca del poble i que inclouem dins lo
present volum.

S1.
La primera proesa del Rey En Jaume (D
Com el rey En Jaume era petit que anava a es— l
cola, un dia se desavé amb un altre al-lot, i aqueix
li enfloca aquesta: l
—iQuè has d'anar a dirè i no tens pare. l
Se'n va ell tot-d'una a sa mare, i li diu:
—Ma mare, 3i això ès ver lo que m'ha dit un )
al-lot que jo no tench pare2 jDigaume tot lo que hi
hal Per amor de Deu no m'amagueu resi
—j En tens de parel li diu sa mare. il prou que'n
tensl Però es moros el mos prengueren, i el tenen en-
grillonat dins una còva de sa Gruta de Manacor. 2
—jAquesta m'ès vera2 diu s'al.lotó. /
—Maldaient no hu fos tantl diu sa mare.
D'aquell dia no'l veren riure ni jugar pus.
Bé li demanaven què tenia, no li porien treure
altra resposta que aquesta:
—En fer es setze anys, vos ho diré.
Es dia que cumpli es setze anys, crida tota sa
seua gent, compareixen tots es cap-pates, i los ho
diu ben clar i llampant que està resolt d'anar a treure
son pare de sa cova de Sa Gruta, i que o el treurà
0 hi deixarà sa pell, i qui'l vol seguir que'l seguesca.
(1) M'ho contà el sen Jaume Calses, de. So'n Servera, que va esser l
molts d'anys oguer de ca nostra.
Aquesta tradició recorda la castellana de Bernardo del Carpio, que
suposen fill de Jimena, germana del rey Anfós II el Cast, i del comte
Sandias, i com el rey aclarí la feta, feu tancar el comte dins el castell
de Luna, i el del Carpio, com va esser gran i va sebre la cosa, dugué a
cap mil heroicidats per conseguir del rey que li donàs son pare, traentlo I
d'aquell castell, fins que a la fi ho logrà quant el pobre comte ja era
vell i sensa vista. Veyau l'estudi preciós que'n fa En Milà i Fontanals Ú
dins La Poesía heroico-popular castellana, cap. III.
(2) Possessió entre el port de Manacor i So'n Servera. )
I
ta gai a a a es Ag.
",NA
104,"LA PRIMERA PROESA DEL REY EN JAUME 97

Tots li digueren que'l seguirien aont-se-vuya fos.

iQuè me'n direu2 Ell donaren dia per partir, i
es dia senyalat negú faltà, i ja foren partits cap a
Sa Gruta.

A bans d'arribarhi, afinen es moros dalt un fortí,
aquell grandiós talayot (). que encara s'hi conserva.

De moros n'hi havia mes que mosques, però
aviat el Rey En Jaume ab sa seua gent los va haver
esveits tots.

N'afina una còva plena, i ja S'hi és aficat, i ets
seus derrera ell, i jyentim an es morosl que queyen
com a calabruix, i es qui porien, eu donaven a ses
cames fentse mes endins. I el Rey En Jaume derrera
ells i, en arribar a cap, jsas/ una bona espasadal i ja
veven botir un carabassot de moro.

Al punt els hagué capxifollats tots.

Arriba an es cap d'endins de sa còva, i m'hi afi-

na un homonet engrillonat:

—iQuè feys aquí2 li demana, tot remolest.

—Som un rey cristià, que fa setze anys que vaig
caure en mans des moros, me tregueren ets uys
amb esquerdes de canva i m'aficaren pues de gara-
nyoner an es caps des dits, entre carn i ungla, i me
deixaren engrillonat aqui dins, sensa veure sol ni
lluna pus, i nom duen mes que un poch de pai
aygo0, 1 encara hi ha dies que no hi pensen.

Com el Rey En Jaume sent tot això i veu tota
aquella tragèdia, li costà molt, ben molt, contenirse,
i va dir an aquell homonet:

—il negú teniu que venga a treurevos d'aquí dinsè

—No mes tench un fiy, diu aquell, que ja deu
esser grandet. N'estich ben segur de que és llest,
arditi acorat, 1 que, si ell sabia aont me tenen, ven-
dria a treure'm, anc que el dimoni en passàs.

Aqui el Rey En Jaume no pogué aguantar pus:
s'aferra per son pare plorant i cridant:

(1) N'hi ha un de molt gros, que'l veuen d'una hera lluny perque el
terreny es molt pla. :

T. V—7
",NA
105,"98 RONDAYES MALLORQUINES

—jMon paret meul jSom jo es vostro fiyl jja es-
tau libert Ju no n'hi ha cap de moro viu per aquil

Li llevaren es grillons, el varen treure d'allà dins,

i el se'n duyen a l'ayre triunfalment, i tothom que
s'hi arremolinava per veure'l d'aprop, cridant:

—iiiVivolll ii Vivollt OO

I el pobret que plorava d'alegria, i poreu fer
contes si n'hi sabia de greu no veurehi, i no porer
contemplar aquell fiyet seu i tota aquella gent seua.

Sa polseguera que va alsar el Rey En Jaume ab
tota sa seua gent amb aquesta feta de vèncer es moros
i de treure son pare de sa còva, se'n pujà per amunt l
i per amunt fins que pegà an el cel, i hi romangué l
aferrada i tota resplendent, per això se diu sa ca— (
rrera del Rey En Jaume. l

S 2.
ES puig de ses bruixes i el Rey En Jaume

Com anau de Lluchmajor a Algayda, trobau dins
So'n Saleta un puig en forma de formiguer, tot una
roca, ple de crivells i regates.

Si hi pujau, devers mitjàn lloch hi trobareu una
cova rotja. Ú

Diu la gent que d'allà dins sortien ses bruixes en l
temps des moros, i que per això an aquest puiz li Ú
deyen i li diuen de ses bruixes.

Si'n passava cap carro per allà baix, es parey ho
havia de fer de tot per treurell.

Diuen que era que ses bruixes s'hi encamellaven l
demunt, sensa que les vessen, i, com eren mes que l
mosques, assolaven es carro, que no hi havia qui el l
rossegàs.

. (1) Es un cas de subjuntiu -0. Tal sistema de subjuntiu encara sub-
sisteix a Catalunya occidental (v. gr. Volen que jo puge, que tu pujos,
que ell pujo, pugem, pugeu, pujon). La forma vivo del llatí vivat es an-
tiquíssima, pertany a l'època en que la forma incoaliva no havia inva-
dits gran part dels verbs de la 3 i 4.2 conjugació, quant deyen: Jo viu,
que jo viva, en lloch de lo que deym ara: j0 viscn, que jo visca. Per això
a Mallorca fins fa poch temps, en lloch de vísca/ cridaven Vivo/

(2) A Mallorca anomenen així la Via lactea.

(3) M'ho contaren mos bon amichs lo Rt. D. Agustí Puig, Pre., i
D, Antoni'Salvà, micer, de Lluchmajor.

l Z a ee Í ee A JA di
",NA
106,"ES PUIG DE SES BRUIXES I EL REY EN JAUME —99

És cristians que el Rey En Jaume deixà per po-
blav Mallorca com l'hagué presa, anaren a donarli
part d'això de ses bruixes.

I zquè fa ell

S'en vengué, i amb un parey de capellans i un
escolà i ab sa carrossa se'n van an aquell puig per
maleir ses bruixes, i que no'n quedàs nèscia.

Se'n hi puja ab sa carrossa, i a sa cucuya hi

planta la creu.
RA se les:
ds ED ao Dm / e./j RM RED SO qN
Ca sc NM )// VE A, / NE MU
LT CREAR NU, fu)
i RA NN A AS
AO ÇÀN Le i CI a
UV SU El di
o SE Mi i
o U/// ES
AN SN l S/N 0 4 RSS
Mentres tant es capellans feyen sa seva tasca...

Mentres tant es capellans feyen sa seva tasca, i
s'escolà, de por que tenia de no esserhi demés, se
posà demunt un altre puig veynat, que per això se
diu es puig de s'escold.

D'aquelles bruixes no'n veren pus la pols ni
noves.

No anaven de creus ni hi volgueren peres ab sos
capellans ni amb el Rey En Jaume.

Ab so pujar i devallar sa carrossa per aquell
puig, ses rodes feren aquella partida de regates que
encara se veuen.

És qui hi son estats, me poden guardar de mentir.
",NA
107,"——É—É —én É———íÉ———é- LL L— LL — LL ——  ——é————— É La ae ae na —— —— 3
100 RONDAYES MALI.ORQUINES
S 5.
Sa llenegada des cavall del Rey En Jaume (P l
Derrera es convent de ses Monges d'Inca, a sa
costa des molins, surt una timba a flor de terra i fa
una regata, una espècie d'arregussay. Ú
Diuen que va esser que el Rey En Jaume, com
perseguia es moros per esveirlos de Mallorca, un —
dia era dalt es Puig Major, i los me veu devers Inca.
él què fa ell tot d'una
ENS EE es —
ga Pids € aa QS EE a a Pres — :
TR 4 dd Ra NS rn
I PP N Qi è J ro , i x P4 Y
RN /Z MN SL SR Pa LS Re i Ed
DA 8). NS) se MI PS ES dn Qi NN Nas Ú
RR EI IR LARA La. ——
À IN, qf RS Ll NY, (ar Vi y 4 Na ON (és Sr A Ú
ea RA ES Ç ib $ ss eu SN. ESE cons
NÒ U an Do x 3 MN /)/ ç
J Pes È VARY) PN Ma RA x es — Mes
RAONS Me 2
VA SOD 0) 1 ts) x P Ç a ra
: f AN (La E, P LAN ay . f AC, di Ba) at
AN RSE A, -
a ES EA ee ——— LS
LAN (P as
xa , es 1 (1/1 A dra NE Cl, ES ea ——
xa rn / É, Es ls SS 3 ll L ea A —l
RORS US IN ENS
(ACN // CINC ELS EN
a x SN (VA A, Na pd Li
La NE de RA
An es moros al punt los hagué assolits... Ú
l
Pega esclafit i esperonada an es cavall i es cavall ——
llongo, i se tirà just demunt aquella timba.
20, Í
Es cavall llenega d'una pota, i tan fort aferrava,
que va fer aquella llenegada, aquell arregussav, que
encara s'hi veu ben senyati ben coneixedor.
An es moros al punt los hagué assolits, i es bo-
cins mes grossos que en deixà foren ses oreyes.
Ell no s'hi posava per poch, no, aquell Rey.
Ni s'en porien riure gens.
(1) M'ho contaren mos amichs D. Gabriel Llompart, Pre., catedrà-
tich del Seminari, i D. Nadal Garau, prev., naturals d'Inca, que los ho
contaven com eren al'lotons.
",NA
108,"o call as a a
3
i
SES POTADES DES CAVALL DEL REY EN JAUME I0I
i 8 4.
- Ses potades des cavall del Rey En Jaume ()
hd En es coscoys, per on passa sa partió entre Ma-
rvratxi i Santa Maria, se veuen uns clots com a po-
 Etades de cavall, i quant pujau an es castell d'Alaró,
er devers mitjàn lloch, si ho mirau bé, també n'hi veu-
Lreu de clots dins ses penya, que ho pareixen pota—
ve des de cavall.
1 Diu la gent que les hi va fer es cavall del Rey
: En Jaume com perseguia es moros de la muntanya,
vi des puig de So'n Cos de Marratxi amb un llongo se
- tirà an es Coscoys de Santa Maria, i amb un altre an
es castell d'Alaró.
i 8 5.
5 , El Rey En Jaume i es Teix 2
I Pareix que el Rey En Jaume patia d'aufegó, i se
£ — passava temporades an es palau que tenia a Vallde-
do mossa, i, per alenar aire pur i ben net, se'n pujava
molts de dies an es Teix, aquell puig altiu i soberch
que empina sa seva cresta devers es Coll de Sòller,
o part-demunt casi totes ses altres cucuyes de sa nos-
— ta Muntanya.
h Un dia d'estiu, com el Rey passava per devant
eo So'n Pan-cuyt, li surt un homonet vey, amb un tas-
o SÒ d'aygo, com un crestay, mes fresca que la neu,
de sa font de Na Ropit, tot dientli:
—jBon dia tenga, senyor Reyl jVetaqui aygo
fresca, treta de sa font, de sa meva mal jLa tastl...
Li assegur que ès de primeral...
El Rey En Jaume la tasta, la troba bona de tot,
i, glech—glech, fins que n'hi hagué dins es tassó.
(1) M'ho contaren mos amichs els preveres D. Bartomeu Alcover i
D. Francesch Forteza, que ho han sentit contar mil vegades per Santa
Maria, i D. Juan Rosselló, de So'n Forteza, d'Alaró.
(2) El qui m'ho contà, ho sabia de sa Madona Coloma de Ca'n Niu.
Això del mal d'asma que la tradició popular atribueix an el Rey En Jau-
me, ho conta l'història del nostre Rey Sanxo.
",NA
109,"102 RONDAYES MALLORQUINES

El Rey tot agrait, alliberà de deume tot aquell
redol, i per això diuen que no'n pagaren pus en tot
alló.

Mirau si va valer de molt aquell tassò d'aygo 1
fresca. i l

S 6.

De com el Rey En Jaume va pendre es castell d'Alaró ()

iQuin mallorquí hi ha que no haja vist may, de
prop o de lluny, es castell d'Alaró, aquest puig
aguyonat que guayta part-demunt ets altres, coronat
d'aquell penyalar soberch, altissim, boyrós, gro-
guench sublim, com una torre colossal encastellada
allà dalt per dominar Mallorcaè Aquest penyalar
se'n puja centenars de pams tavat a plom per tots es
vents fora per sa banda de mestral, aont sa cresta te-
rrosa que munta des puig veynat, el tapa i s'estén
per tot es tossal reblit de pins, auzines i altra garri-
ga, fent de peanya i catifa a la Mare de Deu del Re-
fugi, que just a sa cucuya té un santuari venerable,
aont pugen es devots i ets amichs de ses perspec-
tives estupendes i des panorames sublims.

Idò aquest castell era des moros com vengué el
Rey En Jaume, i ja hu crech que els ho volgué
pendre. I

Bo estava ell per deixarloshi cap-llevarl I

Sobre tot, ja els ha envestits ab so seu exèrcit —
pe'sa banda des cami que hi pugen, que no n'hi ha
d'altre. l

Es moros, que sempre atalayaven perque massa ——
se veyen sa arruixada demunt, figurantse que el
s'havien de fer seu ab quatre grapades, ja son partits
per avall per avall a capturarlo.

És contes elze sortiren errats. Ab tot i dur tanta
de fua, no'l pogueren fer recular una passa, foren
ells que varen haver de recular, perque no hi porien

: (1) M'ho contà mon amich En Pere Sampol i Ripoll, que com era
al'lotinoy ja hu sentia contar a la gent per Alaró. I
",NA
110,"DE COM EL REY EN JAUME VA PERDRE ÉS CASTELL.., 103
estar persones nades devant el Rey En Jaume i es
seu cavall, si era per batallar.

Aont les tengueren fort va esser allà on comen-
sen es graus de s'escalonada, a mitjàn coster, d'un
rost espantós. Idò per aquella empinada costa s'enfi-
lava es cavall, i hi deixà ses potes senyades, que
encara ara s'hi coneixen i prou.....

I aquell animalet per amunt i per amunt com un
aucell, i el Rey En Jaume, espasada va i espasada
vé a dreta 1 a esquerra, i caps de moro a l'ayre, 1
cossos xapats en creu, i sanch per llarch que brufa-
va aquelles penyes 1 s'erba que s'hi congriava, que
encara n'està clapada...

Si hi anau, i mirau arreu per devora aquelles
potes senyades a sa penya, hi veureu un erbum,
molt atapit, clapetjat de vermey fosch.

Qualsevol alaroner vos dirà que allò ès de sa
sanch des moros.

Què me'n direu2 Ell el Rey En Jaume anà fent-
se sempre per amunt i pev amunt, i es cristians, ja
hu crech, derrera ell, 1 es moros, es qui no eren bo-
cins o no redolaven rost avall malferits i calcigats
des cristians, prengueren escalonada, i jper amuntl
a ta acarse dins es castell. Però el Rey Eu Jaume els
anava tan aprop que no elze deixà tancar sa porta,
i se'n hi entrà ab tots los seus.

Es pobres moros sols se pogueren escapar del
Rey En Jaume tirantse dalt-a-baix d'aquell penyalar.

Per no ferse mal s'hi amollaren ab so cap dins
una aufàbia.

Figurauvos, en pegar abax, què s'havien de fer

moro 1 aufàbia.

Es bocí mes gros no era com s'oreya.
",NA
111,"—— rey : 1
104 RONDAYES MALLORQUINES
ST.
S'avench d'en Corbera (D
Ben aprop de ses cases de Canet d'Espòrles, ey
ha un grandiós avench, que tiva ben endins cap a
Ciutat.
S'hi havien d'amollar ab cordes, però ara es se—
nvor ey ha uberta una mina, foradant sa pedra viva
i hi poren entrar peu pla.
Se conta que, com el Rey En Jaume tenia sitia—
da la Ciutat, es moros s'hi amollaren per tayar s'ay-
go a s'exèrcit sitiador perque sabien ells que ses
venes de sa font de la Vila venen de sa Granya, l
d'allà dessà Esporles, i passen per baix d'aqueix
avench, i contaven ferhi una mina per tayarles.
El Rey En Jaume se'n degué tèmer i ès segur
que els ho va esborrossonar, gràcies a Deu.
$ 8.
Una àguila i el Rey En Jaume P)
, I
Sembla que com el Rey En Jaume hagué desem- l
barcat an es Pentaleu, aquell illot pelat que s'alsa l
entre sa Dragonera i St. Tem, aont va pendre redòs
com venia a conquistar Mallorca, passà volant vo-
lant una àguila que duya ab ses arpes un aspet, un
peix per l'estil d'un congre, 1, com va esser a s'en—
dret del Rey, l'amollà, l'agafaren, i el Rey el se va
fer fregir, i ben bo ue el trobà.
— Perque s'àguila deixà aquest peix an el Rey, per l
això s'àguila se diu reyal. l l
8 9. l
Sa pica des cavall del Rey En Jaume /
A s'illot des Pentaleu hi havia un cocó, que hi Ú
cabien un parey de gerres d'aygo, que semblava fet ,
(1) M'ho contà mon amich coral D. Lloatxim Gual de Torrella, se-
nyor de Canet, aont sempre lia sentit contar aixó.
(2) M'ho contà Mn. juan Ensenyat, d'Andraitx, que va esser vicari l
de S'Arracó, i diu que tothom de per allà ho conta. I
I
l
san
———— - —
",NA
112,"SA PICA DES CAVALL DEL REY EN JAUME 105
aposta, i deyen que era sa pica aon abeuraven es
cavall del Rey En Jaume quant aquest ey desem—
barcà, tot venint a conquistar a Mallorca. S'era con-
servada intacta aquesta pica fins que es republicans
de l'any 1868 ey anaren a ferla bocins.

A-les-hores era Vicari de S'Arracó Mn. Juan En-
senyat, i una dona hi anà plorant a contarli aques—
ta... heroicidat revolucionària, lo endemà d'esserse
seguida, segons m'ho ha contat ell mateix.

S 10.
Sa primera missa an el Pantaleu ()

Diuen que s'hi va dir es temps que el Rey En
Jaume hi estiguè aturat com venia a pendre Ma-
llorca an es sarrains.

4 S il.
Sa pedra sagrada P)
Com anau de Palma a Andratx, que heu passat
es coll de sa bataya i preniu es cami de Calvià, a
man-dreta, a unes cinquanta passes des camí, hi ha
una pedra, ben revenguda, amb una creueta de fe-
ro aficada demunt: se diu sa pedra sagrada perque
conten que allà se celebrà sa primera missa com el
Rey En Jaume va desembarcar per pendre Mallorca.
S 12.
Ses Montanyes des Tresor
Com vos n'anau de Sant Llorens des Cardessar
a Artà, trobau a ma esquerra ses muntanyes de
(i) M'ha assegurat Mn. Ensenyat que això ès lo que creu i diu la gent
d'Andratx i S'Arracó. Segons el mateix Rey conta en la seua Crónica,
cap. 49, passà un diumenge an el Pentaleu, i, com ell sempre menava
capellans amb ell, lo mes provable ès que hi diguessen una missa allà.

(2) Aquesta tradició ès general a Calvià i Andratx, i concorda ab

lo que conta el Rey dins sa Crónica, cap. 61-63, que lo endemà del desem-
barch, se celebrà missa dins la seua tenda, i el Bisbe de Barcelona en-
dressà un sermó ben afuat a tota l'ost, i que En Guillem de Moncada
combregà eplorant i cayentli ses lagremes per la cara2.

(3) M'ho contaven mon pare i el sen Miquel Recó, de Manacor, al

cel sien tots dos.

Aquesta tradició pot esser un eco de la cavalcada que dins el mars
",NA
113," L—— q— er
106 RONDAYES MALLORQUINES
S'Auma, que fan un grandiós penyalar capserrat l
mirant a xaloch, i la gent les diu ses muntanyes des
tresor.

Conten que es moros, com veren que el Rey En
Jaume s'acostava cap a Artà, i que tot eu arregussa-
va, ino hi havia qui el capturàs, amagaren dins
aqueix peuyalar tot s'or i sa plata que veven que tan
mateix los escapolarien, ab s'idea de mes envant
treurehu d'allà dins, en cas de poder tornar a alsar
xella.

Però, com no n'han poguda alsar pus a Mallorca,
després de tants de cents anys aquell tresor segueix
dins aquevs penyals, esperant qualcú que vaja a
treure'l.

Es qui eu vulga provar, té el cami franch.

iHala, qui s'hi atansal jfora porl

S 15.
Lo que va succeir com el Rey En Jaume estava
a ses portes de la mort (D l

jJa les ne va sebre de greu an es moros que el
Rey En Jaume los tregués de Mallorcal No hi havia
qui els aconortàs.

Prou que'n tenien de ganes de tornar, però els
havia escalivats massa fort el Rey En Jaume, i no s'hi
atansaren a tornar mentres ell va esser ple de vida.

Com va esser molt vey, les arribaren noves de
que era caygut malalt, 1 que ja estava a ses derreres l
de tot.
de 1230 feu el Rey En Jaume amb una part de la seua ost a les munta-
nyes d'Artú, ET gen de presa la ciutat, i que ell conta dins la seua Crò-
nica, cap. 100-103, que acorralà es sarrains dins dues coves i s'hagueren
de rendir per catius en nombre de dos mil i va atrapar 10.000 vaques i
30.000 ovelles.

(1) duet tradició recorda lo que conta En R. Muntaner dins al

cap. XXVII de la seua Crònica, que, trobantse el Conqueridor. la derre-
ria de la seua vida, malalt a Xàtiva, veentse aprop un exèrcit de sarrains,
manà: cAra tost puix llevar no'm puch, ixca la mia senyera, i feyts por- I
tar mi en una anda entro siam ab los moros malvats .. E així com ell ho
mana, aixís feu:. Però son fill En Pere hi va arribar primer, i va arron-
sar completament els sarrains.
l
my i I RA ue de P P L I des
DE
",NA
114,"LO QUE VA SUCCEIR COM EL REY EN JAUME... — 107

Aqui el Rey moro arma una partida de galiotes,

S'hi embarca amb una mala fi de gent, i desembar- :
quen devora Sa punta de NM Amer. ()

El Rey En Jaume hu sap, i diu:

—jPosaume fermat demunt es cavall, i deixau-
mos ferl

No hi hagué altre remey que ferho així, perque
el Rey En Jaume s'hi mirava molt en so manar una
cosa, però, en manarla, s'havia de fer, sortís des
llevant, sortís des ponent.

Sobre tot, el fermen ben fermat demunt es cavall,
que no pogués caure, i amollen an es cavall.

I heu de creure i pensar que aquell animalet ja
Gs partit de quatres, com la bala, cap an es morosi

Es moros el colombren de lluny, i s'esclamen,
tot estorats:

—iQuè es això2 4l això no ès es cavall de l'Em—
perador2

Així anomenaven ells el Rey En Jaume.

Com mes s'hi va anar acostant, eu veren ben clar
que era ell, i les va entrar una por tan feresta a tots,
que no pensaren mes que en donarho a ses cames.

—jQui's pot salvar, que's salvit deyen tots, fogint
cap a ses galiotes, tan depressa que's pegaven ab
sos talons pe'ses anques.

S'embarquaren, 1 icap a Alger manca gentl

I sa por que tenien que aquell dimoni de cavall
no prengués per dins mar, i no'ls afonàs totes ses
saliotes amb una potada.

El consideraven capàs d'això i molt mes.

S 14.
Lo que comanà el Rey En Jaume com se moria i lo
que succeí com va esser mort 2)

Com el Rey En Jaume estava per a morir, va fer
aquesta comanda:

(1) Devora So'n Servera. :
(2) M'ho contà cl mateix sen Jaume Calses.
",NA
115,"108 RONDAYES MALLOR QUINES
—Mirau, en esser jo mort, m'embalsamareu, i
sempre que venguen moros, posaume fermat de-—/
munt es meu cavall, i amollauli, que ell mateix ja ——
sabrà que ha de fer. i
Se mori el pobret com un sant, al cel sia elli ——
tots es morts, i tothom plors i descapdelll i negú se'n
sabia aconortar. l

L'embalsamaren així com ell havia manat, i el l
guardaren ben guardat com si fos un gran tresor. /

Ja hu crech que es moros, tot-d'una que hu va-—
ren sebve, en feren una gran festa.

—iBé mos val deyen ells. jAra pendrem sa re-— /
venjal jCap a Mallorca tothom: I

Ompliren una partida de galiotes, i jcap a Ma- l
llorcal I

Desembarquen devora Sa punta de N'Amer, es l
cristians se'n temen, fermen es cos del Rey En Jau--—
me demunt es cavall, i li amollen.

Aquell animalet ja ès partit de quatres, com un
llampech de d'allà cap an es moros, que al punt el
colombren, i se posen a div: 4

— Què serà allò que s'acosta s'acosta s'acosta, l
com un cavall2 gSaps que hauria d'esser l'Empera-
dor ab so seu cavall pFiauvosne que no hu sial
jAnauvoshi a posar ab l'Emperador ni ab so seu —:
cavalll i

Sobre tot s'aturen i se posen a l'aguayt per lo que /
pogués esser. i
Mentres tant, es cavall ab so cos del Rey En I
Jaume s'hi acostava, s'hi acostava, i duya tanta de
fua i anava tan encès, que pareixia que les s'havia l
de menjar tots an es moros. I

Com aquests veren clar que era ell, no l'espera-—.— J
ren gens, sino que giraren en coa, fogint come lle-—— .
bres que es cans encalsen, cridant: i

—j Eu és es dimoni de l'Emperador a cavalll pl
deyen que era mortt jBona casta de mortl jNi mav /
que no's morirà aqueix dimoni d'homol jÍ si no feym
via, mos arronsa a totsl. jQui's pot salvar, que's salfl
",NA
116,"LO QUE COMANÀ EL REY EN JAUME... 109

Sobre tot, tanta de via feren a fogir, que com es
cavall ab so cos del Rey En Jaume arribà a sa vo—
rera de la mar, tots es moros ja eren dins ses galio-
tes, i aquestes se'n anaven veles esteses de d'allà cap
a Alger. (D

De llavò ensà ja no hu han provat pus es moros
de pendre Mallorca, ni hi ha que tenirne por men-
tres conservem es cos del Rey En Jaume. P)

S 15.
El Rey En Jaume an es Teix 9)

Diuen que com el rey En Jaume estava dalt es
Teix per posarse bé de s'aufegó que tant l'atrope-
llava, cada dia se'n anava a missa a s'esglesieta de
Sant Peve d'Escorca, devora Lluch.

iSi que volia devoció cada dia fer tant de camil

S 16.
Recordanses del Rey En Jaume dalt es Teix (P

De ses cases des Teix pujant p'es bosch cap a
llebetx i passat es bosch, troben ses casetes del rey
En Ja4ume, de parets molt gruixades ab finestres es-
tretes de defora i amples de dedins. Diuen que el
Rey En Jaume hi estava.

D'allà, si preniu cap a xaloch, a unes cent passes
troben es cossiet del rey En Jaume, aficat dins una

(1) Aquest fet es lo que conta el romancer castellà del Cid, que, com

fou mort a València, el posaren embalsamat dalt Babieca i sortiren amb
ell els cristians a combatre l'exèrcit del Rey Bucar, nombrosissim, a on
hi havia vint reys mes, i tots foren vençuts, i, triunfants així els cristians
pogueren sortir pacificament de València, retirantse ab D."" Jimena i el
cos del Cid a Castella. Se veu que aqueixa llegenda trobà eco a Mallorca
0 a Catalunya i que el poble atribuí tal fet an el Rey En Jaume.
. (2) Aquí se veu la confusió que fa el poble entre el Rey En Jaume I
tel Rey En Jaume II de Mallorca, que ès el qui està embalsamati ente-
rat a la nostra Seu. Dins la memòria del poble mallorquí no hi ès romàs
En Jaume II, ni el Rey En Sanxo ni En Jaume III, no hi ha mes que el
Conqueridor, an el qual atribueixen tot lo bo d'aquells altres.

(3) M'ho contà el sen Jusep Rullàn, Curt, de Deyà. També s'ha de
referir aqueixa tradició an el rey En Sanxo.

, (4) M'ho contaren a Bunyola. Se veu que aqueixa tradició no's refe-
feix an En Jaume Í, sino a son net En Sanxo.
",NA
117,"1I0 LONDAYES MALLORQUINES
tenassa a una barbacana que xumora i saúnya i fa
com un degotís. i

Si seguiu una mitja hora endevant cap a Binifo- l
rani, trobareu sa cadira del rey En Jaume, cavada l
dins sa penya, i que hi fa bon seure ferm. l

SANT VICENS FERRER
dins la memòria del Poble Mallorquí I

Després del rey En Jaume /o Conqueridor, no ès duptós que
Sant Vicens ès lo personatge mes eminent de la nostra nissaga. Nat
a València l'any 1350, frare dominich an els denou anys, n'estudia l.
dos a Barcelona, i dos a Lleyda, l'any 1384 rep el grau de Mestre
en Teologia, n'ensenya a la Seu de València fins l'any 1391, el rey
En Juan Í el pren per Conseller Aulich i la Reyna per Confés fins 3
que l'any 1395 el Papa d'Avinyó Benet XIII el crida per Mestre del E
Sagrat Palau. Sentintse Llegat a latere del mateix Jesucrist, deixa he
la Cort Pontificia l'any 1399 i ja ès partit a predicar per totes les. — -J
nacions de l'Obediència d'Avinyó, convertint per tot arreu milenars L
d'ànimes, sobre tot jueus i sarrains dins Espanya i Càtars i Valde- Q
sos dins França i dins Itàlia Septentrional, i l'aclama tothom com si
Angel de l'Apocalipsis. Tot eren viles i ciutats que el cridaven per 3
predicarhi. El seguien centenars de penitents i una partida de pre--—— di
veres per confessar la gent que's convertia. En haver dita la Missa. — / ""
predicava cada dia, i a voltes no just una vegada, sino tres i quatre. I
Els Jurats de Mallorca el cridaren perque vengués a predicar, que -J
prou s'era mester per posar retgit an el desgavell polítich, social i di
moral que aquí reynava. Vetasgí com descriu l'escels Quadrado Si
(Islas Baleares, p 242) l'apostolat del gran Predicador a Mallor--—
ca: dLlegó el Maestro Vicente Ferrer en 1 P de setiembre de 1415, xq
acogido més que con júbilo, con verdadero culto, y la lluvia que al
tercer día de su predicación atrajo sobre la agostada tierra fué y . :
prenda del efecto que iba a obrar en los corazones el rocío de su i
palabra: no cesaron en un mes dentro de la ciudad los sermones, H
las rogativas, las procesiones nocturnas, las flagelaciones genera- "",
les, y recorriendo en seguida el llano y la montaiia, no quedó villa — (34
ni aldea donde no resonase su voz apocalíptica, ni iglesia que aun i
no ostente entre sus antigiedades el carcomido púlpito bendecido ul
por el santo. Templos y calles y campiias estàn llenos de tradicio-
nes milegrosas relativas al taumaturgo valenciano, que no se despi-

ds dl
",NA
118,"SANT VICENS FERRER l UN CARBONERET til
dió de Mallorca hasta el 22 de febrero siguiente, reclamado oon ur-
gdencia por el monarca 2

Les tradicions miracloses an-e que aludeix En Quadrado, son
les que posam a continuació, replegades de tots els endrets de Ma-
llorca.

Tornat Sant Vicens an el Continent continuà la seua vida apos-
tòlica, com no s'era vist may ni s'ès vist pus dins Espanya, fins que,
haventlo enviat el Papa Martí V amb una missió pontificia an el
nort de França, dia 5 d'abril de 1419, a Vannes de Bretanya passà
d'aqueix mon a l'altre, i Caliste III el canonisà l'any 1455.

Sl.
Sant Vicens Ferrer i un carboneret ()

Una vegada Sant Vicens Ferrer se'n anava a un
port per embarcarse. Com ja n'era ben aprop, pas—
sant per dins un bosch, topa un carboneret que te-—
nia esment a sa sitja.

S'escometen, 1 Sant Vicens li demana:

—l ique no feys gens d'oració may an el Bon
Jesúse

—Si, pare, qualque poch, diu es carboneret.

—lI iquè li deys an el Bon Jesúsè diu Sant Vicens.

—jFoyl diu aquell: una oració que me mostrà
mu mare com era al-lot pusser.

—Veam, iquina ès aqueixa oració2

—dJo vos ho diré. Cada dia demati, en aixicarme,
i es vespre, en colgarme, dich:

—jO Senyor, si sempre vos'gués ofès, i may vos
""gués amatl jO si sempre vos'gués ofès i may vos
'gués amatl

—jiPer amor de Deul clamà Sant Vicens com
senti tals barbaridats, jno digueu pus això, germa—
netl jNo hu digueu pus, que hu devs capgiratl Heu
de dir: jO Senyor, si may vos'gués ofés i sempre vos
'gués amatl

—i Vol div ès així dessà que hu tench de dire de-
mana es carboneret.

(1) M'ho contà mestre Geroni Sureda, de Sta. Eugènia.
",NA
119,"112 RONDAYES MALLORQUINES

—Si, germà, així com vos ho he dit jo.

I St. Vicens le hi va fer dir derrera ell. l

—Idò hu direm aixi, s'esclamà es cavboneret.

St. Vicens el deixà, i ab quatre passes ja fonch. —
an es port, s'embarca, i sa nau de d'allà per endins.

Llo bo va esser que es carboneret, des cap d'una
estona diu:

—Meam jcom ès que m'ha dit aquell frare que
he de dir s'ovació2

— jOh Senyor, si sempre vos'gués... ofès...o
amat... ofès... Ara no me recorda així com ha dit
aquell Sant de Deu que hu'via de dir... jBona l'hem
fetal... Ja puch esser partit correns a veure si V'agaf,
i que m'ho torn diri

Dit i fet, ja ès partit de quatres cap an es port.

Destria sa barca, que ja era mar en dins i ben
atacada que s'espitxava.

—No res, diu ell, correré fins que l'haja agafada.

Arriba a sa vorera de la mar, i ja hi esbronca
per endins, sensa reparar a res, i jbons llongos per.
demunt s'ayeot lo mateix que si fos terra plana, Ide ——
d'allà cap a sa barca, cridant com un desesperat:

—jlUeyl mariners de sa barcal juey dichl jatu-—
rauvos un poch, que s'ès mesterl jaturauvos, dich,
per amor de Deul Ú

Es de sa barca l'arriben a sentir, i, com el repa-
raren que s'en venia corrents per dalt s'aygo, que-——
daren ab sos cabeys drets. Griden St. Vicens per
que el veja. Com St. Vicens goytà i el me veu que
ja arriba a sa barca, li diu:

—Germanet, ji què és això2 4que teniu res de
nou2

—iMaldament no tengués tantl diu es carbone-
ret. Es que no'm recorda com heu dit que he de dir
aquella oració. Ú

Sant Vicens devant aquell miracle de sa fe des
carboneret que'l feya caminar per dalt s'avgo sens
enfonyars'hi gens, va dir:

—Germanet, no'n tengueu pus maldecaps: di-
",NA
120,"SANT VICENS FERRER Il UN CARBONERT 5
gaula així com l'heu dita sempre, que massa clar
se veu que Deu n'està ben content.

—No res idò, me'n torn a sa sues va dir ell, i
gira en coa i jde d'allà carrera ubertal fins que
fonch a penyes 1 llavò ab quatre llongos se tirà a sa
sitja.

I segui dient aquella oració tan capgirada com
sempre fins que's mori, i se'n anà an el cel, i allà
mos vegem tots plegats. Amèn.

82.
De com Sant Vicens Ferrer predicà a So'n Gual
de Valldemossa () l

Va esser demunt un pujolet a on encara hi ha
una caseta que 4,

. . CIC, A Dl 04
li diuen de Sant Ve 7a
Vicens. Ce ,

A DN: a

Mentres pre- a CSC QR

di Y ee GG
icava, se posa — // // VI IA VP
hi CCSS NN IE
hagué que fogi— —f— PV) (RA
da —ÍI EN í 7 L'Abea ós —
renisen dugu c- r EE MÀ CAN ""A
—yP Mr. ò Dt 9 T dera

ren una bona LG UN, : i. A
banyadura, que dE i IN D Le
els arribà finsa (ZÉ DE), IN) És Ei. 1)
hd À da se) Z id I so sui vat

sa pell. Es qui VA 7) U ENS MES

, SE Pa II ed NEE
no s mogueren 1 BV NA, Art SE NEE
escoltaren es E48/1/41975/ CNN A Le AA:

3 AJ 8 — JA dal dc a
sermó, no's ba-- (9904 /. EN ANA.
nyaren gens, 1 o ges En) és
tornaren an es Rem a — ii

és SI Es Que P es Ne
d'as tots xa- 4, pes ES Es
ests.

Aquell t d it

Sa n t Vicens quell dica Ll Serena dem Fmpeguel
se'n entra a sa
taverna de Ca'n Ferrer, i demana una quarta de vi.

(1) La'm contà En Juan Fiol, Rodó, de Valldemosa.

T. V—8
——— ns — a ————— A 2 Dies
",NA
121,"114 RONDAYES MALI.ORQUINES

—4l es bòtil2 li diuen.
si —3Bòtil2 diu ell. No n'he mester. Posaum'ho assi

ins.

I s'alsa ets hàbits una mica, fentlos fer una botxa.

Es taverner badava ets uys ferm devant tal sorti-
da, però diu entre si mateix:

—Jja hu vorem. Mentres m'ho pach, m'en fas .
trons si es vi li cau en-terra.

Sobre tot, li tira sa quarta de vi dins aquella bot-
Xa, i iquè me'n direu2

No mes se'n hi aturà devers la mitat dins sa bot-
xa, la resta passà i caygué en-terra, era aygo bruta.

—i Eu veysè diu St. Vicens. Tot això que ès pas-
sat, era s'aygo que hi havieu posada, 1 hu venieu
per vi. Tot això hu robau an es pobres.

Aquell taverner va romandre mes empegueit que
el vey-porch, i se conta que no n'hi posà pus d'aygo
dins es vi.

jAixí hu fessen ets altresi
85. l
Sant Vicens Ferrer i un taverner que es torrent
li prenia es serró

Una vegada un taverner de Valldemossa se'n ve-
nia demunt un ase a Ciutat, a pagar es vi que havia
despatxat, i com va esser a Ca'n Tonet, es torrent
de Bàrbara venia tan gros, que s'ase no volia en-
vestir.

A forsa de singlades, s'animalet pega bordadal
arribà un punt que s'aygo casi el tapava. l

En sorti poeue Deu eu va voler.

, Qui se'n va dur un retgiró ferest, fonch es taver--—
ner, que ja's veya negat i re-de-negat. l
Ab s'estray que va fer pegant a sa bistia i defen-

santse de sa corrent, li botí es serró des diners que

duya dins sa colga des calsons, i es torrent se'n ho ——

dugué tot an el licioni,
(1) La'm contà el mateix. Ú
",NA
122,"SANT VICENS FERRER l UN TAVERNER... 115
Figurauvos quin esglay per aquell tavernerl
Ínvoca St. Vicens Ferrer ab tot es seu cor, cri—

dant:

—iSt. Vicens, salvaume es serról

Però com aquell gran balitre havia posat un es-
càndol d'aygo dins aquell vi que havia despatxat,
St. Vicens li va dir:

—Fiet, no hi pensis pus en so serró: aygo hu

dugué, i aygo se'n ho du.

I se'n hagué de estrènyer es cap aquell polissardo.

Mes se'n mereixia.

S 4.
Sa caseta de St. Vicens a Valldemossa ()

L'haureu vista, si sou estats may an aqueixa vila.

Es una casa esbucada, demunt un pujolet de
So'n Gual.

Diuen que va esser an aquell mateix punt que
predicà St. Vicens Ferrer, enfilat demunt sa soca
d'una olivera torta.

Passat molt de temps, an es senyor li convengué
tomar aquella olivera perque feya nosa per llaurar.

Hi van ab picassons i destrals una partida d'ho—
mos, i pica que pica, no li porien fer res an aquell
diantre d'olivera.

Tothom pensà:

—Es St. Vicens que no vol que la tombem, per-
que ell ey predicà.

Es senyor aqui fa sa promesa d'alsar an aquell
mateix endret una capella a St. Vicens.

Proven de pegar a s'olivera, i tot d'una ja va es-
ser en-terra.

Es senyor comensa sa capella, però se'n cansà,
i la deixà a mitjes astes, i no hi ha feta feyna pus.

Aquell senyor va fer uy perque no cumplí sa
promesa.

(1) Ho conten molt an aqueix poble. M'ho contaren l'any 1904.

— sl i
",NA
123,"116 RONDAYES MALLORQUINES

I tots es qui de llavò ensà han tenguda tal posse-
ssió, se son campats malament, i s'hi camparàn
sempre, mentres no acabin aqueixa capelleta.

iJugauhi voltros ab sos santsl

8 5.
Una pedra de Biniforani ()

Com pujau es coll de Sóller pe'sa banda de Ciu-
tat, trobau devers mitjàn pujada a ma esquerra es
comellar delitosissim de Biniforani a on ey ha un
oratori moltantich, que el propietari actual, D. Lloat-
xim Aguiló, ha restaurat esplèndidament, i diuen
que altre temps en tot aquell contorn no hi'via altra
esglèsia. No gayre lluny s'alsa una pedra, i diuen
que Sant Vicens Ferrer ey predicà demunt, com
passà per allà.

S 6.
Sant Vicens Ferrer i un picapedrer que guanyava
set sous de jornal (2

Això era un picapedrer que guanyava set sous de
jornal, i res li bastava, se moria de fam.

Se'n va a contarho a St. Vicens, i aquest el se'n
mena a sa vorera de mar, 1 li diu:

—Dassa es set sous, que guanyes de jornall

Les hi dona, i St. Vicens les hi tira dins mar.

iQuè me'n direu2 Ell tot d'una nomès se'n assolà
un, i en suraren sis, però llavò s'assolaren tots sis.

—iVeusè diu St. Vicens. Aquest que s'ès afonat
tot d'una, ès que el robes a sa feyna, ès que no el
te guanyes, i ell te du a perdre ets altres sis. Per
això, o has de fer mes feyna o nomès has de voler
guanyar sis sous.

Aquell picapedrer va fer mes feyna, i es set sous

(1) M'ho contà En També Suau de Bunyola.

(2) A Manacór ho contava la gent vella.
",NA
124,"SANT VICENS FERRER I UN PICAPEDRER....— 117
que gonyava ja li bastaren per viure ell, sa dona i
ets infants.
i Preniu llum de Na Pintora, voltros qui guanyau
jornall
87.
Sant Vicens Ferrer i En Simonet ()
Com St. Vicens Ferrer anava p'el mon predica
ui predica, amb una partida de frares, sentiren a
dit d'un bruixot molt famós, anomenat Simonet, que
duya molta de gent através, i que tal dia i a tal po
ble havia dit que se'n pujaria al cel devant tothom.
S'hi presenta St. Vicens aquell dia ab tota sa seua
companya, i troben es poble alt, i un cadafal a's
mitx de sa plassa, i En Simonet que hi predicava, i
tothom que el s'escoltava, boca badada i sensa pipe-
lletjar. .
A la fi diu:
—Per que vegeu que tot quant vos he dit es ver,
ara mateix m'en pujaré an el cel.
Ija ès partit per amunt i per amunt.
I tothom que estava esglayat i ab sos cabeys drets,
i es frares que no s'aturaven de dir a St. Vicens:
—jiFra Vicens, posauhi remeyl jcapturaulo, per
amor de Deul jTothom se farà, d'ell, si no'l capturaul
—jDeixaulo fert deya St. Vicens, que, com mes
amunt se farà, mes bon esclat pegarà.
l En Simonet jper amunt i per amuntl
I tothom que ja deya:
—iNo hi ha remeyl jEu serà ver lo que diu
aquest homol
Com ja s'era fet tan amunt, que ja arribava an es
niguls, St. Vicens li fa la senyal de la creu. A-les-ho-
res es dimonis, que eren es qui el se'n pujaven per
fer creure a tota aquella gent que sa doctrina d'En
(1) Ho contava el sen Miquel Recó, al cel sia ell. El fet d'aquesta
tradició el conta l'història esglesiàstica de St. Pere i Simó Mago a Roma.
Me Cd Histoire de l'Eglise, Paris, L. Vives, 1875-1888, T. VII,
",NA
125,"118 RONDAYES MALLORQUINES
RO ay aa Zn eeó Simonet era sa
) mé D a — Vertadera i aixi
l Ed NN L ferlos.se seus
AN AN fe 3
. oa Mir tots, devant la
Ds o P Egtet te- senyaldel
—, Fas EM lN.  v ya ela creu
RES d: MES), EES que les va fer
a o (di, es Sant Vicens,
Eq, 4 C LC Et, quedaren com
es El pl — it arronsats,iamo-
LE drac den Exia ic. aire llen En Simonet,
di RAE gSE yz que pea cap
NAT q - FINN VE io avall tot dret,
Saba) Ll tos gels sensa fer cap
re P das NEE € hi Me vVoltera, i, com l
Ga Del ls 4 hu dE —pegà en-t erra, I
Te — y 2a Medi NI ee: se va fer mil be-
— Pa tè Neus ela: i rs, NOS. l
Es dl dal MI der Tothom vo— I
EN ap / CE a: hi ti TL. Mmangué aborro-
ed Ds rere — dd mat, no sabien
ae) / ( Na — que los passava.
PP, )y A al RES) Ber — se Aquí St. Vi—
d Veule: (o QS 728.060 FE PE I
EC 8 LU NP AS RX cens puja de
En Simonet, pren cap avall, tot dret... muntes cadafal,
i se deixa caure
un sermó d'aquells tan rimats que solia fer, i con—
verti tots es que En Simonet havia desbaratats. l
8 8. l
St. Vicens Ferrer i es vebosgillos
Es rebozillos d'un temps no eren com es que ara l
duen ses pageses, que sols no arriben a ses espal-les
ni a s'ansa es coll, i es bech no passa gayre mes I
avall des carcabòs, i per molt si toca gens sa pitera, l
i encara ès clar, que no tapa mica i ès com si no hi ——
duyen res. ,
Quant jo era al-lot pusser, totes ses dones d'edat l
de Manacor duyen un rebozillo ben blanch i ben es- /
pés, que no deixava veure gens es coll d'elles per-
",NA
126,"——————L- — Te: vi
SANT VICENS FERRER 1 ES REBOSILLOS 119
que elze pegava per s'esquena i elze tapava espal-les
i pitera, i coranta o cinquanta anys mes enrera, en-
cara eren mes afavorits, just vels de monja.

A las hores no eren just ses pageses que duyen
rebosillo, sino també ses senyores, i no sols ses de
mitja ma, sino ses cavalleres mes empiulades.

Il :d'on venien aqueys rebosillos tan grossost

Una cosidora de Manacor, Na Maria Cama,
conta que sa mare deya que era St. Vicens Ferrer
que, quant vengué a predicar a Mallorca i a Mana-
cor, en tayà un per mostra de rebozillo servintli de
patró es sarrió () a on apleguen ses agrenadues, i
que digué a ses dones:

—Preniu mostra d'aqueix, si voleu acabar la fes-
ta ab paul

I hu feren així ses mallorquines, conservant tal
moda, fins que modernament perderen es rebozillo,
i, en lloch de sa roba espessa d'un temps, jhala a
ferla mes clara i mes clara per que no elze tapàs
gotal fins que son arribades a l'estat actual, que ja
no'n queda casi res des rebosillo, que embellia, re-
muntava i favoria tant i tant sa cara de ses mallor—
quines, i no tenia altre defecte que es nom, que fa
massa olor de castellà, allà on sa cosa que espres—
sava era tan mallorquina.

8 9.

De com St. Vicens Ferrer anà a predicar a Petra

Contava mon pare (al cel sia ell) que, quant St. Vi-
cens anà a predica a Petra, ey havia molt de sech:
tots es nigulats que'n passaven, eren borrers i no'n
volien amollar una gota d'aygo, es pous eren aixuts
i de ses basses no'n parlem ni de ses cisternes, que
no n'hi havia una per nat senyal. Es bestiar se mo—
ria de set i de magror, i sa gent havia d'anar ab bo-
tes a cercar s'aygo a fora terme.

(1) Es sarrió es un estorí de pauma, redó, d'uns sis pams de diàme.
tre ab una ansa a cada banda, el dobleguen apafgutió ab una ma per ca-
da ansa i ab sa granera hi meten les agrenadures.
",NA
127,"ae Fra are DE rer eió
120 RONDAYES MALLORQUINES
I iquè feu St. Vicens com va veure tal calamidat
aborronadorat
Crida tota s'al-lotea de Petra i elze diu: l
—Fiets meus, si voltros no desarmau es bras de
sa Justícia de Deu, fent oració, alsant sa vostra veu
i es vòstro cor cap a Deu, irritat contra es pecats
de sa gent gran, estam perduts. I :com heu de des-
armar es bras de sa Justicia de Deu2 Fent oració,
alsant sa vostra veu i es vostro cor cap a Deu, cri—
dant ab tota sa forsa, que se compatesca de voltros
i noltros i que mos enviy una bona saó, si convétl Per l
això ara mateix sortirem en porfessó p'es carrersi
p'es camins de fora-vila, 1 heu de cridar tan fort com
poreu: /No plou perque Deu no voll jJa plourà com
Deu voldrà/
Lja hu crech que tota aquella infanteria petrera,
minyons i minyones, s'afileraren mes que depressa I
ija foren partits per carrers 1 camins de fora—vila,
cuydant estellarse de cridar ab tota sa forsa: l
—i i No pes perque Deu no vollll qjjja plourà
com Deu voldràlll qpjja plourà com Deu voldràlll l
Set dies seguits feren aixó aquella gent menuda I
de Petra, sensa desmayar mica, que mes tost re— l
prenien. I
iQuè me'n direu2 Ell es dia que feya set de tal
rogativa, quant aquells betzos cridaven tan fort p'es l
camins de fora—vila ///No plou perque Deu no vol///
iiJa plourà com Deu voldrà/// comensa a entera-
nyinarse devers es llevant: ses boyres tornaren es-
pesses i espesses, i, com mes anava, mes s'enfos—
quien, assetsuaixí se posen a caure uns gotes ben Ú
grosses, el cel tot se tapà, i jvenga una ruixada d'a-
quelles mes fortesi S'aygo queya a talabaixons, però /
aquella al-lotea no flaquetjava mica des seu clam a l
Deu.
St. Vicens aqui elze diu: Cridau ara: jJa plou l
perque Deu ho vol/ jPlourà fins que Deu voldrà/ I
jcap an es poble son ses feynesl
Aixi hu feren aquells betzos, i entraren triun-
fants dins Petra cridant i cantant:
ee EE
",NA
128,"Em irTmI——,——————————————€—— —Leo sr —naén ——én——l as a a a
DE COM SANT VICENS FERRER ANÀ A PREDICAR.., 121
—qijJa plou perque Deu ho vollll ppiPlourà fins
que Deu voldràlll jjija plou perque Deu ho vollll
tii Plourà fins que Deu voldràlll
Sa gent gran s'aplegaren ab ells, se'n anaren tots
plegats a l'esglèsia, plorant tothom d'alegria i ben
penedits des seus pecats, demanant tots confessió.

I no hi haguè altre llivell que confessarlos tots.

iPobre St. Vicens i pobres capellans de Petral
iCuydaren a caure morts confessantl jSe'n dugueren
una malmenada del dimoni. jJesús Sant Antoni""

S 10.
De com St. Vicens Ferrer anà a predicar a Sa Pobla

Conta la gent veya que com St. Vicens anà a pre-
dicar a Sa Pobla, es poblers trobaren que hu feya
massa gros, que ponderava massa, que elze pitjava
massa es cércol. I squè feren ellsè L'apedregaren.

St. Vicens, com vé es Joch tan mal parat, en lloch
de fer un miracle que fiblàs de mala manera aquells
desenfreits apedregadors, li envelà cap a Muro, i,
com fonch a sa partió, se gira i elze diu:

— Vos fas a sebre, jo poblersi que no tendreu pus
pedreny dins es vostro terme per fer casesl 4No ha—
guésseu apedregat aquell qui venia de part de Deu
a predicarvosi

Per això ès (diu la gent) que dins es terme de Sa
Pobla no hi ha cap pedrera, 1 per fer cases, han d'a-
nar a cercar es pedreny a fora terme, perque ape—
dregaren St. Vicens Ferrer.

iBovetjauhi ab sos sants, i vos ne dureu s'aumut
p'es capl

si.
De com St. Vicens Ferrer anà a predicar a Muro (D

Ey anà de Sa Pobla, fogint des poblers que l'a—
pedregaven.

(1) M'ho contà Mn. Antoni Deyà, que fou molts d'anys Rector de
Muro (al cel sia ell i tots los morts).
",NA
129,"7 ia LL
122 RONDAYES MALLORQUINES /

Com fonch a sa partió de Muro, su ran d'una bas-
sa que hi havia, s'atura: ey compareixen un sens fi
de murers a rebre'l ab rams i paumes i ab tota de-
voció.

I ique fa ell2 Ja ès partit a predicarlos tan be com
sabia. I allà hauríeu vists murers i mureres plora

ui plora i pegantse tochs p'es pits, penedintse de bon
de veres de tots es seus pecats. Tothom se converti.

Li presenten una tracalada de malalts i d'escoti—
flats. Elze renta de s'aygo d'aquella bassa, i roman-
gueren tots sans i bons.

Ab el temps feren allà mateix una capelleta, que
encara hi ès, dedicada an aqueix gran Sant, i aque- /
lla bassa se diu Sa bassa ferrera. l

8 12.
Una dona d'Algayre i St. Vicens Ferrer (D

Diuen que quant vengué a Mallorca i comensà a l
predicar a Ciutat, era carreró fet la gent de totes ses
viles que venien a sentirlo. l

Vengué una doneta d'Algayre i anà a confessar- I
se ab St. Vicens.

—l d'on sou, DE rnanel li demana St. Vicens.

—D'Algayre, diu ella. I he deixat s'homo i els in-
fants per venir a sentirvos. l

—Idò tornauvosne tot d'una, diu St. Vicens, a ca-
vostra, que ès allà on teniu ses feynes.

—Però si encara no vos he sentit predicarl diu
ella.

—Anauvosne descansadal diu ell. Ja me senti—
reu així mateixl

Aquella doneta va creure. S'espitxa cap a Algayre
mes que depressa.

I aquè me'n direu2

Ell quant fonch a Costes, devers quatre hores l
lluny de Ciutat, comensa a sentir sa veu de Sant l
Vicens. j

(1) Ho sentia contar com era al'lot, i ara no puch dir qui era.

Be ee er L
",NA
130,"SANT VICENS FERRER I SA CREU... 125

Era que d'art sant comensava es sermó dins
Ciutat, i aquella doneta le hi sentí tot de lo mes bé.

Com ella entrava dins Algayre, es sermó de sant
Vicens s'acabà.

8 15,
St. Vicens Ferrer i sa Creu de ses costes d'Algayre

Devora sa font de Xorrigo, a ses Costes d'Algayre,
ey ha una creu de pedra, i conten que St. Vicens un
dia ey predicava davant un parey de corterades de
gent, milenars d'ànimes.

Idò bé, de Ses Enramades de Sa Porta de sant
Anioni el sentien de lo millor.

Sa Porta de St. Antoni era allà on desembocava
sa carretera de Manacor, i Ses Enramades even
una taringa d'hostals que hi havia, tots ab una enra-
mada devant per fer ombra d'estiu i arrecés d'i—
vern. Encara n'hi ha una partida d'hostals d'aqueys.

Això hu sentia contar an els pareyers de ca-nos-
tra, quant d'estiu duyen el censal an es Senyor, i
qualque pich me posaven dins es carro, demunt es

sachs, i ihala cap a Ciutatl per veure Sa Tia Monja,
que teniem a St. Geroni.

Quant mos ne tornàvem, trobàvem aqueixa creu,
hora baixa de tot, i es pareyers me deyen:

—Això ès Sa Creu que St. Vicens Ferrer ey pre-
dicava i el sentien de Ses Enramades i d'Algayre.
S 14,

De com el P. Prior privà St. Vicens Ferrer
de fer miracles

Pareix que St. Vicens feya miracles a raig i roy,
per pa i per sal, i de tanta de gent que compareixia
an es convent demanantli adjutori, no hi havia qui
hi paràs ni qui s'hi ois, fins que ets altres frares se
presenten an el P. Prior, dientli:

—Pare Prior, això de Fra Vicens de fer tants de
miracles no pot anar pus. Aquest convent es pitjor
",NA
131,"ai ia
124 t.ONDAVES MALLORQUINES
que una fira, sa gent no mos deixen estar ab sos—
sech: ni porem resar ni fer oració ni un sant remey. /
Se fa precis que Vossa Paternidat ey io retgit.
—Res, diu el P. Prior. Privarem Fva Vicens de l
fer pus miracles, i es mal serà mort.
Diti fet, crida Fra Vicens, i li diu:
—Ja n'heu fet massa de miraclesl jFora ferne
pus sensa orde meual
—No pas ànsia, P. Prior: diu St. Vicens. Som
fiv. d'obediència, i proul
St. Vicens estigué a l'obediència, i a tots es qui
hi anaven a demanarli que elze fes un miracle, i
deya:
—l'iyets meus, el P. Prior me té privat de ferne.
Passaren uns quants dies així, fins que Deu com- l
pongué que an aquell convent hagueren de adobar
ses tulodes, Ey pugen es picapedrers i jhala a posar
be teules descarabutades des vent i a mudar ses ,
rompudes o cruyadest
I heu de creure i pensar que assetsuaixí un pi—
capedrer que anava i venia per dalt sa teulada mu—
dant teules d'assi i d'allà, trevela, cau i redola qui
redola rost avall, arriba an es cap baix de sa teulada l
i pren sa fua per avall.
Ets altres picapedrers ja el veyen mort i fet be—
nes tot d'una que pegaria en terra. Afinen St. Vicens l
que guaytava per una finestra, i tots li criden: l
—qqilra Vicensilil iyjpFeys un miracle per amor
de Deulll
Aqui St. Vicens diu an es pica-pedrer que queya:
—jAture't una mica, i aniré a demanar d'orde
an el P. Priorl
Es po das que casi ja arribava en-terra, s'a-
tura a ES i St. Vicens correns an el P. Prior a
demanarli d'orde per fer aquell miraclet
El P. Prior, com sent allò, se'n va correns allà on
era es pica-pedrer a l'ayre. Romangué ab sos cabeys
drets, com és natural, i s'esclamà:
—lFra Vicensl es miracle ja l'heu fetl Ja que hi
sou, acabaulol
",NA
132,"BRUIXES, BRUIXOTS I FULLETS 125

Aqui St. Vicens diu an es pica-pedrer que de-
vallàs a poch a poch.

Aquest eu va fer així, i, com tocà ab sos peus
en-terra, se tira de genoyons an es peus de St. Vicens
fentli mils de gràcies d'haverli salvada la vida.

Aqui el P. Prior Sis a St. Vicens:

—Fra Vicens, vos decant s'orde que vos havia
dada de no fer pus miracles. Feysne tants com vul-
ga el Bon Jesús.

I St. Vicens tornà fer miracles, tay tirat.

Això contava, com érem al-lotons,'Fra Antonino,
un fraret llech que quedava a Manacor dels frares
del Convent de St. Vicens Ferrer d'allà.

Bruixes, bruixots i fullets
S1.
Sa còva de Na Juana (D

No sou estats may a la Bona Nova2 OO)

. Idò devallantne p'es barranch des mal pas, cap
a Bellver P) ev ha sa còva de Na Juana.

l ara vos divé lo que s'hi passà una vegada, se-
gons conten.

Diuen que un dia un al-lotet geperut, perque sa
mare le hi havia enviat, se'n anà per devora aquesta
còva a aplegar quatre encenays p'es fogó.

Per veure què era aquella còva, se'n hi entra, 1
m'hi troba Na Juana, una bruixa, voltada d'una
partida que feyen una roda y ballaven, agafats ab
ses mans, saltant i botant com a cabrits.

Com elles afinen aquell geperudet, s'aturen 1
diuen:

(1) M'ho contà D.P Maria Antonia Salvà, de Lluchmajor. Se conta
molt a Ciutat.

(2) Santuari a una horeta de la Ciutat de Mallorca dalt una altura
que domina tota la badía, el port y la Ciutat.

(3) Pujol coronat d'un castell del sigle XIV, dels antichs Reys de
Mallorca, entre la Bona Nova i la Ciutat, i mes alt que una i altra.
",NA
133,"126 RONDAYES MALLORQUINES
—IO quin al-lotet mès galanxól jVina, ballaràs
ab noltrosi I I
Y s'al-lotó, lluny de fogir o empegueirse, ja s'hi
acosta y se posa a sa rol-lada, mà per mà amb aque-
lles bruixes, i jbones balladesl
—jO que balla de bé aquesta buscal deyen totes,
i venguen bots i salts i xecalines.
Í duguent es compàs, cantaven: Ú
—Dilluns, dimars, dimegres, tres,
dijous. divenres, dissapte, sis.
Dilluns, dimars, dimegres, tres,
dijous, divenres, dissapte, sis.
Í s'al-lotó que cantava com un rossinyol.
Na Juana cop en sech diu:
—Aturauyos una mica. 3No es ver que aquest al-
lotet es ben plaent i mareix que li fassem una gràcia
—PSi que hu est jSi que hu est Si que hu est cri-
daren totes. l
—ldò no res, diu aquella, li llevarem es gep. l
l encara no hu va haver dit, com ja li ha pegada
grapada, i ja hu crech que le hi llevà an es gep.
S'al-lotó se'n anà tot content a ca-seua amb una l
besada de cada bruixa i es feixet de llenya dalt es
cap.
No vos dich ves, com sa mare el me veu sensa
gep i tant xaravel-lo, si li vengué de nou, i mes com
ell li hagué dit fil per randa tot lo que era estat.
iQue m'en direu""
Ell eu va sebre una veynada que'n tenia un tam- l
bé de fiy geperut i li diu:
— Vetè'n a l'acte a sa Cova de Na Juana, a veu—
re si te lleven aqueix creixull que dus a s'esquena.
Se'n hi va, i me troba ses bruixes ballant com a Ú
perns de rifa. l
—jAYy quin al-lotet mès galanxól digueren com el
varen veure. jVajal jvinal a ballar ab noltrosi...
—il ja sabeu si tench ballera2 diu ell tot-d'una
ben remolest.
—jTant si'n tens com si no'n tenslvaren dir elles.
DS ES
",NA
134,"percep ar ran, a denes edi
SA COVA DE NA JUANA 127

—iAY si diu ell.

—jAy sil diuen elles.

I ja'l m'han aplegat una per cada mà, i hala
bons bots, volta qui volta en torn de Na Juana que
donava es compàs, i cantaven:

—Dilluns, dimars, dimegres, tres,
dijous, divenres, dissapte, sis.
I s'al-lot passà avant dient:
—I diumenge, set.
mega dol ies: 1
Let PN , HL are ss PN
: fs deis 3 Al 3 dl CS
5
LA af NA des Perd ps a
Ir d'Oci de
Plec dem.
NM et
GN eL EE, rers,
a OE i GM MN EN / 4 A
DA NEE)
gola), dj ) , ha a — ç hi —— o VE
LCR Ps Log — ea, / A 1: ÍII
a a a ———— Vi HI
ame JE LL ele — as ami N ai
——— : —— ie ""Ta - ra P, d'al :
UE men ca ce mèdia
Pega grapada an es gep que havia llevat a s'altre i el planta an
es pits d'aquell malanat.

—jlUeyl diu Na Juana, això no hu fan ets al-lots
de passar devant a ses persones gransi jAlerta a dir

P

mes que noltrosi
I tornen esser partides totes:
—Dilluns, dimars, dimegres, tres,
dijous, divenres, dissapte, sis.
—l diumenge set, torna dir s'al-lot, ben rabent.
—jUey, estimatl 4No t'he dit jo que ets al-lots no
passen devant a ses persones grans, i que alerta a
",NA
135,"128 RONDAYES MALLORQUINES
dir mes que noltrosi jQue't valga per vegada, Si no
te'n vols dur s'aumut p'es cap'

Í tornen enrengar totes, balla qui balla i canta
qui canta:

—Dilluns, dimars, dimegres, tres,
dijous, divenres, dissapte,sis.

—I diumenge set, digué es carabassench d'al-lot.

—jUeyl diu Na Juana tota cremada. jQui fa tres,
ase èsl Ja que èts tan caparrut, en duràs un altre de
gep, un derrera i un devant, i així es viatge anirà
mes compartitl

Que me'n direu2 Ell pega grapada an es gep que
havien llevat a s'altre, i que encara era dalt s'escu—
deller, i el me planta an espits d'aquell malanat,
que se'n anà a ca-seua fent un escàndol de plors
com se veya ab sos dos geps, un derrera i un devant.

Ah idòl Així n'hi prengué per motiu d'esser mal-
creyent i poch remirat ab so rallar.

Per això jalerta a conversar may demèsi

8 2.
S'Hortolà de So'n Net ()

Diuen que tenia un llunari EQ) i una vegada que
ell feynetjava, va un al-lot a ses cases de s'hort, Sabia
lletgir, veu es llunari, se posa a lletgirlo, i tot-d'una
s'ortolà se veu devaut una cateyfa de cabrits que li
compareixen, ben peus alts, des bosch d'En Pieres
cap avall.

—jRe-cent mil guitzest diu ell. jJa ès que'm llet-
geixen es llunari/

Se'n va correns a ses cases, i m'hi troba s'al-lot
llitx qui llitx.

Li pega grapada an es llibre, i se posa a lletgirlo
a sen revés, 1 a l'acte tot aquell cabridum descom—
paregué: eren dimonions boyets, que solen esser uns
caps esfiorats, molt mals d'anar entorn.

(1) M'ho contà En Gabriel Rosselló de Puigpunyent.

(2) El llibre ab que la gent deya que feyen sortir el dimoni i altres
bruixeries.
",NA
136,"5 ES CASTELL D'ALARÓ, ES PUIG DE S'EUCADENA.., 129
8 9. :
Es castell d'Alaró, es Puig de S'Eucadena i ses Bruixes (D l
Idò diuen que ses bruixes altre temps, com ana- ,
ven tant p'el mon, que'n feyen pica de porch, es
dissaptes avespre se solien aplegar dalt aqueys dos
puigs totes ses que capllevaven per aquells  endrets,
i se tiraven uns fils que elles sabien filar, i amb
aqueys fils feyen un pont entre es Castell i S'Euca—
dena i allà dalt ballaven i feyen mil jutipiris fins
hora d'auba, que s'en tornaven an es seu cau o en-
fony com ses òlibes.
QNIÍDXA NS N - N ACN SIDA EE
a È OS. M
Red Le NE
S-N u NN IN Sl di ,
EST ss Un
ar sell
EE NN INS ara 7/3 AN
MANEL RS II
I N Ne OO SAN N I
EL af SAN A
DN EL pos a  /
Ab fils feyen un pont entre es Castell i S'Encadena i ballaven fins hora
d'auba.
Això conten, pero qui no hu creu, tampoch no
peca.
No'n mancaria altrel
(1) Ho he sentit contar a gent d'Alaró i Lloseta.
T. V—8
",NA
137,": — Dada
150 RONDAYES MALI.ORQUINES
S 4.
Sa cusseta negra i es moix negre

Un tal Juan Soberano de Sta. Maria del Camí
anava a Consey a festetjar una allota que era de
s'uy des vent i mes pòlissa que ses genetes, i an es
mateix temps en festetjava un parey d'altres a Santa
Maria.

Sa de Consey eu sap, i diu:

—T'hi posaràs sa ma.

Un vespre ell se'n hi anava de d'allà.

Feya lluna, i no trobava negú p'es camí.
Assetsuaixí, unes deu passes devant ell, una cus-
seta negra passa de banda a banda des camí i des- l
compareix. l
—iQue serà aqueix dimoni de cussa2 diu En

Juan Soberano.

Li fuig allò des cap perque li vengueren altres
pensaments, i de d'allà cap a Consey. l

A's cap de set o vuyt minuts, a unes deu passes
devant ell, /sas/ torna atravesar es camí auells ma-
teixa cusseta negra, li descompareix. l

Aqui En Juan Soberano va perdre ses riayes.

Però 4que dimoni serà aqueix fotim de cussat.
pensà ell.

Li vengueren ganes de girar en coa cap a Santa
Maria, però se revest de coratge, posa ma en-terra,
agafa una pedra com es dos punys, i ja ès partit de —

d'allà, tris-tras-tris-tras, ben resolt d'enflocar aquell. —
còdol a sa primera belluma de cussa que afinàs, fos —
blanca fos negra.

iQue m'en direu2 Ell des cap de set o vuyt minuts, —
a unes deu pases devant ell, /gas/ salta de bell nou
aquell dimoni de cusseta negra dins es cami atraves-
santlo de banda a banda, sa mes descansada del
mon.

En Juan Soberano li enfloca sa pedra com es dos
punys, l'aplega de ple devers ses costelles, però va —
esser la mateix que si fos estat un borrayó de llana, —

i
",NA
138,"SA CUSSETA NEGRA Il ES MOIX NEGRE 151
no li va fer res an aquella pècora de cusseta, que va
descomparèixer com ses altres vegades.

An En Juan Soberano li entrà una suor freda, i
s'hagué d'asseure a sa vorera des camí, per no cau-
re de baticor.

Forsat volgué arribar a Consey. Se presenta a ca
s'al-lota i troba tancat, però ella obri un finestró,
treu es cap i diu an En Juan:

—3No rés, ja les me comanaràs molt a ses altres
que festetges devers Santa Marial

I enfonya es cap, i tanca es finestró amb un bon
cop, i En Juan Soberano romangué plantat a's mitx
des carrer sense sebre que li passava.

A la fi toca el corn cap a Sta. Maria, més retgirat
que un cuch: i vos assegur quen va veure de cus—

setes negres, blanques, virades i de tot color que tra-
vessaven i tornaven travessar es camí.

Va haver de mester ses erbes de Sant Juan per
arribarhi a Sta. Maria.

Passa per devant ca-un amich seu. Ey veu llum,
toca, li obrin, i les troba que feyen bunyols a la
vela. Tenien un grandiòs calderó d'oli bullent de—
munt es fogons, i jvenguen dedins bones grapades de
pastal i elze sortien uns bunyols d'allò mès bufarell.

Aquella gent va conèixer que En Juan Soberano
venia trastornat, que li passava cosa. Se posen a
divli:

—Però ique tens, Juan2 jQualcuna te'n ha suc—
ceida çHala si mos ho contesl

En Juan se posa a contar lo que li havia succeit
ab sa cusseta negra.

I heu de creure i pensar, i pensar i creure, que
cop en sech compareix un moix negre, que no co—
neixien, s'arramba an es fogons, s'enfila an es calderó
de s'oli bullent, ey afica un peu de devant i llavó
s'altre peu, i ja ès partit a beneir tothom d'oli, i bu-
nyol per aqui i bunyol per allà, i al punt tota sa casa
va anar rays d'oli i bunyols, i tothom que hu donà
a ses cames, i En Juan Soberano es de devant, dei-
xant sa casa en banda.
",NA
139,"3 - ea mir a ee re eren
152 RONDAYES MALLORQUINES

A la fi se revesten de coratge, ey tornen entrar, i.—/
aquell moix negre hagué descomparegut, i no'l ve-—
ren pus en vert ni en sech.

Tothom n'estava ab sos cabeys drets, i no's tre--—
yen altra paraula que aquenta: l
—3Se veu ben clar, Juan, que ès sa teua al-lota

de Consevl jSi ès una bruixal Dega que hu és ella:

En Juan Soberano no hi tornà pus, i jtanta de

sort que ella no s'empatxà pus d'ell
8 5.
Sa còva de So'n Curt d'Alaró ()

Dins So'n Curt, baix des Castell d'Alaró, ey ha —
una còva no gayre gran, però fa un forat que tira
ben endins. Se diu sa Còva de ses meraoelles.

Diuen que un temps d'allà dins sortien ses brui-
Xes es vespre, i s'espitxaven per aquells contorns a
ferne de ses seues.

Un tal sen Felet una volta,lcom elles eren a còrrer
la gandayna, ey guaytà, i hi veu una grandiosa cla-
riana i una ciutat sens fi. Se'n va a Alaró correns,

i hu conta a un parey d'amichs.

Lo endemà a sa mateixa hora s'en hi van tots
plegats, s'amaguen allà devora 'per veure sortir es
bruixum. Al punt sorti s'estol1 unes prengueren
p'es llevant, i altres p'es ponent, i altres cap a mit-
jorni altres cap a tramuntana. Llavò aquells sur-
ten de s'amagatay, s'acosten a sa còva, ey guayten,

i hi veuen sa gran clariana i sa ciutat sens fi.

El sen Felet se revest de coratge i s'afica per en-
dins cap an aquella ciutat a veure que era.

Encara no havia donades deu passes, com escla-
ta un tro tan espantós que tremola tota sa còva i sa
muntanya i tots caygueren de sobines.

S'aixicaren així com varen porer, i no veren dins
sa còva mes que fosca, tan espessa que la porien
tayar a espasades.

(Da El sen Pere Lluent d'Alaró ho contà a mon amich En Pere Sam:
pol i Ripoll.

sal I
",NA
140,"SA COVA DE SO'N CURT D'ALARÓ 133

Qui no veren fonch el sen Felet, ni l'han vist pus.

Car li sorti voler veure de prop sa Ciutat de ses
bruixes.

Com a recordansa d'aquesta feta encara ey ha
devora aquella còva sa Roca d'En Felet.

8 6.
Fullet

A Mallorca quant un cerca una cosa que sol ma-
netjar, i cerca i cerca i no la troba en via neguna,
solen esclamarse:—jHaurà tengut fullet/

Ab això volen significar que aquella cosa per una
virtut estranya i estraordinària ha descomparegut
d'allà on era, sensa sebre com.

Un temps en parlaven molt de fullet: però avuy
en dia no hi ha casi negú que no se'n riga com una
de tantes de beneytures d'en-primer,—i just hi ha
qual que en tenga idea clara i que vos puga dir:

fullet era tal cosa.

Per porerne dar ses fites netes, he preguntades
diferents voltes aquelles persones que he cregut que
me'n porien donar enquestes. N'he trobades unes
Jung EE que me'n han dit cosa, i, tal com m'ho han

it, ho he posat aquí.

Es de) me'n ha donada mes claricia, ès estat Pa-
mo Andreu Santandreu de Ca'n Barraques (Mana-—
cor), qu diu que, per lo que sentia dir an es veys,
es fullet era una penyora que el dimoni donava an
es qui se pactaven amb ell per tants d'anys, no per
a sempre. El dimoni donava aquella penyora, que
era un obgecte material que tenia una virtut estraor-
dinària per aquell pactat que dugués tal obgecte de-
munt. Mentres dit obgecte li tocàs sa pell o sa roba,
no hi havia qui pogués fer res a tal homo, ni el po-
rien agafar ni capturar, fogia de dins ses mans de
qualsevol, descompareixía no sabien com i no el
veyen pus en tot allò. En camvi, si se moria antes
d'acabar el termini pactat, el dimoni se'n duya sa

e a Es dera
",NA
141,"LDL ses l
154 RONDAYVES MALLORQUINES
sa seua ànima, i pen dins l'infern. Ara si no I
se moria en tot aquell temps, i no volia refermar es. —
pactes per una tongada d'anys, romania franch de

tot compromis i sensa aquella penyora i fora fullet.

8 7.
Es fullet d'En Cuera

Ets esveyadors de Mancor que anaven a esveyar
a Santacirga, l'aiteras que mon pare, al cel sia,
tenia arrendada i tots els germans hi nasquérem,
contaven d'un tal Guera de devers aquell poble que
tenia fullet i el duya a sa corretja des bossot (sa ta-
leca), que sempre portava passada p'es coll i dE
da an es costat esquerre. May deixava aquell bossot
ni aquella corretja, i ab allò demunt, no hi havia
qui el pogués haver ni capturar.

Com no feya tracte bo ni donava passa dreta, la
Justicia sempre el perseguia ab tota sa ràbia del
mon, ap cal per mes que l'aglapissen i l'arribassen
a assolir, assetsuaixí elze descompareixia de dins ses
mans, no sabien per on, deixant tothom ab sos ca-
beys drets.

Encara era fadri, un fadrinardo granat que gue-
rretjava una al-lota, que no el volia gayre per sa ma-
la fama que tenia ell. En sebre que ella era a cap
ball, ja hi compareixia per ballar ab ella, però sem-
pre ab so bossot posat an es costat esquerre i sa co-
rretja passada p'es coll.

Un pp ella anà a sa festa de Lluch, passat la
Mare de Deu des Missatges (8 de setembre), que
feyen un ball a's mitx de sa plassa.

En Guera s'hi entrega i treu aquella al-lota a
ballar. l

S'al-lota ja estava advertida de la Justícia que no Ú
havia de consentir a ballar ab ell, si no se treya es.— ,
bossot. l

S'al Jota, eu fa així. Diu an En Cuera que no es. —
per que vulga ballar ab ell si no's treu es bossot. l

l
",NA
142,"ES FULLET DE'N CUERÀ 135

En Cuera no el se volia treure en via neguna,
però com en tenia massa ganes de ballar ab aquella,
1 comprengué que no la ginyaria si no sa treya es
bossot, —a la fi se despassa sa corretja des coll i dei-
Xa es bossot a's mitx des rol-lo des ball, per no per-
dre'l de vista i porers'hi tirar demunt, si negú
tractava de sauparlehi.

La Justícia estava sullà amagada, i tot d'una que

En Cuera ballant feu un revolt decantant una mi—
coya la vista des bossot, dos esgotzins se tiren de—
munt es bossot i dos embraonen En Cuera, i aquest
espolsades i espolsades per desllapissarse de la Jus-
ticia, i no parava de cridar es bossot,dient:

—Amich meu, ajudalll Ajuda que s'ès mesterlll

I es bossot que pegava bots i bots i sa corretja
s'adressava dins ses mans d'aquells esgotzins.

Es bossot el tiraren dins una grandiosa foquetè—
ria i ventaren ses cenres, i En Cuera el se'n dugue-
ren i no el varen veure pus.

S 8.
En què consistia es mal-bossé i ses castes que n'hi havia

Es mateix Andreu de Ca'n Barraques me donà
ses fites netes de tal cocòrum, dientme que es mal—
bossí eren coses de menjar (confits, dòlses, pomes,
figues, prunes i brolleries per l'estil) que bruixes i
bruixots donaven an es que volien influenciar, en tal
O tal sentit.

Aqueixes coses de menjar en pe consistia es
mal-bossí, se veu que casi sempre duyen sustàncies
tòxiques o nocives que atacaven es sistema nirviós,
produint exaltacions i desvarietjos i trastorns men-
tal de tota casta. Es mal-bossiners venien a esser
vertaders malfactors, dignes de càsticl.

Els qui tenien la mala sort de menjarse el mal-
'bossi comensaven a fer etsisadures. Ara si, en lloch
de menjarse aquelles coses, elzetiraven dins es foch,
es mal—bossiners que les havien donades, sortien

i a l ss
",NA
143,"——É — EE P VI P P re Le en JS tarde OE i l
156 RONDAYES MALLORQUINES
plens de cremadures, i les s'havien d'untar i embe-
nar ben embenades, si no volien fer pell i colar la
vida. I

N'Andreu Barraques diu que n'hi havia set cas—
tes de mal-bossi: a) per fer enamorar, b) per fer
anyoràr, c) per fer oblidar, d) per fer penar, e) per
fer avorrir, f) per fer perdre l'enteniment, g) per l
matar.

3 Me diu l'amo'n Andreu que, si ell sap d'aqueixes
set castes de mal-bossí, ès que les hi digué un des
mal-bossiners mes endiantrats que ell ha coneguts,
— un tal Felet Cormena que ja fa molts d'anys que se'n
anà a veure St. Pere (Deu l'haja perdonat. Amèn). l
8 9.
S'etsisament del sen Toni Fum i es seu ase

Es mateix Andreu Barraques m'ho contà.

Un fiy del sen Toni estava tot fideus ab Na Mar—
galida Porquera, i prou greu que li sabia an el sen
Toni perque aquella mandragolina tenia fama de
bruixa i d'etsisadora.

Ella hu sabé, i un dia en temps de figues flors,
de bon mati, troba devers Es Collet el sen Fum ab
s'aset que se'n anava a una terra seua a fer feyna.

Ella duya un paner de figues, cuides de fresch,
molsudes, brufades de roada i uns quants de brots
d'aufabaguera.

— S'escometen aixi mateix, i ella li ofereix dues fi-
gues crivellades que feyen mengera.

Ell no tenguè pit per despreciarleshi: les pren,
les se du a sa boca, i ben re-de-bones que elze troba..

An es mateix temps s'aset pega espipellada an
aquells brots d'aufabaguera 1 elze s'engoleix.

Na Porquera ab això se despedeix del sen Toni
i jcap a la vilal i an es Barracar manca gentl Era
barracanera.

— El sen Fum s'esquitxa a sa feyna.
Feynetja tot lo sant dia fins que horabaixa de /
/
",NA
144,"deia De Hall 3 es a
S'ETSISEMENT DEL SEN TONI FUM... 137
tot aplega es trastets i jcap a la vila ab s'asetl tris—
tras/ tris-tras/

Què me'n direu2 Ell com foren an Es Collet, just
allà on es mati havien trobada Na Porquera i havien
tastades aquelles figues i aquells brots d'aufaba—
guera, el sen Fum se sentí una ponyida ben forta
d'afecte envers de Na Porquera i s'aset se posà lo
mes xalestó, brama qui brama i bones alsades de
cul. Aquell animalet s'alegrava just si hagués afina-
da cap somera.

Sobre tot, arriben a ca-seua, i el sen Fum diu
tot rabent a sa dona: l

—Desensellau s'ase, que me'n vaig per feynes
mes que depressal

—3iPerò per que no desenselles tu2 diu sa dona
iBon re-cap de re-xetral Í sa on ve ara tanta de fris-
sor2

—T'he dit que desenselleu voltros, si voleul diu
el sen Toni. jNo puch estar pus i forisi

Se tira quatre grapades d'aygo per sa cara i se
rebetja una mica ses mans per llevarse sa pols i sa
suor, i ja ès partit de d'allà :cap a on dirieu2

Idò cap a ca-—Na Margalida Dorquers, La troba
daltes portal, li fa una escomesa lo mes amorosa.
Ella tota sorpresa li correspòn ab mel a sa boca, i
rallen una estona com si fossen estats amichs veys.

Amb això el sen Fum ja romangué assaciat: se
despedeix de Na Porquera, s'espitxa a ca-seua, pas-
sen el Rosari, sopen 1 ja geure falta gentl

iQue me'n direu2 Ell lo endemà, a endemà pas-
sat 1 lo endemà passat s'altre i S'altre, el sen Fum, en
venir a's vespre de sa feyna, havia d'anar a veure
una estoneta Na Margalida Porquera, i, en passar
p'Es Collet, se sentia dins es cor una bona ponyida
d'afecte envers de Na Margalida, i s'aset s'avalotava
fent gran festa, i mes en feya si may topava aquella
gran ere

Sobre tot, ell dins un parey de dies el sen Toni
agafa es seu fiy, i li diu:

ae.
",NA
145,"due

l

l

138 t'ONDAYES MALLORQUINES I

—Mira, si Na Porquera t'agrada, prenlal que
també m'agrada a mil

I així hu feren: se casaren es joves, i tot roman-
gué pla i igual. l

I may sentiren a dir que Na Margalida Porquera
hagués fetes pus bruixeries.

S 10.
En Felet Cormena dona mal:-bossí a
Na Bet de So'n-Gatzella

Ho sé també de boca de l'amo Andreu de Ca'n
Barraques.

En Felet Cormena festetjava Na Bet de So'n Gat-
zella, però Na Bet li donà guerrer, s'estimà mes un
altre, i En Felet s'hagué de pegar un cop a la barra,
però en volgué pendre revenja.

Vengué sa Setmana Santa, es Dijous Sant a ves-
pre En Felet topa Na Bet p'es carrer i li allarga una
grapada de confits, dientli:

—dJasl Confiy de qu no los me despreciaràsi

Na Bet no gosà re qe pimes però massa li donà
a entendre que no volia haverles pus ab ell.

I ell que li digué d'un tros enfora:

—En los dies vendràs a cercarme:

Aquella paraula no caygué en-terra. Tals confits
eren mal—bossi per fer anyorar, i jprou que n'hi
feren d'efecte a Na Betl Assetsuaixi li entrà una
anyoransa d'En Felet, que no el se poria treure des
cap. Arribà que no menjava ni bevia ni dormia.

I es de So'n Gatzella:—Però, Bet, què tens 3Què
ès això, que no mengesè Ni tens alegria ni en dei—
xes tenir

A la fi la menen an es Metge, que la polsà, li
ua sa llengo, l'escoltà devant i derrera, i acabà per

if:

—i No sé que llamp puga tenir aquesta al-lotal

Per lo que pogués esser, li ordenà una purga i
unes cuyerades, però tot va esser com que posar un

a Os ia pas ——lÉ
",NA
146,"EN FELET COLMENA DONA MAL-BOSSÍ... 139
pegat a un banch. Com mes anava, mes granat la
ponyia s'anyorament d'En Felet, i sempre la tenien
pensa qui pensa ab En Felet.

En anarhi es fastetjador novell, aquella anyo—
ransa li fogia així mateix, però a's cap de mitja hora
d'aquell esserse'n anat, ja tornaven tenir Na Bet em-
bruixada ab s'anyorament d'En Felet.

Apurats de tot es de So'n Gatzella, per sontir de
tals emblavins, provaren d'acompanyar Na Bet an
En Felet, que paredava a ses. Rotes petites de S'on
Moro.

Allà la feren conversar una estona amb ell, i la
dona se posà una mica xalestona. Lo endemà la hi
tornen acompanyar, i amb una mica de rallar amb
ell se torna alegrar prou.

Seguiren fentho així mateix una temporadeta,
fins que En Felet posà es seus pensaments ab una
tal Margalidayna de Ca'n Dali-brou i no parà fins
que fonch casat ab ella.

Ab això a Na Bet de So'n Gatzella li passà aquell
anyorament d'En Felet Cormena.

Es que aquest li decantà, no saberen com, s'et-
sís de fer anyorar que ab aquells confits des Dijous
Sant a vespre li havia arrambat.

S 1.
En Tòfol Cormena etsisa ses mules de
Na Margalidayna Dali-brou

Es mateix l'amo Andreu me contà aqueixa altra
atsisada.

Casat En Felet Cormena, ab aquesta Margali—
dayna no fonch gayre llarch, comensà a dur xètiga
i xètiga, no se fiava de metges com a mal-bossiner
fi ni li serviren de res tots ets seus enginys d'elsisar
ni desetsisar, fins que finis finis va batre es peus i
se'n anà a veure St. Pere.

Na Margalidayna, que era tan afectada de fayó
i tan bereyola i babalueta com En Felet, prengué es

ee Pes
",NA
147,"140 RONDAYES MALLORQUINES I
papers d'aquest, ben segura d'arribar a esser una l
mal-bossinera d'aquelles de pel arreveixinat contra
tots es qui no li entraven per s'uy dret, i a tots los
donava per etsisadors i mal-bossiners, que la volien
arribar a piló, sortís des llevant, sortís des ponent.

L'amo'n Nofre de Ses Talayolines un dia R troba
molt niala, morrotosa i destrempada:

Li demana què té, i ella li diu:

—IjQuè he de tenirl Que despuysahir passà per l
sa nostra era es meu cunyat Tòfol, que no m'ha po- Ú
guda veure may amb uys que tenga, i ja que no té
poder per etsisarme a mi perque en sé mes que l
no ell, m'etsisà ses mules. l

— $ Què vol dir ses mulesè s'esclama l'uumo'n l
Nofre.

—Vol dir, respòn ella, que les m'ha etsisades. Ú
Les pobretes se posaren a tossir tot d'una, i tos qui l
tos. Sobre tot, les hagueren de llevar de demunt
s'era per que allà mateix no colassen la vida. l

— Margalidaynal Margalidaynal digué l'amo'n
Nofre. No'm pensava que fosses tan blaya. jVes qui l
hu ha vist may etsisar ses mulesl Me'n admir de tu
que encara cregues amb aquestes beneytures i fata-
llaries.

—iQuè deys vos, l'amo'n Nofre2 respòn Na Mar-
galidayna. ijQuant treys cara p'En Tòfol, deveu es-
ser tan polissardo com elll

—iUep, Margalidaynal jMirathi una mica mes
ab so conversarl diu l'amo'n Nofre de ses Talayolines.

Na Margalidayna el deixa en porret, i ja fonch
partida a cercar remeys per desetsisar ses pobres
mules.

Com hagué provats es remeys que li havia mos— I
trats es seu homo, que no serviren de res, però de
res, s'espitxa a Felanitx, creguda de que hi havia de
trobar mal-bossineres i etsisadores i desetsisadores
ben entemeriades i de s'escuma del dimoni.

Sembla que en trobà que li donaren gran corat—
ge i li asseguraren que adobarien ses mules, ab l
un sant-i-amèn.
",NA
148,"ea o ea a i CL a —— —e ss :
EN TÓFOL CORMENA ETSISA SES MULES ,,.— 141

Na Margalidayna feu tot lo que li digueren aque-
lles mandragolines de Felanitx, però ses pobres
Im ules, com mes anava, mes escotiflades i xereques

— —amaven, just ab sa pelleta i ets ossos.

No, per aixó s'acovardà Na Margalidayna, sino
que sagafa es derreres ab ses dues mans i jcap a
Giutat son ses feynesl a veure tota quanta de mal—
bossinera, etsisadora i desetsisadora li acusarien,
Anà a totes ses que li acusaren, que no foren po—
ques.

Aquelles males-ànimes li posaren un cap com
una ferrada, assegurantli ses mules, si les donava lo
que li dirien. Els ho prometé, i bons doblers que li
costaren tantes de consultes.

Se'n torna a ca-seua, dona a ses mules totes
aquelles coses que aquelles dimonieres de Ciutat li
havien dites, i ses mules sempre pitjor i pitjor. l

Arribaren que no feyen ombra. Aquelles barres
seues, de tan de no menjar, se varen resseure de tot,
i un dia dematí, quant ey anaren a veure com ha—
vien passada sa nit, les trobaren mortes.

Na Margalidayna Dali-brou cuydà estellarse de
plorar. És plant que feu, se sentia de mitja hora
lluny.

Es veynats ey acudiren a veure que era i feyen
tot quant sabien per consolarla.

—Pobres muletes meuesl deya ella. yVoltros heu
pagat per obligadesl jMales ànimes que no'm porien
tocar un pel des cosset meu, s'han volgut venjar de
voltrosi jPerò s'hi posaràn sa mal j La s'hi posarànl
pJo les he de fer fer mala fi, com som Margaliday—
nal jNo son tan bones dotze lliures de doblers con-
tants com lo que m'han costat ses medecines que els
he dadesl jJa hu saben ses bones persones de Fela—
niix i de Ciutat que les ordonarent jM'han des—
truida aqueys polissonsil yNo poren tenir perdò de
Deul iNo poràn veure sa cara de Deul jAncque el
dimoni en pas les he de destrovir/ No se'n escapenl
iCom som Margalidayna, que no se'n escaparànl

mes cre es —
",NA
149,"142 RONDAYES MALLORQUINES
Aquells veynats, com sentien tants de doys, ba-
janades i desbarats, li deyen:
—Deixau anar això, Madonal No hi penseu pusl
Posauho ab ses mans de Deu i deixauho córrert
Peró Na Margalidayna, lluny d'escoltarlos-se
gota, seguia destraletjant i descapdellant contra es
seu cunyat Tòfol i tots es qui pregaven p'En Tòfol,
fins que l'amo'n Nofre de ses Talayolines, que tam-
bé hi havia comparegut per compassió que Na Mar-
galidayna li feya, s'esclamà:
—iPerò, Margalidaynal I a on treu cap gastarte
dotzs lliures ab aquestes medecines que dius que't
donaren a Felanitx i a Ciutat per ses mulese I gquin
menescal les ordonà2 3A on havien estudiat aqueys
estornells o estornelles que anares a veure2
— i No les me pertoqueul digué Na Margalidayna
Eren unes bones persones, mes sabudes que tots es
menescals de Mallorcal
—jJa s'ès vist, digué l'amo'n Nofve, si eren lo
que tu diusl jSon uns bons testimonis ses dues po—
bres mules mortes que ni per s'escorxador serveixen.
Hl anar a creure que les t'havien etsisadesl jBons
etsisos mos do Deul jEs seu mal era tot magrorl jSe l
veva a la llegol Si ses dotze lliures que dius que l
gastares ab medecines, els haguesses gastades de l
faves per aquells pobres animals, sè serien curades l
tot d'una, i ara les tendries sanes i bones i fent bona I
feynal Però tu, mes caparruda que un forch d'anys, l
encapirronada ab so mal—bossi i ab sos etsisos, no l
t'has volgut escoltar,es qui t'avisaven per be, fins que l
has tengut es cap romput i ses mules manco. No't
vuy dir que te'n meresques mes, sino que demàn a
Deu de bon cor que't don mes seny i coses que con-
venguen. Amènl
L'amo'n Nofre de ses Talayolines se'n anà i lo (
mateix feren els altres veynats, deixant Na Marga- l
lidayna plorant i descapdellant cuantra ses males
ànimes que li volien mal i que li havien etsisades
ses mules, per venjarse d'ella perque era una mal-
Ú
H ese
——————
",NA
150,"EN TÓFOL CORMENA ETSISA SES MULES...— 145
bossinera mes fina que ets altres mal—bossiners de
tot es terme de Manacor.

iPobre Margalidaynal Deu l'haja perdonadal
Amènl

o 812.
En Juan Gol'let des Puig de Bon Any
i una bruixa des Pla de St. Jordi

Es mateix Andreu Barraques me contà lo que li
succei an aqueix Juan Gol-let, que habitava an es
Pla de St. Jordi, i li porien cantar sa cansó:

Estimat meu, dues eynes
son males de manetjar.
dDues en vols festetjar,

i ab una te veus ab feynesP

En gura aya dues de pitxorines. Una d'elles,
sempre que ell anava a s'altra, le hi tirava a la cara
tot d'una que el veya. Sa gran traydora tenia fama
de bruixa, però En Gol-let no hu sabia.

Notà ell que, en anar a veure s'altra santjordiera,
sempre a devers mitjàn camí, li sortia devant una
llebretona, fogint de d'allà com un llamp.

Contà allò a un amich seu, que li digué:

—Està alerta an aquella altra al-lota que tensi
pague està en fama de bruixa.

n Gol-let prengué sa seua: manlleva una esco-
peta, la carrega de pólvora, atach i perdigons beneits,
1 jcap a veure s'altre al-lotal a's primer vespre que
li vengué be.

Com fonch an es Pinar de So'n Sant Juan, sas/
li compareix a's mitx des cami aquell dimoni de lle-
bretona.

En Juan li apunta ab s'escopeta barres altes, i,
com anava a pegar tirada an es gatet, aquella llebra
alsa la veu, i li diu:

—No tirs, Juan, que som jol

i En Juan romangué ab sos cabeys drets, gira en
X coa, 1 jcap a ca-seual
L
",NA
151,"144 RONDAYES MALLORQUINES l
y: I
j / : vi Ni J / i dl V y
y h lar I h MM 1Í H N
Volei da es LAN 4 A N I Í A: DUE. iu:
h 3 y 4 A v ma ) h Li y A i hi
qi I È JE 4 4 MO SA) ) uv i Es AS: dé 4
LAN LA RI A JA 'M: 4: Ei El i A Ne R x
. ih I d TS RQ 1 È JA Ui xò EA / 1 / Ai i CiT 4 -
I at AE a. i yi EN 4: RvAL Aj
IN EC /ACA SRA AE TES SN, CES SS RN
uU (AN RAL Sa ARA À
NE EA AN SANS AL GN IX
0 Ad As DES NSSINE/ A,
Ò ns - a NN ES P UN, - CON SES qi NS
eso CS DP a IL NN Na SN
AN RD ES (SS I SER RS Ll A SS :
BN rr NR ASS DE
SS NS hm me aa el a, A is RA r 1 Al:
CNN ra a NY LAN, i, EI
NE ra (AS
R EN. Mer (a RE A EE , mala, ee
ANA SS GEN a LV di a
NA dr) XY DP Pira A cis i A
VAN ES Em RE
A Gas EI MA, Et Tees,
Com ell li anava a tirar, sa llebretona alsa la veu i li diu: —No tirs, Juan,
que som jol
Aplegà es quatre trestets que hi tenia, i fogi mes
que de pressa des Pla de St. Jordi, no aturantse
fins an es Puig de Bon—Any de Petra, fentse trons
l d'aquelles dues pitxorines des Pla de St. Jordi,
fiantse'n tan poch com d'unes cases que cauen.
/
8 15.
En Lau Fe't-pendre i dues bruixes
En Lau Fe't-pendre, d'Esporles, habitava a So'n
Fortesa de Puigpunyent i guerretjava també dues
al-lotes: una puigpunyentina i una d'Establiments.
Un dia anava a veure'n una i un altre dia s'altra.
Per anar a s'establimentera, havia de passar un
pont.
Ey solia anar a's vespre, i un dia, com fonch
dalt es pont, que feya una fosca que la porien tayar
l a espasades, li compareix un fogueró devant, que si
ell caminava, es fogueró caminava també de d'allà,
i si ell s'aturava, es fogueró /sas/ aturat.
",NA
152,"EN LAU FE'TPENDRE I DUES BRUIXES 145

En Lau estava ab sos cabeys drets d'aquella cosa
tan estraordinària. Amb això se gira derrera i se —
veu, set o vuyt passes lluny, un altre foguerò que el
seguia i que, si ell donava cap passa envant, es fo-
Mala el seguia, i, si donava passa cap an aquell
oguerò /sas/ es fogueró se feya enfora.

SA
Le P DO De 03 ls
DO A OE LO ACS RS Pa Vi
a P CG CR a f - HE Le oa en Es
rel Ma CCE re aa ae de
, EA jj RAE es Der 4' u
A CS ea es ls
Th 7 4 D 44 Hrre La IS IE rea 7, ho: nf ç
Cel Ut deter orientar deles Ci) ) mel
DP a Pe EE SE DS Ses AD ON,
Ses ED AS AT AD EU De dal
PS a ós DOS Le te MA a
, 2a era Cas er a ES I tec Gran Me el LE eres . Lltrr, A,
ms EE ARA LO ea ME Ce ap
fs ere ira Pare dl 7 PS Cia
ll fr. EE es
en a P ce i 7
DS SS er OR ns ee ANA
Del MES er de mb Cl P ls De
Dg get P ls a — — ea RED 2 SP
I ell dalt es pont i es dos foguerons plantats nou o deu passes lluny.

Aquí l'homo s'atolondrà de tot, tenia pell de ga—
llina per tot el cos, ses barres li prengueren es trot
des tremolor que li entrà, ses cames se segaren,
s'hagué d'asseure, i, si no li agafà bati-cor, fonch
que el Bon Jesús no hu volgué. No llevava sa vista
de dalt es dos foguerons, que estaven plantats nou o.
deu passes lluny d'ell, un a sa banda de Puigpu-
nyent, s'altre a sa banda d'Establiments.

En Lau provà unes quantes de vegades d'aixe—
carse, ps no fonch capaç, no hi havia homo.

I ell assegut.a.una vorera:des se 1 està de es-
tà i es foguerons plantats nou o deu passes lluny:a
cada costat d'ell sensa bategarse.

I així s'estigué fins que apuntà auba, i es fogue-
rons cop en sech s'esveiren i no'n veren pus la pols,
ni carbons ni cendra, com si no hi hagués hagut

T. V—10
as i BE ae aa Cl I
",NA
153,"146 RONDAYES MALLORQUINES
foch ni flamada allà on havien estat plantats tant de l
temps. l
En Lau Fe't-pendre s'aixecà així com pogué,
se sentia ofés de tot es cos, com si li haguessen do— I
nada una planissada de mort, tastanetjava, no hi
veya de cap bolla. l
Ranquetjant ranquetjant, pren cap a ca-seua. Li
costà molt arribarhi, s'hagué de colgar.
Sa mare i una germana que tenia, a forsa de
preguntes i d'impugnes, li feren dir què era lo que
i havia succeit.
Sa mare i sa germana, com el sentiren, digue—
ren: l
—Aixó no son mes que ses dues al-lotes que
guerretges, que estàn en fama de bruixes, i t'han
feta aquesta.
En Lau Fe't-pendre prometé de no tornarse acos-
tar pus an aquelles dues polissardes per res nat del
mon, sa mare i sa germana se'n van a contarho a
Pinquisidor, que crida aquelles dues revel-leres: sa
puigpunyentina i s'establimentera.
Elles tot d'una negaven, però veyent la mar bruta
i per por de que no elze fessen anar a besar es Sant-
Cristo-vert 1 elze succeis qualque fracàs, varen otor- l
gar. l
Això m'ho coatà la madona Bet Maria Llinàs i l
Comes de Puigpunyent, que hu sentia contar a la
gent empesa de per allà, però que no sabien quina
penetència posà l'Inquisidor an aquelles dues pitxo-
rines que havien donat tan grandiós retgiró an es
bàmbol d'En Lau Fe't-pendre.
Es segur que sa penetència fonch grosseta, per
que la se mereixien ben afavorida per haver apellat )
a rémeys tan estrems per junyir En Lau Fe't-pendre I
an es jou del Sant Matrimoni. l
: I
l
j
l I
l
",NA
154,"AE A P, PE Mg ———se— a a
SA PASSADA QUE SUCCEÍ A UN QUE LI HAVIEN .. 147
: 8 14.
Sa passada que succeí a un que li havien robat blat
i a un fiy seu que li desfeyen una casa

Un nebot meu, Antoni Alcover i Duràn, de So'n
Crespi-Vey, me contà que un tal Mateu des Rafal
li havia dit que fa una quinzena d'anys que a un llo-
carroner de devers Petra li robaren cosa de sis cor—
teres de blat que les tenia an es sol i a sa serena de-
munt un terrat.

Es llocarroner volia aclarir qui era que li havia
pegat aquell salt. Li acusen que a tal banda n'hi ha-
via un que sabia fer ses cartes, això ès, que, es—
capsantles 1 escampantles demunt una Gala, amb
una uyada que elze pegàs, sabia endevinar ses coses
que li anaven a demanar.

Es llocarroner se'n hi va, i troba aquell fedor de
cartes a sa llaurada, fuma qui fuma a s'ombra d'una
figuera, i dues someres, junyides, llaura qui llaura
totes soles.

L'homo romangué esglayat. Es fedor de cartes
eu conegué i fent es desintès li demana de que va,
es llocarroner le hi diu i aquell contesta:

—Sevys una mica, ses someres acabaràn sa llau—
rada, 1 llavò mos n'anam a ses cases () i aclarirem
això que voleu sebre.

Així hu fan, i, com son a ses cases, l'amo d'allà
se treu es joch de cartes, escapsa, i les escampa de-
munt una tauleta. l

—i Es que voleu sebre qui ès que vos ha robat es
blat, no ès ver2 diu an es llocarroner.

—Per aquensesl diu aquest.

Aquell se mira una estona ses cartes ben arreu,
fins que diu: l

—Hala aneml

(1) La casa d'una masia a on viven els conradors de la masia, s'usa
a Mallorca sempre en plural. No diuen s: casa de tal possesió o masia,
sino ses cases, sens dupte perque sempre hi ha diferents cossos d'edifici.

ia — — — els —
",NA
155,"148 RONDAYES MALLORQUINES I
Aplega ses cartes i les s'amaga, i se'n mena es
llocarroner dins una cambra fosca, roda clau de
part de dins i encén un llum que ses encruyés no
feyen creu.
—Duys res beneit demunt demana an es lloca—
roner. l
—S'escapulari del Carme i una mida de St. Sal—
vador de Felanitx, diu es llocarroner.
—Idò trevsvoshol diu aquell. i
Es llocarroner ey repugnava, però a la fi hi allar-
gà es coll perque aquell li aque que no li poria en-
devinar res si no se treya lo beneit que duya. S'ho
tregué a la fi, mes retgirat que un cuch.
—Ara m'heu de prometre, diu es fedor de car—
tes, que no vos retgirareu per coses que vegeu.
Aquell le hi prometè tremolant com una fuya de
poll.
Aqui es fedor de cartes posa un ribell d'aygo a's /
mitx de sa cambra, ey arramba es llum que ses en-
cruyes no feyen creu, i diu an es llocarroner:
—Ara és cosa de mirar arreu i no badar. Per
dins aqueixa aygo veureu passar coses i coses. En
veure passar ca-vostra 1 es terrat a on tenieu es blat, l
digau tot d'una:—Planto/ i reparau be lo que hi l
veureu. l
— Vaja idòl diu es des blat, mira qui mira fito
fito dins es ribell, que ets uys li cuydaven a botir.
Il allà comensa a veure passar coses per dins
duel ribell: aqui era un qui se'n duya una euveya,
. allà un altre que se'n menava un porch, alladessà l
un que se'n menava un bou, mes enllà un qui fogia
amb un viatge de figues, mes ensà un que se'n duya
dos sachs de mel-les, un altre, un bon viatge d'hor—
tolissa, un altre, dues garbes de faves, un altre, Ú
dues de xeixa. Amb una paraula, tot era gent de l
l'ungla, que arregussaven tot quant porien.
A la fi aquell des blat veu passar ca-seua per l
dins es ribell.
— Plantol diu ell tot d'una.
l
",NA
156,"ao —-————————————s —í—L————í—— Res en RS je eo eis os
SA PASSADA QUE SUCCEÍ A UN QUE LI HAVIEN .. 149

I encara no hu hagué dit, com zas8/ s'atura aque-
ila processó que rodava dins es ribell.

La les hores es llocarroner reparà tres homos
dalt es seu terrat que omplien sachs de blat i elze
se'n duyen així com els omplien. Eren veynats seus
que va conèixer de lo mes bé.

—Ja veig qui son es lladresl s'esclama es lloca—
rroner, girantse an es fedor de cartes.

I amb això repara que tenia un senyorot devora,
amb una cara feresta que acabava ab dues punxes,
amb una barba arreveixinada que li pegava an es
dobler de sa panxa, i ab sos peus forcats.

Aquí es llocarroner va compendre que allò era
el dimoni (jJesús, Sant Antonil). Senti que ses ales
des cor s'acopaven, tors es coll i cau en-terra es—
mortit.

Quant cobrà es sentits, no va veure negú en torn
seu.

Surt adefora, cerca qui cerca es fedor de cartes,
l'arriba a trobar, el paga i se'n va a ca-seua tot tras-
tornat. Des retgiró que duya, s'hagué de colgar, i
dins quatre dies va fer pell.

Aquest malanat tenia un fiy que fa devers tres
anvs, segons contà el mateix Mateu des Eu es com-
prà a Mànacor un tros de terra que hi havia una
casa veva, 1 la hi desfeyen picapedrers per fern'hi
una de nova.

Un dissapte s'hi presenten per cobrar sa feyna
que hi havien feta dient que no les convenia fern'hi
pus.

Allò li vengué de nou a l'amo de sa terra, però
no tengué altre lliveil que pagarlos i cercar altres
picapedrers.

Aqueys, com se posaren en feyna, criden l'amo
i li mostren dins una paret que ets altres picape-
drers havien mitx desfeta un jas com a de dues au-
fabietes o olles. /

Miren per tot allò si veurien tests o cap aufabie-
ta o olla, i no'n veren nat senyal.
",NA
157,"2 ———e ere
150 RONDAYES MALLORQUINES

L'amo i es picapedrers se sospitaven que ses au-
fabietes o olles d'aquell jas eren plenes de doblers
(or i plata) i que es mestres que les trobaren, les se
varen apvopiar ben d'amagat, i per això no volgue—.—
ren fer pus feyna an aquella casa.

L'amo se'n anà a Manacor a veure Si trobaria l
qualcú trempat per fer ses cartes i que li endevinàs
s endiumenjat d'aquelles aufabietes o olles i si eren
estades plenes de doblers o de carbons.

En Mateu des Rafal no digué an es meu nebot
si aquell amo arribà a trobar a Manacor cap fedor
o fedora de cartes que li endevinàs aquell caber—
moni. Lo que si li digué que aquell no volia anar
per res del mon an aquell de ses someres que llau—
raven totes soles, per no campars'hi tan malament
com s'hi era campat son pare.

S 15.
Es Fullet d'En Parragó (D

En Parragó era un lladre famós que la Justícia
no el poria haver en via neguna perque tenia fullet,
i el duya dins una butxaca en forma de fabiolet.

Per ves del mon el porien ginyar a treure-se es
jaquet a on duya aquella mica de fabiol, cregut com
estava de que mentres el dugués demunt no hi ha—
via forsa humana que el pogués capturar. —

Un dia d'estiu que feya una calorassa escessa de
tot, trobantse dins una taverna, se treu es jaquet
per espolsarlo-se, i, sensa sebre com, li cau en-terra.

Ets homos que hi havia dins aquella taverna tot
d'una se abraonen per ell, decantantlo des jaquet
tant com porien.

Ell eu feya de tot per desllapissarse d'aquells que l
eltenien abraonat, però com eren tants, li guanyaven.

Aqui es jaquet:se posa a botar i bota qui bota
cap an En Parragó. En Parvagó té sort d'avribarli i
d'agafarlo.

(1) M'ho contà mon germà Pere Jusep.
l
I
I
Re —
",NA
158,"a de ob BE Dalcicd :
UN QUE AB SO LLUNARI FEYA SORTIR EL DIMONI 15Í
. o Arribar En Parragó an es jaquet i descomparèi-
xer de dins ses mans des qui el tenien abraonat, va
esser tot u, i ja no el veren pus.
S 16.
Un que ab so llunari feya sortir el dimoni

N'Andreu Recó, un missatge que tenguérem
molts d'anys a ca-nostra, ens contava que una ve—
gada un amich seu, sentint a dir que un tal Paparró
tenia un Llunari i feya sortir el dimoni, se'n hi va i
li diu:

—Què vols, i me faràs sortir el dimoni2

—Què vuy2 diu En Paparró: un duret d'or. I

—Feta està sa barrinal diu aquell amich d'En
Recó, un tal Miquel Menday que fa molts d'anys
que ès mort.

—Resl diu En Paparró: tal dia, en tocar la Que-
da, ja compareixeràs an els Crevers ()

És vespre selietjat, a toch de la Queda En Papa-
rró i En Menday se toparen an es Crecers.

Surten des camí, travessen una partida de te—
rres, fentse enfora de la vila, fins que arriben a un
punt molt desolat.

—Hem d'esperar que toquen les dotze de la nitl
diu En Paparró. Lo que pories comensar a treure't
tot lo beneit que dus demunt.

—l iès precís això2 diu En Mendav.

—Tan precís, diu En Paparró, que si no t'ho
treyes, el dimoni no sortiria.

En Menday se treu un escapulari que duya, i el
penja a una figuera, a un endret que el tengués bo
de trobar.

Amb això se fa mitja nit. En Paparró se treu es
Llunari i ja és partit a lletgiv, i llitx qui llitx.

Assetsuaixí s'obri en-terva un forat, com es rol-lo
d' un arer, i en surt una grandiosa bavarada de fum
) de flama. ,

(i) Un entreforch de dos camins que hi havia devers allà a on ès
ara s'Estació des Ferro-carril.

El ml — —— — ll
",NA
159,"152 RONDAYES MALLORQUINES

En Menday se fa tres passes enrera per que sa Í
flamarada no el llepàs.

— 3 L'has vistè diu En Paparró.

—No, ni ganesl diu En Menday. l

—Fe't tres passes envant i el veuràsi diu En Pa- l

arró. pVeltallà dins es forat, que casi guaytal jArram-
balhi, i el veuràsi

—Jo'm fas botre d'ell i de tul diu En Menday an
En Paparró.

Li tira es duret d'or per sa cara, i fuig cap an l
aquella figuera a on havia deixat s'escapulari. Le hi I
troba, el se passa p'es coll, i jcap a ca-seua manca
gentl l

Ey arriba, toca, sa dona li obri, i, com el veu tan
trastornat, li demana què té.

—Ja t'ho contaré demàl diu ell. Da'm un Rosari
mes que depressal

Sa dona n'hi dona un, ell el se passa pres coll,
se colga, i no pogué cloure ets uys des trastorn que
duva.

Lo endemà demati, en lloch d'anarse'n a fer
feyna, se'n va a confessar: eu conta tot an es confés,
que li digué que per amor de Deu no hi tornàs pus
a ferse sortir el dimoni, si no volia que aquest l'en—

forcàs i el fes pegar de bech dins infern. I

En Menday cregué es confés i fou un homo con-

forme tots es dies de la seua vida. l
S 17.
Es Moliner des Molí-nou i dues bruixes l

Mon germà Andreu conta que, quant encara a
Manacor no hi havia es cementeri i que enterraven
dins l'esglèsia o an es fossar, aferrat ab l'esglèsia,
succei un vespre que es moliner des Moli-nou,—
aquell moli que trobau en sortir de Manacor p'es
camí d'Artà —se retirava tocada ja la Queda. Passa
p'es fossar, que tenia sa paret baixeta, i hi afina
dues bubotes. S'hi arramba per veure que era, 1
foren dues dones que desxuvaven un infant mort.
",NA
160,"ES MOLINER DES MOLÍ-NOU 1 DUES BRUIXES — 155

—Ja son bruixes, pensà ell, que desxuyen aquest
infant per durlo se'n trossos a ca-seua, coure'l i fer—
ne auguent per untarse'n i porer volar (D

Això fonch es pensament que li vengué tot d'una.
Però aquelles dues se temen d'ell, no se'a pensaren
cosa bona, i ja hi estàn afuades com a lleones.

Ell eu dona a ses cames, correns tan com poria
cap a ca-seua, i elles jdevvrera ell, ja't'gaf, ja't tenchl
I ell ide quatresi tant com en poria treure.

A la fi arriba an es Moli, pega sempenta a ses
portes ab tota sa forsa, ses portes s'esbadellaren i
pogué entrar. Li vengué ben rinxo-rinxo. Amb un
pochi mes ses bruixes l'apleguen.

L'homo se'n dugué tal retgiró que li cavgueren
tots es cabeys, 1 fou tota la vida un pelat de la pela—
desca d'allò mes pelat.

8 18.
L'Amo de So'n Cardaix fa sortir el dimoni
a un estol d'al'lotellots ,

L'amo Andreu de Ca'n Barraques me contà
aquesta feta de l'Amo de So'u Cardaix d'Artà, que
era molt aspre i vepelench i atabuixava massa sa
gent que tenia a fer feyna per que n'hi fessen molla.

Un any de molta de fum tenia un tay d'al-lote-
llots molt dastres i cap-esflorats. Elze feya espedre—
gar es sementers, 1 no hi havia qui los manetjàs: ni
estaven p'es Majoral ni per l'Amo i aferraven allà
on porien: li robaven ous, gallines, coloms, fruyta
tota sa que trobaven, i fins i tot es tabacl..

A la fi l'Amo acaba sa paciència de tot: elze cri-
da dins una cambra gran. Com els hi tengué, tanca
ab clau i se posa sa clau dins sa butxaca, i elze diu:
me ió, Això de que les bruixes volassen, en casi tots els casos no :
ssava d'una ilusió. Ara el fet d'elles de robar cadàvers d'infants i fins
infants vius i ferlos bossins i courelos per ferne auguent, era sovint un
fet ben real i per lo mateix un crim que demanava un càstich i que els
tribunals de totes les nacions civilisades penaven i castigaven ben fort,
mes a las nacions estrangeres que no dins Espanya.
",NA
161,"154 RONDAYES MALLORQUINES

—Treysme tot quant m'heu robat, o vos fas sor-
tir el dimoni i vos ne du tots.

Aquells bergants negaven, jurant i perjurant que
no li havien robat res. ,

Ell a la fi se treu es llunari, i ja és partit a llet—
girhi. ,

I heu de creure i pensar que assetsuaixi fa un
tro ben esquerdat, s'obri dins aquella cambra com
una boca de forn de calç, i bones bavarades de fum
ben negre i ben espès i venga flamarada i altra fla-
marada, i a's mitx d'aquell fum i d'aquelles fiama-
rades se planta una fJantarmota molt feresta.

Aqui tots aquells al-lotellots feren ses feynes dins
es calsons, i crits i plors i descapdell, confessant
tots que era ben ver que havien robat tot quant ha—

vien pogut, però que tot eu restituirien fins a dobler
i maya, buydantse allà mateix ses butxaques de tot
lo que havien fet seuvatge an es senyor.

Aqui l'Amo elze feu dir es Credo ben fort i sensa
deixarhi cap mot.

Tots le hi digueren ab bona devoció, i ab so dir
es Credo aquella //antarmota descompàregué ab sa
fumassa i ses flamarades, se clogué sa boca de foch,
l'Amo obri sa cambra, tota aquella al-lotellada se'n
anà corrents cadascú a ca-seua a dur ses coses que
tenien robades, elze posaren en mans de l'Amo, i ja
no elze vengueren pus ganes de robat ves a negú.

S 19.
Es fullet d'En Biel Corcó i En Damià Fosch

També m'ho contà l'amo Andreu Barraques.

En Damià Fosch era un d'ets homos mes esfor—
segats i mes acorats, no menava por a Meco i may
l'havien vist acoquinat per res.

En Biel Corcó un dia li diu: È

—Tu dius per tot que no menes por a Mecot
que no't retgires per res. Idò jo't gos de messions
que te'n faré de por i que't retgirarèl
",NA
162,"vv
ES FULLET D'EN BIEL CORCÓ I EN DAMIÀ FOSCH 155

—iCa, homol diu En Damià Fosch. No bastes tu
ni cent com tu.

— Res, diu En Corcó. Anit, en anarte'n a colgar,
tanca be per tot, embarta totes ses portes, roda clau

a tots es panys, que jo en punt de les dotze t'entraré
1 me presentaré devant tu a dirte:: Bon vespre, Da—
mià.

—Arva eu he de veure, diu En Damià, si tendràs
tants de fets com llengo.

En Fosch, com sent la Queda se retira a ca-seua,
tanca ben tancades totes ses portes de la casa, posa
barra per tot i roda clau a tots es panys. Passa el
Rosari, sopa i se'n va a geure es mes descansat del
mon, i al punt estigué mes dormit que un sauló.

iQue me'n direu2 Ell en punt de les dotze En
Biel Corcó se planta dins ca'n Damià Fosch. dins
sa cambra i devant es llit a on geya En Damià.

En Biel pega fregada a un misto de pelleta, en—

cèn una candeleta que duya, crida En Damià,
aquest obri ets uys, i, com se veu En Biel devant,
romàn sensa polsos i ab sos cabeys drets.
I En Biel que li diu:
—iQue has acabada sa son, Damiàt l
—jl prou que l'he acabadal diu aquest. Però be
l iper on dimoni ets entratè
l —Mira totes ses portes, finestres i forats d'aques-
i ta casa, veyam si hu afinesl
En Damià mira per tot i hu troba tot tancat i re—
: de-tancat, i l'homo se donà per vençut, i digué:
l —Ara veig, Biel, que ès ver lo que diu la gent,
l que tens fullet i ab so fullet entres i surts fins i tot
l p'es forat de sa clau i no hi ha qui. te puga haver a
cames, si tu vols.

Desde aquell dia En Damià l'osch no bravetjà

/ pus devant'En Biel Corcó.
he
",NA
163,"I
156 RONDAYES MALLORQUINES
1 8 20.
Na Juana de Paguera i un soldat ciutadà (D

Na Juana de Paguera era una bruixa que se
feya ses sopes devers la Bona-Nova per sa banda
des Castell de Bellver.

Un soldat ciutadà, nadiu des barri de Sa Gerre-
ria, la festetjava.

Un any es dia de la Trinitat, que era sa festa de
carrer de Sa Gerreria, i hi havia ensà i enllà fes-
ters encesos i molt de truy i bogiot per tot es barri,
Na Juana de Paguera dona una poma an es seu fes-
tetjador. Aquest la s'amaga, deixa Na Juana ab s'es-
cusa de que tenia feynes. Com fonch enfora d'ella,
s'arramba a un fester, ben carregat d'estelles, casi
totes ablamades.

I ique fa ellè Tira aquella poma dins aquell fes-
der, i encara no la hi hagué tirada, com aquella po-
ma comensa a fer trons 1 mes trons, i al punt estella
per aquí i estella per allà, i brasa per un vent i caliu
per s'altre vent.

—iQue dimoni té aqueix festeirt demanava tot-
hom, esglayat de que fes tot allò.

Es soldadet, com va veure esjoch tan mal parat,
per no esserhi demés, eu dona a ses cames, 1 pus
may volgué sebre res de Na Juana de Paguera.

8 21. ,
De com feren sortir el dimoni dins sa Tafona
de Santacirga

Com jo era al-lotó, que estàvem an aqueixa pos-
sessió, sentia contar que, quant ey estava ún tal
Reull, que s'hi destrui i se'n anà deixant un revell
a sa baula de ses portes, un vespre en temps de fer
oli, lletgint es llunari dius sa galera de sa tafona,
això ès, devant sa foganya de sa caldera, feren sor-

(1) M'ho contà la madona Catalina Tomàs Pinya, de la ciutat de
Mallorca.
",NA
164,"EN TIÀ CORMENA I NA SUSAVNA JAUMELLA 157
tir el dimoni (jJesúsi jSant Antonil) en forma de:
boch demunt una post que hi havia, afitorada a sa:
Jàssera des truy i a sa paret de s'enfront.

Un temps es pagesos que se destruien a una po-
ssessió, la deixaven en banda sensa avisar es se—
nyor, i com a senya de que eren fuyts per no tor—
narhi i que no tenien d'on pagar, deixaven un re—
vell a sa baula de ses portes.

No ès d'admirar que acabàs tan malament aquest
Reull si era pàtrich, lletgint es Llunari, de fer sor—
tir el dimoni en forma de boch.

éCom poria acabar be fent tals fantasiest

S 22.

En Tià Cormena i Na Susayna Jaumella

M'ho contà també l'amo Andreu Barraques.

Tota sa nissaga de Cormenes eren nal-bossiners.
En Tià, germà d'En Felet i d'En Tòfol, guerretjava
Na Susayna Jaumella que estava per criada ab l'amo
Andreu, però ella no anava d'ell per sa fama ab que.

estaven tots es Cormenes.

En Tià la topa un dia que venia amb un paner
de figues flors. N'ofereix una grapada a Na Susay—
na, aquesta no les volia, però a la fi les pren per no
ferli un desayre, i les se menja ab certa repugnàn—
cia perque no se'n acabava de fiar de tal subgecte..

iQue me'n direu2 Ell Na Susayna comensà a
anar desbaratada des cap, i no feya mes que ano—
menar En Tià Cormena: i En Tià això, En Tià allò.
7, no l'heu vist an En Tià2 3l a on deu esser En Tiàt

si ell no vé, jo me'n hi anirél

I'no la treyen d'En Tià, ni menjava ni dormia,
ni feya brot de feyna, i si l'avisaven de res, era lo
Tnateix que dirho a sa paret.

— A ca-l'amo Andreu urtibarèn a estar Ci ada de
tot. Criden En Tià per sebre què era tot allò.

En Tià compareix, però no en pogueren treure
sentència.
",NA
165,"158 RONDAYES MALLORQUINES
Com Na Susayna el vé, se posà tota xalesta, i l
Tianet aixòl i Tianet allòl i tot era Tianet. l
Però com En Tianet se'n va esser nat, ja torna-—
ren tenir Na Susayna entabanada i desbaratada,
just una euveya modorra, demanant En Tià i fentse
trons de tot lo que no fos En Tià.

L'amo Andreu a la fi posa Na Susayna dins es
carro, i la se'n du an es Metge per veure que era
allò i que li donàs qualque medicina per decantarli
es mal.

Es Metge la se mirà ben arreu, la pregunta d'un
vent i altre, i digué en rudes que no li veya mal ni
sabia què pogués esser allò que tenia, mes que una
exaltació nirviosa. Li recepta una bona purga de se-
net i unes cuerades per veure si li tremparien es. —/
nvirvis i si l'apacivarien, recomanantli tranquilidat,
repòs, distracció i fora mal-de—caps de res.

Se'n tornen a Ca'n Barraques, feren lo que havia
dit es Metge, i tot d'una pareixia que Na Susayna
anava per be i que aviat hauria tirat es mal a sa
paret, però al punt se tornà desbaratar. Prengué al-
tre pich es cap de fil d'En Tià, i Tià per amunt i
Tià per avall, 1 Tià p'es llevant i Tià ples ponent, i
tot era Tià.

I no hi hagué altre llivell que En Tià ey anàs ca- I
da parey de dies a festetjar una estona: perque, en
veurelo—-se devant, Na Susayna se componia tot d' l
una: era com que posar oli a un llum. l

Es de Ca'n Barraques veren sa gent de Na Su— l
sayna i elze digueren que no tenien mes remey que l
casarla amb En Tià Cormena.

I En Tià que escampava per tot que Na Susayna l
no se casaria ab negú mes que ab ell, per mes que I
esperonetjassen tots els de ca—ella. I confessà a un I
company seu de tota confiansa que els encanteris l
que havia donats a Na Susayna ab aquelles figues l
flors que hem vist que li feu pendre, era anàt a Fe- l
lanitx a comprarlos de Ca—Sa Mistera, .sa mal-bos-
sinera mes fina de tot Felanitx, a on diuen que (

l
4 : eu —— a ——— dei - : J
",NA
166,"EES ee—— ES set dr oi gr
UNA BRUIXA DESTAPA SES MANGANRUFES... — 159

hi ha ses mal-bossineres mes entemeriades de tot

Mallorca. .

Sobre tot, s'etsisament de Na Susayna per obra
des mal-bossi que en Tià Cormena li donà, se resol-
gué casuntse tot dos, i una volta casats es mal va
esser mort. Na Susayna romangué sana i bona i En
Tià Cormena no pensà pus en so mal—bossineratge,
sino en fer ca-seua, com pertoca a tot homo casat.

$ 25.
Una bruixa destapa ses manganrufes d'un enamorat (1)
o AixÒ era una bruixa ciutadana que sabia el di-
moni a on se colgava, i no hi havia qui l'hagués a
cames.

No admetia negú a ca-seua, en no esser a la
mala hora de la nit i ben d'amagat, per por de l'In-
quisidor, que menava molt de prop tot això de brui-
xes, bruixots, mal-bossiners i fullets. Per això sa
polissarda no trebayava casi may a ca—seua, sino
que se'n anava de dia per assi i per allà amb escuses
d'una cosa o altra, i feya de ses seues allà on poria.

Un dia la topa una al-lota des barri de Sa Ferre-
ria que festetjava un soldat que el se n'havien duyt
a fer es servici a Cartagena, i desitjava ferm sebre
noves d'ell, i creya que negú era capaç de donarn'hi
tantes com aquella bruixa.

—Es teu enamorat diu sa bruixa. jBona clepa
hi ha amb elll

—l iquè voleu dir vos amb això2 diu s'al-lota.
ee —Lo que vuy dir, diu sa bruixa, que V'engana
com una xina.

o: —3Com ès ara2 diu s'al-lota.

—Que va a una mala casal diu sa bruixa. I hi té
tantes de feynes com es cans a l'esglèsia.

— Que me deysl sA una mala casal diu s'al-lota.
""7 (1) Ho contava la madóna Catalina Tomàs Pinya, Ce la Ciutat de
Mallorca, i m'ho contú a mi lo seu fill, Mn. Juan Aguiló, al cel sia ell,
",NA
167,"l
160 RONDAYES MAIIORQUINES

—Res, diu sa bruixa. En volerte treure es gat
des sach, vina a ca-meua en haver tocada la Queda.

Aquella al-lota tengué foch dins ses sabates, i
aquell mateix dia, tocada la Queda, s'espitxa a ca""
sa bruixa.

En punt de les dotze, se tanca sa bruixa amb
aquella al-lota dins una cambra, encèn una candela
verda, posa un ribell d'aygo en-terra amb una post
de rentar de través dalt es ribell, i diu an aquella
al-lota:

—Treute tot lo beneit que dus demuntl

—lI justament m'ho he de treure2 diu ella.

—SI no t'ho treus, diu sa bruixa, no porem fer
res. l

S'al-lota a la fi s'ho treu, tota retgirada, i sa brul-
xa li diu: l

—Passa per demunt aqueixa post allà dessà es
ribell, i, en passar, jalerta a dir cap nom beneitl Si
en deyes cap, cauries dins mar, i fins an es fons no.
V'aturaries, 1 ja no't veurien pus. Ú

Com aquella al-lota senti aqueixes comanda-
cions, si l'haguessen saynada, no n'hi haguessen tre- Ú
ta gota. Tremolava com una fuya de poll, no sabia
que li passava. (

A la fi cobra coratge, i per demunt aquella post
passa allà dessà es ribell.

. Sa bruixa llavò lleva sa post des ribell, i diu an
aquella al-lota:

—Mira ben arreu dins aqueix ribell a veure si hi
afines es teu enamorat.

Passen un parey de minuts sensa sentirse una
mosca fins que s'al-lota pega crit, dient:

—Ja el veigl Es elll Du es jaquet dalt s'espal-lat
Està per entrar dins una casal

—Jjas aqueixes tisoresl diu sa bruixa. yTayaliss
boca de sa mànega esquerral Depressal

S'al-lota agafa ses tisores, les afica dins es ribell,
pega tisorada an aquella mànega, li taya sa bocat
a se fa venir dins ses seues mans. l

I
P ce ae a
",NA
168,"cual Pe"" — Re ss
LA ROCA DES CASTELLET I S'ENCANTAMENT QUE HI HA 161

Sa bruixa posa altra volta'sa post de rentar dalt es
ribell, s'al'lota hi passa, paga a sa bruixa lo convengut, i
de d'allà cap a ca-seua, i ben alerta a dir res a negú de
tota aquella feta de ca-sa bruixa.

Passa un quant temps, i un dia se presenta an aquella
al'lota es seu enamorat, que havia acabat es servici, i se'n
venia ben resolt a casarse ab ella.

—é Casarmose2 diu s'al'lota. iNo vaig d'aglansi Jo no'm
cas ab un que m'engana.

—l éa on treu cap Sortitme ab aquestesP diu s'enamo-
rat. él quant t'he enganada may

— cQuantP diu s'al'lota. iTal dia i tal horal

lli anomena es dia i s'hora que ella a ca-sa bruixa el
va veure que entrava an aquella mala casa.

—Es fals i mentida tot aixòl diu s'enamorat.

—él això ès fals i mentida també2 diu s'al'lota, i li mos-
tra es tros de mànega que ella li havia tayat ab aquelles
tisores que li donà sa bruixa.

Com s'enamorat veu aquell tros de mànega que fal-
tava an es seu jaquet, romangué tot contús i atxul'lat.
Tracta s'al'lota de mala bruixa i de coses pitjors i se'n anà
tayant claus i aspergiant com un carreter.

Encantaments, tresors, gegants, :

negrets i por
o tl
Sa roca des castellet i s'encantament que hi ha

Com vos n'anau de Manacor a Felanitx, qu'heu cami-
nat un quartet, deixau a mà esquerra un serrat de munta-
nyes que tira cap a xaloch. -

Sa primera muntanyola se diu s'Hermita, perque en
es sigle passat n'hi havia una, dedicada a Sta. Llocia.

Sa tercera, qu'ès un poch mes baixeta, s'assembla a un

(1) Com jo era al'lotó, els allots í la gent vella no contaven altra cosa.

T.V.li1
",NA
169,"162 RONDAYES MALLORQUINES l
formiguer, i du per capsana una grandiosa roca o penyal,
que fa sa figura d'un covo.

Però jiquin covo, Deu meul

Deu tenir una setantena de paums d'alt i mes de cent
de redó.

Se diu sa roca des castellet.

éSabeu com ès que hi ha tal penyalàs a sa cucuya de
aquest pujolP

La gent diu que va esser que una vegada un gigant
passava per allà, i se va sentir cosa dins una sabata.

La se treu, i va esser un macolí que li era entrat
caminant caminant.

Tomba sa sabata, es macolí cau, i ell segueix sa
seua via.

Aquell maco/í va esser sa roca des castellet.

Baix d'aquesta roca hi ha un encantament, segons
conten. I

Vetaquí lo que diuen que s ha de fer per treure'l, per si
acàs vos ne venen ganes.

Per treure aquest encantament ha d'esser el Divendres
Sant a vespre com sa processó roda.

Es qui'l vulga treure, hi ha d'anar tot sol, i se'n ha de
dur tres llesques de pa beneyt.

S'ha d'ageure d'esquena su baix de sa roca, ab una d' i
aquelles llesques en es peus, una demunt es pits i s'altra
demunt sa boca.

I no ha d'estar retgirat, ni s'ha de retgirar gota, per
coses que veja. I

Son molts qui han provat d'anarhi, però los ès entrada
tal por, ja p'es camí, que han hagut de tornar arrera.

N'hi ha haguts arribar a sa roca, però, com s'hagueren
d'ageure, es coratge no los bastà, i ho donaren a ses cames.

Si un s'hi agegués ab aquelles llesques, així com hem
dit, i no se retgiràs gens, conten que de devall sa roca, I
sortiria una serpetota com un espigó d'arada, i venguen
bones verducades i bons siulos. Si aquell no's mogués l
ni's retgiràs, ella s'hi acostaria: li pendria sa llesca de dalt l
es peus, la s'engoliria, i tornaria de grossa com una biga
de tatona, i llavò sí que'n pegaria de verducades i siulos.

Si aquell encara no se mogués ni se retgiràs, ella s'hi l
acostaria de bell fresch, li pendria sa llesca de dalt es piis,
la s'engoliria, i tornaria com un uró (U de gruixada. I lla-
(1) Es una especle de tonell, fe: de rest de fenoll, serveix per encistar l
EE de El EES dE et —————L— Í — si J
",NA
170,"ES TRESOR DES PUIG DE NA FÀTIMA 163
vÒ Sí que ho serien ferestes ses verducades i esglayadors
es siulos.

Si aquell encara no se mogués ni se retgiràs gens, a-
les-hores ella li pendria sa llesca de dalt sa boca, la s'
engoliria, tornaria com una torre de molí de vent: faria un
tro des mes esquerdats, que'l sentirien d'una hora al redó,
i sa serpetassa esclataria en dobles de vint, i es caramull
faria tan de comú com ella.

Se conta que n'hi ha haguts que fins a sa primera i sa
segona llesca no se retgiraren, però llavò es coratge los
mancà, sa por los se va ter seus, i sa serpetota pegà crit:

—M'has redoblat s'encantament, ja seràs pobre tota la
vida. D

Il s'entonyà devall sa roca, esperant que n'hi vaja un
altre de mes acorat.

Fins a les presents, tots es qui hi son anats, sa por los
ha traits, i han feta quetxa.

$ 2
Es tresor des Puig dè Na Fàtima P

éQui és qui no sap es puig de na Fàtima de Puig-
punyent2

Aquesta Fàtima era sa fia d'un rey moro que romangué
encantada dins un penyal d'aquest puig.

No molt lluny hi havia un tresor ascondit, d'aquells
que es qui los deixava ascondits, no poria entrar an el cel,
que qualcú no los hagués trobats.

Idò heu de creure i pensar que una vegada una fadrina
se retirava horabaixench de tot, i passa per su allà aont hi
havia aquest tresor amagat.

Sent una veu que li diu:

—jEscolta, garridal iGire't un pochl iGire'tl

iBona estigué ella per escoltar ni girarsel
fiques seques, Els urons solen tenir set o vuyt paums d'alt 1 altre tant de
diàmetre.

(1) Un missatge de ca-nostra, que fa moits d'anys qu'es mort, el sen Andreu
Pellerenca, al cel sia ell, contava que a la costa des moll den Sopa (tre3 quartets
lluny de Manacor anant per el camí des port) hi havía també un encantament, i
per treurel havien de fer lo mateix qu'acabam de dir. Era també una serp per
l'estil que hi sortia.

(i) M'ho contà la madona Catalina Comes i Cladera, de Puigpunyent.
",NA
171,"164 RONDAYES MALLORQUINES
Com la bala se'n anà sa pitxorina, i ab quatre bots
fou a ca-seva, mes retgirada que no sé que'n diga.
No hu contà a ningú ni tornà passar pus per tal punt. l
Se casa, té una fia just ella, i aquesta fia, com tenia
una quinzena d'anys, volgué la bona sort que un hora-
baixa també passós tota sola per aquell mateix endret des
tresor amagat, i sent una veu: l
— jEscolta, garridal iGire't un pochl jiGire'tl
Ses derreres que tengué de escoltar ni girarse.
Com un llonzí se'n anà ella cap a ses cases, tota ret-
girada.
Ho contà a sa mare, i sa mare li digué:
— i Creuràs que, quant jo era com tu, me succeí lo
mateixP
No'n tornaren parlar pus, ni manco'n passaren altra ,
volta mare ni fia.
Sa fia feu... lo que solen fer ses fies en esser grans: l
se casà, i tengué una fia, també just ella i sa mare. I
Com aquella nina hagué doblegats es quinze, sa mare
i sa padrina li digueren: I
—Mira, si may te succeiía de passar tota sola per allà
ont diuen que hi ha un tresor amagat, i sentisses cap veu
que't digués:—iEscoltal iGire'tl —ature't, i escolta, veam I
que serà, perque has de sebre que a noltros dues, com l
erem de sa teva edat, passant totes soles per alià, mos cri-
daren que escoltàssem i mos giràssem, i noltros fogírem
mes que de pressa.

Aquella al'lotella era agosarada de tot, que no l'espan-
tava un retgiment de soldats, i heu de creure i pensar
que un horabaixando Deu va compondre que ella passés
per aquell mateix endret des tresor.

Cop en sech sent una veu: A

—jEscolta, garridal jGire't un pochl iGire'tl

La dona s'atura, se gira, i diu:

—Si ets bona cosa jveyés que volsl i si no jivesté'n a
lo mes fondo del internl

Al acte li compareix allà una serpetota com una biga l
de tafona, i sa veu li diu: l

—jAh si tu sabesses jo qui som i sa pena que pasi

—Digauho qui sou i hu sabré, respòn ella.

—Som un antepassat teu, respòn sa veu. Vaig deixar l
amagat aquest tresor i no puch entrar al cel que qualcú l
no P'haja tret. Ú

l
i
l
——ÉÉ ae Old
—n a
",NA
172,"SA POR DE MANCOR 165

— Digau idò qué he de fer per treure'l, respòn s'al'lo-
tella.

—iPassa tres parenostros per míl diu sa veu.

S'al'lotella s'agenoya, i diu es tres parenostros ab
bona devoció.

Encara no hagué acabat es derrer gloria Pafrí, com
aquella serpetota. que ja era tornada com una torre de —'
molí de vent, esclata tent un tro espantós, i tot foren
dobles de vint. ,

Tres carros hi hagueren d'anar per durles se'n totes.

Ja ho crech que a casa d'aquella al'lota foren richs per
tota la vida, i los seus encara ho son.

iEll no se troben aontsevuya tres carretades de dobles
de vintl

$ 3
Sa por de Mancor P

A Mancor un temps hi havia una casa que hi sortia
por.

Hi sentien es vespres un rebumbori ferest de cadenes
qui rossegaven, bigues qui croixien, parets qui tremolaven,
potades i corregudes demunt es sòtil, lo mateix que Si
hi passàs un retgiment.

Aviat ningú hi volgué estar en aquella casa, i roman-
gué tancada.

Un vespre una partida de fadrins, es mes estorsegats
i agoserats des poble, cansats de córrer carrers, canta qui
canta i sona qui sona sa guiterra, esclamaren:

— $ Que mos n'anam a veure sa por si mos surt

—jAnemhil digueren tots.

Se'n van a l'amo d'aquella casa a demanarli sa clau: :
les ho dona, i s'hi espitxen tots ab un garrot. Obrin, rego-
neixen tota la casa, sensa dejar auberjó ni enfony. No tro-
ben ningú amagat ni veuen fressa de res.

1 Ho contava a Ca-nosíta el sen Miquel Esquerri, de N'ancor.
",NA
173,"166 RONDAYES MALLORQUINES l
Hi havia un llit demunt es sòtil, i s'hi ageuen tots: eren
quatre
Acaben s'enfilay de parenostros que tenien costum de
dir, apaguen es llum i tomben.
No haurien tengut temps de dit un Credo, com tot ab
u esclata un telabastaix aborronador: cadenes qui rossega-
ven, bigues qui croixien, ses parets qui com que tengues-
sen es ball de sant Vit, i es sòtil qui anava i venia lo ma-
teix d'un arer dalt unes engandores, i llavò unes potades
i unes corregudes i unes sodrogades com a de bistis i
carros i gent avalotada, just si el mon se'n hagués de venir.
Aquells fadrins peguen tregada a un misto, encenen es
llum, i al acte tot s'acabà: ni sentien una mosca, ni ve- l
ren cap cadena, ni cap biga rompuda, ni cap paret croixi-
da, ni era coneixedor que es llit se fos mogut un pel.
Tornen mirar per tota la casa, i ni trobaren ningú ama- l
gat ni cap porta ni forat ubert, per ont sa por hagués po-
gut entrar ni fogir.
— No res, digueren, colguem mos de bell nou, i apa-
guem es llum, veain què succeirà.
Se colguen, apaguen es llum, i ja'u crech que tot d'
una romp cop en sech es mateix telabastaix de s'altra ve-
gada: i llavò sí que'n rossegaven de cadenes, i hi croixien
granat ses. bigues, i hi ballaven talagueres ses parets, i
s'hi engronsava garrit es trispol, i n'hi feyen de corregu-
des i potades i sodregades aquells carros i bisties i gen- l
tada qui no se deixaven veure i movien tan d'avalot. Llavò
sí que ho pareixia que tot anava a fer uy. I
l aquells quatre que, si no s'aferren tan fort an es I
pilars i a ses cuixeres, no sé aont botien, ab ses sondro- l
yades que pegava es llit. I
A les hores ja no les tenien totes segures, però ben (
alerta que hi anaren tots a confessar que sa por ja los en-
trava. l
Peguen fregada a un misto, encenen es llum, i tot I
aquell telabastaix s'abolí cop en sech, i ni una mosca, I
que era una mosca, que no sentien. I
Encara tengueren coratge de regonéixer tota la casa de l
bell nou, per veure si afinarien res, i jque havíen d'afinarl
Ni hi havia cap biga croixida, ni cap paret consentida, Ú
ni era coneixedor que es llit se fos mogut un pel, ni que fos /
passat ningú per demunt es sòtil, ni rastre de cadenes ni i
de res, ni cap portal ni finestra ni torat ubert, per ont sa
I
l
a E——— api la Pd dera: cie
",NA
174,"Ú

h

SA POR DE MANCOR 167
por hagués pogut entrar ni Sortir.

—Sobre tot, digueren aquells, així mateix és gros tant

l de rebumbori i tant d'estray en apagar es llum, i, en en-
cendre'l, que tot s'aufech, i no se veja res ni's senta una
moscal Sobre to:, ja que hi som, n'hem de veure la fí:
colgueim mos altra volta, i apaguem es llum, veam que
succeirà.

Diti fet, se colguen, apaguen es llum, ija ho crech
que hi tornaren esser a bous tot d'una.

Llavò sí que hi esclatà ferest i aixordador es rebum-
bori, llavò sí que'n rossegaven de cadenes: pareixía que hi
havien traginades totes ses des Moll. Llavò sí que'n feyen
de fra-trachs ses bigues, que com que tota sa canyissada
i teulada s'hagués de abisar. l no vos dich res si ballaven
ses parets, i si'n sentien de corregudes i potades i bro-
git de carros i bestiar i de gent avalotada, que no hi ha-
vía qui hi paràs. l aquells quatre ben aterrats an es pilars
i a ses cuixeres, perque es llit era lo mateix d'un poltro
ajogassat, que es jochs el roeguen, i venguen bots per
devant i de costat i alsades de cul. jO quines engronsa-

des que pegava aquell llitl

A la ti aquells, així com pogueren, freguen un misto, i
encenen es llum.

lja ho crech que al acte tot va haver acabat: ni una
mosca que no sentien, ni res mudat ni mal adesat que no
veren.

Lo que afinaren a un recó fonch un senyorot assegut a
un tabulet, fuma qui fuma, amb una pipa com es puny, ab
un canó d'una brassa, i bones xuclades, i sa seva boca i
oronells que eren com a tres tumerals.

iMare de Deu Santíssima, que'n treya de fuml

Axí mateix les vengué ben de nou aquell senyor a tots
quatre.

Tot d'una quedaren una mica empantanats, però llavò
se revesten de coratge, i s'hi arramben tots quatre garrot
ab mé.

Un, mes acorat que els altres, les passa una mica de-
vant, i, brandant es garrot, diu an es senyor:

—eY què fa vosté per aquíP

Es senyor alsa es cap, i esclama:

— jAra t'ho dirél

Encare no hu hagué dit, com ja hagué entlocada galtada
i altra an aquell, fentli botir es garrot per sa teginada.
",NA
175,"168 RONDA YES MALLORQUINES l
DOR SAN AS LLA la RE EE
TU En, Ç Re VP ue
CO MBEN  S ERROR OO NN 7
9 AN — EN) NN 4 SR Y, DN
ES NS RX
ARCS o Ce P El VI SE
dd NE MN ds Sa
ZP ú Na, el a dni di Ò i i a Es X ) Da rats pgs
MARE Bebès 7 7 El RA — AN Les
a CN Té j Es NS SU) CEM a al
SOSTRES
r Ed f di ss a ps
3 ds 1 L i LE Emeg
Der dem l—. d'e
EE : Ms
Y P AL
y j / 1 Na
—èl què fa vostè per aquí2
Sentirse aquell terit tan tort i donarho a ses cames, Ú
fonch tot u, i els altres tres que'l seguiren, cametes me l
valguen, pegantse ab sos talons per ses anques, de tan I
fort que debanaven, per no esserhi demés.
Deixaren se casa de bat en bat, i no hi hagué perill de
que ningú hi entràs a veure què era estat.
l l'amo va haver d'anar a tancarla, si la volgué tan-
cada.
l no he pogut aclarir res pus de aqueixa por de
Mancor.
Qui haja aclarit mes, que ho diga..... Si vol.
I
I
——tsàsà""-—ea a Rec -S al
",NA
176,"ES POLL DES PENYAL DE CA'N VICENS 169
$ 4
Es pell des penyal de Ca'n Vicens V

Com vos n'anau de Manacor a So'n Servera, passat
Poca-farina, ve ca'n Vicens, i, pujant es collet de sa
Punta, ttobau devora es camí un penyal, aon en sa nit es
qui passen, hi senten piular un poll.

Diuen que piula dins es penyal, perque, be miren, però
no'l poren afinar p'en Hoch, i sempre ei senten piula qui
piula su allà.

Un missatge de ca-nostra, que m'ho contà, me digué
que això li ha succeit a ell mateix: un parey de vegades
que ès passat per allà en sa nit, sentía piular es poll, se
cuydà a treure els uys, mira que mira, per afinarlo, i may
el pogué afinar, i això que sentía es piu-piu dues pases
lluny.

$o5
S'encantament des Puig de ses Talayes P

Entre So'n Carrió i es puig de sa font de So'n Ser-
vera, ey ha es puig de ses Talaies, baix, planer, amb un
grandiós talayot a sa cucuia.

An es coster de sol-ixent, dins s'olivar, ey ha un penyal,
i devall diuen que hi ha un encantament.

Ses al'lotes en cuirhi oliva, en passen corrents, per por
qu'en tenen.

Conten que una vegada una al'lotella ey pasturava una
cabra, i cop en sech li surt un senyorot amb un vestit ver-
mey i una berretina color de cel, i li umpl es dits d'anells
d'or, i li comana que no hu diga a ningú, i tendría totes
ses joyes que voldria.

S'en va la dona a ca-seva, i no pogué estar que no hu
digués a sa mare, que, com va veure tant d'anellam, se
mal pensú.

Però equè m'en direu

Ell tot d'una que hu va haver contat, aquells anells
tornaren carbons.

Il M'ho contà En Juan Planiol, de So 'n Carrió (Sant Llorens).

Il La me contà Na Magdalena Canea, de So'n Servera,
",NA
177,"s sn rn 4
170 RONDAYES MALLORQUINES

iQuin esglay que s'en va dur aquella al'lotal

Be li digué sa mare que no hi tornés pus pes penyal
de s'olivar de ses Talayes: lo endemà s'hi espitxa, mes
que depressa.

Li compareix aquell senyorot, amb so vestit vermey i
sa barretina color de cel, i mes de mitx enfadat. l

—Mita, li digué, no le hi torns dir a ta mare, si vols
estar be.

lli dona tres aufabions plens de durets d'or i dobletes
de sis i de dotze lliures, i descompareix.

Aquella al'lota comensa a estar mal-apler.

Es vespre no pogué estar que no hu contàs a sa mare.

Il iquè m'en direuP

Ell com anaren a mirar dins es tres aufabions, no n'hi
hagué cap de dobleta, tot foren carbons. l

iVaja quin perbochl

Sa mare la priva de bell nou de tornar pus an es l
penyal de s'olivar de ses Talayes, però ella lo endemà
idepressa cap an es penyal amb sa cabretal l

Li compareix aquell senyorot, tot vestit de negre, ab
SOS uys flametjants, fent teredat, cridant: l

—jLe hi has tornat dir a ta mare, polissonal... jMalei-
dal imaleidal iTu i tota sa teva nissaga sereu pobres tota l
la vidal

Descomparegué, i aquella al'lota no'l tornà veure pus, Ú
i ella i tota sa seva nissaga foren pobres tota la vida,
segons conten. l

Entenguemmos: qui no hu creu, no peca. l

$ 6
S'encantament de So'n Lluch l

Devora So'n Servera, an es puig de Ca-s' Hereu, l
mes amunt de sa coma de sa ruda, ey ha es penyal de l
So'n Lluch, i conten que devall ey ha un encantament. l

Posta de sol ey solen veure flamarades qui corren l
d'assí i d'allà, i a voltes tresquen també per dins €s l
camps-pins, qu'ès allà veinat.

(1, La me contà Na Magdalena Canea, de So'n Servera.
",NA
178,"S'ENCANTAMENT DE SO,N LLUCH 171

S'al'lota qui m'ho conta, me digué que n'ha vistes
d'aquestes flamarades, cuint mel'les a Ca-s' Hereu.

idò heu de pensar i creure que un pich el sen Voreta,
un serverí de l'any tirurany, passava per baix des penyal
de So'u Lluch: afina una dobleta de sis lliures dins un
COCÓ, i /zas una bona grapadal i dins sa butxaca.

Mira qui mira, ben arreu, sn guiparia qualcuna altre,
però tot fou debades.

Lo endemà hora baixa, ja hu crech qu'en torna passar,
com se retirava de sa feyna, i troba, assegut baix des
penyal, un homonet vey que li diu: :

— Vols esser rich per tota la vidaP

— jEll que hu vésseml diu En Voreta.

Idò vina demà vespre, diu aquell, amb dues llesques
de pa torrat amb oli verjo, una dins cada mà. T'ageus així,
d'esquena, baix d'aqueix penyal, quant es rellotge de l'es-
glèsia toch sa primera batayada de les dotze, i no't retgirs
i P vl ay , : big per Coses que ve-

os Cine MtAUANI Bes. Si mot ret
Dl (aci 'ANy j El Í i Ni di gires treuràs s'
LES a VA A AQUA UN d'E. encantament.
Ll er € el VII NA MS) JONS
At ds o a i Ni N i / (7/1. — El Sen Voreta
sc Led US Ú M RUA 9 A, — prometé de ferho
de (EI AA A MN NI / UN tottal com aquell
FN CER VR MM EA i ag
UNS CE NU GM VAGA Ni: li havia dit.
Ca EA l
4 ps A / I NN es Ui b P a AL I ho feu tenir
a ts, pa SRA hi ib, : ll ver: lo endemà
La b 0: h N Ull Ju ii VesbDre, com es
Bed IQ. ta - Ec AMA UA VA ar ii 2
El NO RI Mu PE My rellotge de l'es
dg Dc is RNA ft mà de: glèsia tocà sa pri-
P —M ai / I A mera batayada de
j) Bis . Mig dd Per ir A UR A I À SM . i
Í ee É. Ll AA Mr. 41 les dotze, estigué
ES DV PS XC uni agegut d'esque-
4 SS A NA, LAN) na, baix d'aquell
RR Sea M Ii ERC penyal, amb una
P os BT QUE ERXN al PN se y 3
ES DNI L DS AV aa llesca de pa to-
rs RSS jo o a rrat amb oli verjo
REU a DOR dins cada mà.
Ra se Cau sa bata-
a ge 2 Be yada qui fea dot-
ze, i surt un ser-
surt una serpetota com una biga de tafona, i venguen siulos i verducades
",NA
179,"172 RONDAYES MALLORQUINES
petota com una biga de tafona, i venguen siulos i verduca-
des i siulos i verducades, que tot alló tremolava, i En Vore-
- ta allà estès, ibenalerta a retgirarse gens, per por de sa por.

Sa serpetota s'hi acosta, li pren sa llesca de sa mà
esquerra, la s engoleix, i diu:

—jSi que hu ès torrada amb oli verjol jAquesta't vall
ais pren llavó sa llesca de sa man dreta, la s'engoleix,
i diu:

—iTambé hu ès torrada amb oli verjol jAquesta't vall
No res: torna demà vespre a sa mateixa hora, i dume'n
tres de llesques com ses d'anit, i t'en poses una dalt sa
boca des cor y una amb cada mà.

Tot amb-u aquell animalot descompareix.

—Sobre tot, diu el Sen Voreta: n'he de veure la fi
d'aixó, enque el dimoni 'n pas.

EQuèÈ m'en direu

Ell io endemà vespre, cem es rellotge de l'esglèsia
tocava sa primera batayada de les dotze, En Voreta tornava
estar d'esquena baix d'aquell penyal, amb una llesca de pa
torrat amb oli verjo dins cada mà, i una dalt sa boca des
cor.

Cau sa derrera batayada de les dotze, i surt sa serpe-
tota, però no ja com una biga de tafona, Sino com una torre
de molí de vent, d'aqueiles mes gruixades, i allà verdu-
cades, i salts, i llongos, i siulos, però uns siulos que
trapanaven es cervell i com que haguessen de xapar
aquell penyal, i En Voreta alià estès i que hu feya de
tot, però de tot, per no retgirarse, i, com mes feya, mes
endins li entrava sa por.

Ses dents li prengueren es trot, i des tremolor que
duya, s'alsava de sa terra, i ses llesques li botiren.

S'hi acosta sa serpetota per pendreli sa de sa ma es-
querra, i el me veu amb aquell tremolor.

Aquí pega un bramul espantós. i diu:

—jAh maleitl jAh malanatl ILa m'has fetal Si m'ha-
guesses donat temps de menjar ses tres llesques sensa
reigirarte, hauria esclatat amb dobles de vint, i totes se-
rien estades teves. Però .t' ets retgirat, i m'has redoblat
s'encantamentl ji Tu i los teus séreu pobres tota la vidal

Pegà un altre bramui terestíssim, i descomparegué.

En Voreta s'en anà a ca-seva, mostiy i escoat, i tirant
llamps i pestes, i ell i los seus foren pobres tota la vida,

segons conten. :
",NA
180,"EE EE — Es
COM VA ESSER QUE'S VA FER ES PUIG DB RANDA —/173

Què m'en direu2

Ell s' encantament des penyal de So'n Lluch encara
està així com el deixà En Voreta.

iHala, idò, qui s'arrisca a treure'll

SH

Com va esser que's va fer es Puig de Randa V

Ara veureu d'ont vé que a's mitx des pla de Mallorca
tenim aquex putxarro tan soberch i blavench, quel des-
trien de per tot y té tantes d'ermites demunt, des quell
Benaventurat Ramón Lull s'en hi pujà a fer penitència.

Idó va esser segons diuen, que un gigantés distorjo s'en
venia d'Aiger una vegada amb una senaya de terra dalt
es cap i una crossa amb una mà perque ranquetjava una
mica d'un peu.

Era tan gros que no havia cabut dins cap barca, i ell,
forsat forsat, se volia embarcar.

l équè feren es morosP

L'encamellaren demunt dues barques, amb un peu dins
cada una.

Sauparen àncores i jde dellà cap a Mallorcatl

La bona sort que tengueren vent de popa, i feyen
mes via que no volien.

Pero com foren devant Cabrera, ivaja quina passada
que va esserl

En lloch de pendre ses dues barques per un mateix
endret, una pren per un costat de Cabrera i s'altra pe'
s'altre costat.

Llargarudes tenia ses camotes es gigantot, però tant
s'arribaren a decantar una de s'altra ses dues barques i
tant s'hagué d aixancar aquell, qu'estigué a punt d'escui-
Xarse.

l équè fa ell, com se va veure apurat de totP

Afitora sa crossa per fershi fort i deixar córrer ses
barques, i l'afitora devers Cala-Pi de Lluchmajor.

EQuè m'en direuP

Ell sa crossa s'aficà tan endins, i era tan llarga i grui-

Il M'ho contà En Juan Sanoguera, escola de Liuchmajor.
",NA
181,"4 bas P
174 RONDAYES MALLORQUINES l
xada, que hi va fer aquell pou que hi ha, que té devers
vuytanta canes de fondo.

L'homo per ferse fort dalt sa crossa, se feu trons de sa l
senaya de terra que duya dalt es cap, la deixa tombar
devant ell, i en va caure tanta de terra, que's formà es
puig de Randa.

De s'estray que fa es gigant am tot aixó trencà en suor,
que li regalimava de tot el cos, i n'hi regalimà tanta i
tanta, que'n brollà sa font de la vila dins So'n Reus.

cAh idò2 No s'hi posava per poch, no, aqueix gigantl

iSi n'hi devia haver d'homol

$ 8 l
Sa bubota blanca V

Això era un pareyer de Consell, molt poruch d'òlibes.

Un vespre passava per devant l'esglèsia, i una Òòliba li
pren es capell.

iAy quin retgiró que prenguél No n'hi haurien tret
gota. l, per acabarlo d'atabacar, l'enviaren aquell vespre
mateix a dur una carretada de blat a Algaida. l

Tremolant com una fuya de poll i no veent ni sentint
mes que òlibes en torn seu, que s'hi afuaven per tornarli
prende es capell, l'homo juny, i ja ès pertit cap a Algaida,
amb un coret com una llentía.

Hala qui hala, per envant, sensa alè per arruixar gens
ses mules, me troba i homo, que semblava mes retgirat i
trastornat que ell. j

—Germanet, demanà aquell desconegut. cç Vaig be per
anar a Sta. Maria2
o —Si-fa, diu es pareyer. él que teniu res de nou

—Maldament no tengués tant, diu aquell. Som de So'n l
Borràs, () i son venguns una partida de lladres, i mos l
han robats tots quants de diners ey ""vía a la casa, qu'eren
molts, í ben suats, jo vos ho assegur per cosa certa, i
m'en vaig a donar part.

1 La me conté D. Pere Jusep Mesquida, Pre. que fou devers vint anys Vicari I

de Consell, al cel sia ell i tots los morts. Amén. /

1 Possessió que cau derrera So'n Segui, de Santa María.
—Én———— ——— ST Es D Pe é resa d laic
",NA
182,"ra TN —
SA BUBOTA BLANCA 175

No vos dich res com se posà es pareyer, quant sent
aquell manifest.

—Sobre tot, va dir, ii encara diràn que no hem de
creure amb òlibesi Vos fas a sebre que n'hi ha haguda una
anit que m'ha pres es capell devant l'esglèsia, i de Consell
ensà no he trobat mes que òlibes. Per mi totes ses de
Mallorca deven haver comparegut... iSobre totl jsobre
tott... iDeu mos assistescal

Es de so'n Borràs teu com que seguir cap a Sta. Maria,
i es pareyer, mes retgirat que un cuch, de d'allà p'es camí
d'Algaida.

EQuè m'en direuP Ell com fou a ses Cosfes, cop en
sech un bubota blanca se planta devant ell dalt es nas des

CarroO.....

Í no fonch això no mes, sino que aixampla es brassos,
amb cada ma amarra ses mules per una oreya, i ses mules
com cent mit llamps per aquelles costes,.... volant, fent
volar es carro, just Si fos estat una miloca de paper.

Es pareyer tot d'una que 's va veure devant sa bubota i
que ella agatava ses oreyes de ses mules i que ses mules
partien de quatres com a dimonis, se sentí ses ales des
cor que s' acopaven, comensà a veure estels, i tots es del
cel i es sol i sa lluna li entraren dins es cap, i cau d'esque-
na, de baticor, dins sa sarrieta. ()

Ses mules no s'aturaren fins an ets hostals, remuyes Ò
de suor i blanques de sabonera, amb un pantaix que sem-
blava que ses piteres s'havien d'esfondrar ....

Sa bubota blanca havía descomparegut.

An es pareyer el feren cobrar estopetjantli es polsos
d'aygordent, i se va veure devant un altre missatge qui
estava amb ell, i dos tiys de l'Amo seu, tres caps-verjos
que se serien riguts d'un enterro i qu'en feien cent per un
passol allà ont la se pensaven.

Li aydaren a descarregar, i s'en tornaren amb ell, i los
Contà sa passada amb uns grans espants i un aborronament,
com si encara se ves ses òlibes devant i sa bubota blanca
dalt es nas des carro amb una ma a cada oreya de mula.

l es beneyt mai va conéixer qu' eren estat aquells tres
gat-vayres que li havien feta sa tarsa, de resultes d' haver-
los contat que una òliba li havia pres es capell devant l
esglèsia.

Il La que solíen dur els carros de parey an el triàngul que fan amb lo capcloe
nal els costats de l' escala coin s' apleguen an el nas.
",NA
183,"176 RONDAYES MALLORQUINES

Aquell homo que trobé i li digué allò de So'n Borrés,
era s'altre missatge, que s'ho va treure des cap, i va es-
carnir sa veu d'un altre per que no'l conegués.

Sa bubota blanca era un fiy de l'Amo, que se posà
una camia de sa mare, i s' embolicà una partida de muixells
d'estopa p'es cap per paréixer una dona escabeyada, i botó
des carro com va veure s' aubarcoch esmortit.

les gran biduí que, esglayat i amb sos cabeys drets i
badant uns uys com uns salers, que no s'aturava de dir:

él encara '""m diràn que no hem de creure amb òlibesP
iJo ""Is hi hauria volguts veure dins sa meva pell tots es qui
s'en riuent

l aquells tres que cuidaven a fer uy de riayes com el
sentien, i ell que vos assegur que no'n tenia cap.

$ 9
Es negret de Sa Coma

Sa Coma es un barrach imolt fondo, tot olivar i bosch,
que trobau a man dreta devallant p'es coll cap a Sóller,
part demunt es cementeri. En s'hivern no hi entra es sol
may, tot es una rama, i si un ey entra. es cor s' estreny.

Dins aquest barranch ey ha una còva que altre temps
ey sortia un negret es dissabte de Pasco, segons conten.

I sortia dematinet, i cercava topar qualcú per trobar
qui li dugués una candela encesa an es foci nou qu' ence-
nen a l'ofici d'aqueix dia. Si amb una candela així, l'agues-
sen tocat, cop en sech hauria esclafit en dobles de vint, i
totes serien estades des qui l'hauria tocat amb aquella
candela.

la sa primera batayada de G/òria es polissó de negret
s'amagava i ja no'l tornaven veure fins el dissabte de
Pasco de l'any qui venia.

Com es temps entre encendre es /ocA nou i sa primera
batayada de Glòria curtetjava per córrer a l'esglèsia a
encendre sa candela an aquell foc i anar a tocar es
negret, resultava que bé sortia aquest cada any, però may
negú hi era a temps, i no tenia mes remey que tornarse
enfonyar sensa esclafir en dobles de vint.

Lo Rt. D. Joseph Rul'làn, de Sóller mateix, que mos

(
",NA
184,"SA COVA D'ES CASTELL D'ALARÓ 177
ha contat tot això, diu que sa seua padrina, que se morí
l'any 1880, com ja n'havia doblegats cent, contava que
com ella era al'lotella un any es dissabte de Pasco cuia
oliva dins sa Coma amb altres, i una d'elles cop en sech
pega crit:

—iVeltassil iVeltassil.. iEs negretl

Totes, ja hu pcreu creure, romangueren amb sos ca-
beys drets, amb un coret com una llentia, sensa un fil de
roba que les tocàs sa pell, tremolant com a fuyes de poll.

— dDe què va vestit li demanen totes.

— Du un capell de frare, diu aquella.

l ja ès partida correns cap a l'esglèsia a cercar sa can-
dela encesa an es /oc/i nou.

Al punt comparegué amb un vicari i amb sa candela
encesa així com pertocava.

eQuè me'n direuP

Ell quant ella fou a sa portella, que feya un arch d'ansa

de paner i amb unes portes ben reforsades i era s'entra-
da de sa Coma, va caure sa primera batayada de Glòria,
deu pases abans d'arribar an es negref, qui va fer un
bramul aborronador i s'enfonyà de bell nou dins sa còva, i
ja no'l veren pus.

l per mes que cada any tenia prou esment de sortir,
ja may el saberen aplegar amb sa candela encesa an es
foch: nou.

i També aqueys negrets, per esclatar en dobles de vint,
demanaven unes coses ben taliquinesi

iFa estona que son males d'aglapir aqueixes rol'lanes
groguesl :

iNi si tenien alesi

ja hu vall

$ 10
Sa Cova des Castell d'Alaró 7

Una vegada diuen qui n'hi va haver un qui trobà dalt

sa cucuya d'aqueix castell una còva plena de set munts de
4 La 'm conté En Juan Parets, de So'n Curt d' Alaró,
T. V.—12
",NA
185,"178 RONDAYES MALLORQUINES
set passes de redó de dobles de vint, i d'aquelles mes
grogues. D'esglayat no gosà allagarhi sa mà.
S'en va a contarho a un amich seu, que va dir:
—Anemhi a l'acte.
S'en hi van, i, com ey foren dedins, es primer diu an
es segón:
— jPer amor de Deu no'n toquis capi
—No hages por, diu aquell, però d'amagat s'en aficà
una dins es pits.
Encara no la hi s'havia posada com y/cl/i// sa boca de
sa còva es va cloure, i romanen ben a les fosques.
da a NC RES NI ES EN PS
PRE at: NA I NA as SS RN Ta
Les P NT, QR $ Ni NN ON SRA
I, 3 . N NN , QeuA Ne, Sa al NN V Re a a Do a) Re NN N N h
BONA VO NN A NN AD EN NE RN SC ME
i FA : NA, CAM NN NM, QS XS RJ 5 Es
Ri: SANTA EMAIL BS EE
UE ÀREES SV //, DE) /
RA I MINA VS
je OS SIN NN EP AT
MES NS CNN f EA Ll
DES nt sea eds tent Sens ec A RI ES es da
a — - a oa ES a Ó
pos es sell DL Ro / lo
Re EP en mor RS RA, Ri enl //, JE
EET — Pr — ES a Ad all ABS
ei EES P a. IB RS
FS — cn. ala VS jA /) Pr ere
i a LL Ba (y 7 Es La
EE ee te
as A Le LOS, TIÓ EU ena A
DE os DS Ve
EE a a
es Ll i
Encara no la hi va haver deixada, com /za8l $a boca de sa còva se desclou
Devant aquella teta perderen ses riayes de tot.
Comensen a estarhi ben mal a pler dins aquella fosca,
que us assegur que hu era ben negra i ben espessa.
Cerca qui cerca es portal per buydar, no'l porien afinar
— en via neguna.
Apurats de tot, es primer diu:
—Digues ver i fora mentides: n'has tocada cap de
dobla de vint d'aqueys caramulls2
— Just unal respòn s'altre..
I I
",NA
186,": ES PUIG DE REIG 179

—el encara no l'has tirada, gran carronya2 diu es pri-
mer. €No t'ho havia dit jo que no'n tocasses cap2

Aquell la tirà en terra tot d'una, però sa boca de sa
còva no's desclovia.

—eSabs que serà aixòP diu es primer. Que l'has de
tornar an es mateix caramull d'ont l'has presa. jja pots
esser partit a cercarla i a veure quin ès es seu caramulll

Aquell paupa qui paupa p'en terra, a la fi la troba, i ja
ès partit paupant a repassar es formiguers de dobles de
vint.

l provava de deixarhi aquella a veure si endevinava es
seu, i res.

Com ja havia perdudes totes ses esperanses d'endevi-
narlo, prova de deixarla dalt un.

Encara no la hi va haver deixada, com /zas/ sa boca
de sa còva se desciou.

I tots dos ja han pegada fua cap a defora.

l com cent mil llamps cap a Alaró

Il diuen que sa còva se va cloure de bell nou, i no s'ès
tornada descloure pus may.

Si un hu sabés aont devers cau sa boca, jhu pagaria
foradarl

iEstornells de poca son. ey ha que ferhi un pensamentl

éNo ès ver que hu ha d'esser ben garrida una estesa
de set formiguers de set passes de redó, i tot dobles de
vintP

S11
Es Puig de Reig 0

Entre Sineu i Sant Juan s'alsa es puig de Reig en for-
ma de pa de Sucre.

La gent diu que dedins hi ha un tresor, i que, per treu-
re'l, han de donar tres voltes an es puig amb un glop d'oli
verjo dins sa boca en punt de mitja nit. Si n'hi hagués cap
que acabés de donar sa tercera volta, tot d'una li sortiría
un bou amb una candela encesa demunt cada banya, i tot
corrents s'enfonyaría dins una cova, i per endins i per en-

1 M' ho contaren a ca 'n Dameto de sa Cortera.
",NA
187,"180 RONDAYES MALLORQUINES É
dins. Pitjantli derrera, es bou no s'aturaria fins a un cara-
mull d'una cosa negra. Es bou hi trevalaria, li caurien ses
candeles i pegarien foch an allò negre: faría un tro ferest
i tornaría un caramull de dobies de vint des comú d'un
formiguer gros. l
Son molts qui ho han provat de donar ses tres voltes an
aquest puig ab so glop d'oli verjo dins sa boca: però,
abans d'acabar sa dertera volta, s'oli les ha escapat o per-
que han fet un oís o perque han sopegat o les ès vengut
xinglot o qualsevol altra cosa, i ibona nit tresori
8 2 l
Sa flor de falguera i es dimonis boyets
No sé si n'heu vistes may de falgueres: son unes her- I
bes com abrets, molt gentils, ben verdes, de fuyes entre: j
tayades, i se fan a llochs homits.
No les veuen ilor may, i la gent diu qu'ès sa demati-
nada de Sant Juan que floreixen i granen, i en Sortir es
sol ja tiren sa llavor.
Per això canten:
Sa falguera n'ès un abre )
qui ne té propiedat, l
amb una dematinada I
n'ha tlorit i n'ha granat,
n'ha escampada sa llavor. l
jAmor, triau la garrida, l
iAmor, triau la millori
Això era que es fadrins altre temps se'n hi anaven aque-
lla diada, ben dematí ben dematí, allà ont hi havia falgue-
: res, per veure si n'aplegarien gens de llavor d'aquella,
perque deyen que cada gra tornava un dimoni boyet si'l
posaven dins un canó de plata. l
l un fadrí qui tengués un dimoni boyet a son manar, se
poria ter rol'lo de sa coa i ningú hi volia peres.
En es puig de sa font de So'n Servera se'n hi fan de
falgueres, i ja hu crech que altre temps tots es fadrins ser-
1 M'hocontaren el sen juan Vives, Gostí, mestre Monserrat Quetgles y na
Lladrona, Quelona, de Son Servera.
l
ne, Í
",NA
188,"SA FLOR DE FALGUERA I ES DIMONIS BOYETS 181
verins sa dematinada de Sant Juan cap a cercar sa ditxosa
llavor. :

Però sa falguera ès una planta molt traidora: fa son, i
sobre tot en fa Sa flor com se bada, i mes encara com se
congria.

l heu de pensar i creure que es fadrins se plantaven de.
vant ses falgueres, esperant que se badassen ses flors i
cayguessen ses llavors per aplegarles, però, sensa temer-
se'n, quedaven mes adormits que una rabassa.

l com badaven ets uys, ja era es sol alt, i de ses flors
ni de ses llavors ja no'n cantaven galls ni galines.

Ells, per prevenir el cas, be hi posaven mocadors es-
tesos devall, per que ses llavoretes hi cayguessen demunt,
iles hi trobassen en despertarse.

Però ses grans traidores, com queyen foradaven es
mocador, i se fonien just gotes d'aygo en es sol, i aquells
biduins, com badaven ets uys, no mes trobaven es moca-
dors foradats.

Fins i tot, en lloch de mocadors, hi posaven reyes, per
que no les ho poguessen foradar.

cPerò quèr Ell en pegar demunt ses reyes, ses polissar-
des de llavors rebotien, i, bona nit cent sous, no les veyen
pus, com si haguessen tengut fullet.

Es fadrins estaven rabiosos com veyen això, i s'hi se-
rien tornats ab ses dents a ses falgueres, però lo que ells
deyen:

—Si les tayam, sí que hi arribarem manco a ses llevors.

I cada any jhala an es puig de sa fontl i sempre se'n
havien de tornar així com hi eren anats.

Es senyor de Sa Grufa, possessió de Manacor entre es
port i So'n Servera, que si be casat, era mes capverjo que
es fadrins, i que allà ont la pegava feya maig, se passà pes
cap un any d'anarhi sa dematinada de Sant Juan an es
puig de sa font a veure Si l'assoliria a sa ditxosa llavor de
falguera per tenir un parey de dimonis boyets que li aydas-
sen a fer capbuytades i bel'lendines.

Il equè fa ell2 En lloch d'anarse'nhi amb un mocador o
una reya, se'n du un canonet de plata, i s'asseu baix d'un
parey de falgueres, amb una gerra d'aygo devora.

En temerse que li venia gens de son, zas/ se tirava un
raig d'aygo per sa cara, i romania ben desxondit, i, en
",NA
189,"182 RONDAYES MALLORQUINES
tornarse témer de res, zas/ una aitra bona timborinada de-
vers els uys

Ja hu crech que no les se deixà aclucar.

A trench d'auba se badaren ses flors d'aquelles falgue-
res, i es senyor destapa es canonet de plata que duya, i ja
ès partit a parar, a fi de que, en caure ses llavors, hi pe-
gassen dedins.

Al punt es sol, balla qui balla,—perque es dia de Sant
Juan, si no hu sabeu, ta aquesta fantasia, —idò ballant ba-
llant, guaytú una micoya ab so primer bot, i, ja hu crech,
al acte totes ses llavors cauen de ses falgueres.

Es senyor, maldament li hagués agarrotat una son
rabiosa que'l roegava i, fort i no't mogues, li volia tancar
ets uys, va esser prou valent per aguantar desxondit, baix
de ses falgueres, parant ab so canonet de plata, i tengué
la bona sort que dues liavoretes pegassen dins es canonet.

Encara no hi foren, com ja varen esser tornades dos
dimonis boyets lo ies etxerevits, que, si 's senyor no tapa
tan aviat, reboteixen de dins es canó i li fan sis cucaveles
demunt es cap des nas i altres coses pitjors.

Però tengué tranch de tapar ben tapat amb un tap de
suro i un escapoló de pell de ca, fermada amb un cordó de
seda, i icap a sa Gruta talta gentl

Pes camí be'n va fer de promeses que no'l mostraria a
ningú an es canonet, ni'n resaria, però, com arribà, es
cor li ballava de s'alegria, i no pogué detenirse: tot le hi
cont a sa senyora, qui era una paner foredat, una trech-a-
trech que tot ho volia sebre, i no estava bona en no aficar
es nas per tot.

Be li comanà, quant se'n anava a dormir, després de
berenat (perque no hi veya de son de sa mala nit passada),
que per amor de Deu no obrís es canonet, be le hi va pro-
metre i redeprometre ella que no l'obriria.

Però iquer

Ell encara no havia aclucats ets uys, com ella ja esti-
gué abordada an es tap des canonet.

Gich/ el destapa, i surten tot d'una, com a bales, es dos
dimonis boyets.

lallà, n'hauríeu vists de bots i xecalines i enfuytes i
cucaveles i salts mortals.

I no s aturaven de cridar, amb uns crits qui aixordaven:

—jiDonaumos feynatl jdonaumos feynal... iDepressal...
O Si no, vos tomam ses casesl... ifeynal jifeynal iteynal
",NA
190,"me ————————————--—————s—— — —— — —— — —
SA FLOR DE FALGUERA I ES DIMONIS BOYETS 183

Amb aquell talabastaix es senyor se desperta.

Veu que es joch pinta brut, i per llevarse aquells lloci-
fers de devant, que ja se penedia d'esser anat a cercarlos,
diu:

-. No res, duysme dins sa cova de s'aujub sa font des
molins amb una calsada, a veure si així tendrem aygo a
voler.

Sa font des molins ès mes de mitja hora allà dessà
So'n Servera anant a Artà, i sa cova de s'aujub ès cosa
d'una hora i mitja lluny, devora ses cases de Sa Gruta.

EQuè me'n direu

Ell es dimonis boyets peguen fua cap a So'n Servera, i
ja ioren a sa font des molins. l

S'arromanguen, i un ja ès partit a replegar i a triar ses
pedres i s'aitre a posarles, i sa calsada qui creixia com un
diner de fil, i s'estenia de d'allà per s'a/oz, pes serralt
des vent, pes camp de sa mata de sa Punta, () i es dos
dimonions, que no se donaven raó a ses mans, un a arre-
plegar pedres i s'altre a posarles, i jhala petitsi

Sobre tot, ell a mitjàn cap vespre ja tengueren sa cal-
sada demunt sa cova de s'aujub, toradaren, i ja caygué un
brant d'aygo com es cos d'un homo.

Es senyor i sa senyora i tota sa servitut, com veren
allò, ho donaren a ses cames per no esserhi demes.

Es dimonis tornaren demanar teyna i mes teyna, fent
bots i escaravits, tora corda de tot.

Com veren que no hi havia ningú, prenen es cambus-
sot cap an es mestral.

Topen a so'n Vives de dalt, possessió de devora Sant
Llorens des Cardessar, que està demunt un turó.

Encara no eren arribats com ja rompen ab uns crists lo
mes esglayadors, cridant:

—jDonaumos feyna o tot fa uyl iDonaumos feyna o
tot fa uyl ifeyna volemi ifeynal jfeynal lfeynal.— ""

Devant tal rebumbori l'amo i sa madona surten a veure
què era.

Com veuen es joch tan mal parat, i que aquells gara-
meus eran capassos de ter qualsevol endemesa, los di-
gueren:

— ijFeysmos una cisterna aquí devant, i no haurem de

(1) Per tots aquests punts s'hi troben vestigis d'una calsada o cosa semblant
segons m'asseguraren es qui ios han vists moltes vegades.
",NA
191,": da IE, pt
184 RONDAYES MALLORQUINES
córrer cada dia an es pou d'En Vicens. (D)
iBona les ho varen haver dital
Se posen tots dos a gratar allà devant ab ses ungles,
ab ses dents, ab ses banyes, i terra i pols al ayre, que al
punt no veren es sol ni se veyen ells amb ells l'amo i sa l
madona, i qualque còdol qui rebotia, com un aumut.
Ja hu crech, era penya ben closa tot alló, i, en no esser
a cops de manuella, no era possible foradar.
Però équè tenen que veure totes ses manuelles del mon
ab ses ungles, dents i banyes d'aquells dimonis boyets,
que al punt tengueren sa cisterna llesta, una cisterna ben
fonda i ben ample, qu'encara la poreu anar a veure, si no
me creysP
—jVenga mes feynal cridaren els dos dimonis, tot d'una l
que la tengueren llesta. iMes feyna, o tot fa uyl jfeynal
iteynal /
L'amo, mes retgirat qu'un cuch, no sabia per ont l
pendre.
A la fí los diu: l
—il si hi talta una cosa en aquesta cisternal l
—e Que hi faltaP digueren ells l
—Una mina per fer s'aygo fresca, diu l'amo. I
—éPer ont voleu que vaja sa minaP
—Per devall ses cases.
Fet i dit, s'aborden a un costat de sa cisterna ab ses
ungles, ses dents i ses banyes, i ihala petits, aci a rach,
rach a rachl, i per endins s'ha dit, com si aquella penya
fos estada de pasta real.
EQuè m'en direuP l
Ell al punt tengueren una mina de mes de trenta passes l
per devall ses cases de sa possessió, qu'encara hi ès, tota l
uberta dins sa penya. l
é Vos creys que ab tot això se cansassen gota aquells
dimonis boyetsP ,
Idò anau errats.
Demanaren mes feyna, i los digueren qu'escapsassen
un penyal de devora ses cases qui feya nosa per passar, i
l'escapsaren amb una grapada, lo mateix que si tos estat
un cor de cindria.
Demanaren mes feyna, i los digueren que rompessen
una c/oa () que hi havia allà prop, que no se trobaven
(1) Un pou mítja hora lluny, anant a Son Servera. l
(1) Cloa de cle(s)a tros de terra clos, això es, tancat de paret. l
l
",NA
192,"PE a. :

SA FLOR DE FALGUERA I ES DIMONIS BOYETS 185
reyes ni xades que li entrassen, i ells ab una exhalació la
tenguerem rompuda de mes de quatre paums.

Aquell terreny dins ses seves mans era mes brèvol que
sa pasta de panada fina.

Demanaren mes feyna, i l'amo tot apurat, per llevarlos
se de devant, los diu:

—Feysme un molí de vent.

Diti fet, un ja ès partit a replegar pedreny i S'altre a
compondre: i al punt veren sa terrada feta i sa torre aca-
bada, ab sos congrenys demunt

Però, com foren a posar es crever a sa roda, aquí di-
gueren:

—iNo'n somi sNoltros posar una creu ni ferla, allà ont

la creu mos ha
DE desbaratada tota
em a Br 8 a potrancaP

rr El i Que la pos el di-

a a Re, — moni gros, Si tro-

A ie as IB Ep JL... ba que s'hi cam-

J 1 (i I, pà gayre bel
a MERS Deixen en ban-
PE, oo da sa feyna co-
ec mensada, i com
Tl) 7 cent mil llamps
ed DE cap a l'amo a de-
as Del
ON f' RD En .
a : A — ERO) dè i mes rabents que
ral XV — A. may. —
EE Dl Enf: LE L'amo ja no hi
/ el der Ma: veya de cap bo-
Sem, l LA lla, i aspergiava
—í—— my, a lestotes, tirant
EO —e— m3 ""PREA — carreranchs de
a VT carretades de
Em (NA Í LL de llamps i pestes a
ee tots es dimonis i
À el dimonions del in-
ral ruant — fer,
IQue la pos el dimoni gros, si troba que s'hi campa as P:
Uayea bal una idea de pri-
mera.
",NA
193,"I
186 RONDAYES MALLORQUINES
4 Com los se veu devant amb aquells crits tan escardats,
iu:
jAra vos ne daré una de feyna, i ho veurem si la
fareu tan aviatl

Se'n va i treu un vell de llana negre, i los diu:

—Jau aquest vell: anaulo a rentar an es torrent de Sant
Llorens fins que sia blanch com la neu.

Es dimonis agafen es vell, i cap an es torrent s'ha dit.

l allà tots dos renta qui renta ab tota sa forsa, fent fla-
madeta, no donantse raó a ses mans.

Vos assegur que no hi robaven res an es jornal.

Què m'en direu2

Ell encara ès s'hora que no hi son tornats a So'n Vives
ab so vell de llana blanch ni negre.

No hi ha remey: aquesta madona los atabacà.

Si encara rentan o si se son fets trons des vell i de qui
""Is ho entregà, es una cosa que no he pogut aclarir, per
mes qui'he endardellat.

Que ho aclaresca qui vulga.

8. 18
Es tresor: d'Aufabi (D

An aqueixa possessió hi ha un tresor de doblers i jo-
yes, amagat dins sa clasta, però no saben aont devers ni
per on entrarhi.

A s'entrada de ses Cases, part demunt es portal forà,
baix de ses bigues, hi ha unes lletres des moros, que
diuen lo que han de fer per trobar tal tresor, pero negú les
ha sabudes lletgir, i per lo mateix no han pogut trobar aquest
beneit tresor. Diuen que'l guarda un dimoniot que fuma
ab pipa, i per acostarshi s'han de llevar tot lo beneyt que
duen demunt.

—iAnauhi voitros a arrambarvoshi an En Barrufet sensa
res beneyt demunt, si ab totes ses bendicions del mon,
encara mos fa rentar tanta de llana negra i mos fa pegar
de folondres, per poch que bademl

1 La'm conté l'amo'n Lluch Batle, d'Orient.

mn sl — — ad atm 17 im
",NA
194,"ES TRESOR DE SA COVA D'ETS ERMASSETS DE SO'N NOGUERA 187
8 14
Es tresor de sa (òva
d'ets Ermassets de So'n Noguera V

Diuen que dins aqueixa còva hi ha un tresor molt gros.

Una vegada un parey de puypunyentins anaren a treu-
re'l amb un ciutadà que duya un llunari.

Un des quals hu contú an es qui m'ho contà a mí, i diu
que's feren endins i endins, i es des llunari que no s'atura-
va de dir:

—jEndevant. al'lotst jEndevant, i fora port

Arribaren a fershi tant, que tengueren por de no afinar
sa Sortida com tornarien arrera, i hi tornaren sensa em-
patxarse pus de ses raons des ciutadà per que seguissen
per endins i per endins.

A forsa de forses arribaren a trobar sa boca i en sorti-
ren, i ja no los son vengudes pus ganes de tornarhi.

iA veure qui ès que s'arrisca a anar a treure aqueix
tresorl

iEs una llàstima que s'haja de perdre dins sa foscor
d'aquella còval

$ 15
I Sa por de So'u Fortesa 7

Fa una corantena d'anys que a So'n Fortesa un vespre
sentiren, dalt es porxo, allà on tenien penjats es picarols i
ses esquelles. unes batayades acompassades.

—Què serà aixòP éque no seràP va dir la gent qu'esta-
ven devora es foch dins sa cuyna. :

l cada instant sentien aquelles batayades: dany-dany-
dany danya-dany danya-dany, quarribaren a ter perdre
ses riayes a tots.

— Però equi pot esser això diu l'amo. dNo som tots
aquí dins2

1 M'ho ccntd n estre Antoni Barceló, de Puigpunyent,

1 M'ho coutà En G:briel Rosselló, de Puigpunyent.
",NA
195,"188 RONDAYES MALLORQUINES

—SÍi fa, diuen tots, i se miraven bé uns ab sos altres
a veure Si n'hi mancava cap

l cada instant jvenga dany-dany-dany danya-dany
danya-dany dalt es porxol

Aquella gent no sabien ja aont s'havien de posar, fin
que l'amo se revest de coratge, i diu:

- dAmb aquestes hem de estarl Eu hem de veure
que ès això, en qu'es coll ey haja d'anarl iQui'm vol seguir,
qu'em seguescal l

S'aixeca, i tothom derrera ell. Pren una escopeta i en
dona una altra a un missatje, les carreguen, un altre agafa
una destral, un altre una aixada, un altre un pich, un altre
un tayant, i ets altres camella o garrot, i ja Son partits per
amunt cap allà ont sentien ses batayades. )

Ey arriben, i m'hi troben un moix agegut d'esquena,
cames a l'ayre que jugava ab so batay d'una esquella i
feya aquelles terribles batayades.

Si es moix no ès tan promte de fogir, en feyen benes
aquella gent. l

i Vaja quina passadal l

i Quant ès bon ver que sa por no ès res, d'aprop, si la
volen veurel l

$ 16
Un altre tresor an es Puig de Na Fàtima P

Un estadà de Sa Coma, un hort de So'n Fortesa que
cau derrera es puig de Na Fàtima, cercava càrritx un dia
a un coster d'aquest puig devers es Grau, un fondal que
hi ha, i assetsuaixí alsa es cap, i se veu devant una còva
tota endomassada. Se retgirà i fuig jcametes me valguenl

Com feya una estona que corria, s'atura i diu:

—el tan quigolla he d'esser que no he de voler veure
què ès aquesta còva endomassada2 jiAra mateix m'en hi
vaigl

Gira en cóva, i icap an es mateix punt aont eral

Com ey va esser, mira qui mira aont seria sa còva,
pero no fou capaç d'atinarla en lloch.

4 M'ho contaren el metex Gabriel Rossellò, de Puigpunyent, Í l'escolà i l'es
colana de la metexa vila.
",NA
196,"UN ALTRE TRESOR AN ES PUIG DE NA FÀTIMA 189

Dins aquest puzíg diuen que Na Fàtima, sa fia del rey

moro, ey deixà un bou d'or que devallava cada any, es
dissapte de St. Juan, a Na Falguera de So'n Fortesa, i
que es pastor no hi poria fer estar ses euveyes tal dia per
por des bou.

Es qui anàs a posarli una candela encesa demunt cada
banya i li dugués tres llesques de pa amb oli torrat i les hi
posàs dins sa boca, es bou s'intlaria, S'inflaria, fins a tor-
nar com una torre de molí de vent, i llavò esclataria en
dobles de vint, i n'hi hauria qui sap ses carretades.

Un dia una tal Madò Pintada, qui ara té una cinquante-
na d'anys, com era al'lotella, que cercava llenya an es
puig de Na Fàtima, cop en sech li surt aquest bou, i ella

ja li ha acopat de d'allà cap a la vila, tant com en poria
treure, i es bou derrera ella, ja £agaf ja't tench.

Ell lencalsà fins an es garrover de ses sabates, que
s'ho diu perque altre temps es de Superna, possessió que

hi ha mes amunt, com anaven a Puigpunyent, se posaven
ses sabates en esser an aquest garrover, i, en tornarse'n,
les se llevaven de bell nou, per no espellarles.

Tres xabalets de Puigpunyent vengueren a Ciutat una
vegada a un qui feya ses cartes, a veure com s'ho havien
de fer per treure aquell tresor.

— Mirau, diu aquell, vos n'anau cap a Na Fàtima, tro-
bau s'era de So'n Fortesa, i mes amunt, a la dreta, a unes
quatrecentes passes trobareu una tenassa: i hi veureu una
porrassa ab dos aubons. Cavauhi, i trobareu un forat,
aficauvoshi, i ifora porl isempre per endins i per endinsi
Si teniu por, fereu ets ous enterra.

Aquells tres feren tot lo que es de ses cartes los havia
dit. Troben aquella porrassa i aquell forat, i s'hi afiquen
per endins i per endins.

Troben una bassa d'aygo negra, com sa de s'aubelló
que devegades esclata, a un coster des puig, i aquí se
teren por, i recularen.

Des cap de temps se revesten de coratge per aficarse
dins sa còva i treure es tresor, però no foren capaces d'afi-
nar en lloch àquella beneida porrassa.
",NA
197,"idea, Decit edad
190 RONDAYES MALLORQUINES
$ 17
Es gall de foch de So'n Bru V

A So'n Bru de Puigpunyent hi ha un sementer que li
diuen es gall de foch, perque conten que un temps n'hi
solia sortir un de gall tot tlametjant, cantava a s'auba, i se
tornava amagar.

Quant sortia sens falta era es dissapte de Nadai a
vespre.

Deyen que era un tresor que hi havia amagat dins una
còva, i que'l vien de treure ab so cirí pasca/. Una vegada
sembla que hi anaren a treure'l amb aquest ciri encès, i
se posaren a sortir cans de per tot lladrant com a desespe-
rats i acabussantse an es qui duyen es cirí pascal, que's
feren por i recularen.

Son pare d'un que m'ho contava, deya que, com era
escolanet, moltes de vegades n'hi havia qui li oferien do-
blers si un vespre les volia treúre d'amagat es ciri pascal
per anar a treure tal tresor, però s'al'lotó may hu volgué
fer.

Diuen que d'aquest tresor ey ha una mina fins an es
puig de Na Fàtima, per on aquesta anava a veure es gall
de foch.

8 18
Sa Quca de Sa Mola 2:

Sa Mola ès un puig planer de Sóller, que'l trobau a
man dreta anant an es port.

Fa un covitxol a un costat, i d'allà dins conten que
altre temps sortia una cuca, tan feresta, que s'empassolava
tot hom que poria aplegar.

Si no trobava gent, s'abordava an es penyals, i allà
l'haríeu vista rach a rach rach a rach, i venga talabant i
altre talabant.

1 M'ho contaren l'escolà y l'escolana de Puigpunyent, mestre Antoni Barceló
i Mn juan Marqués d'allà meteix.

2 M'ho contà na Catalina Castanyer y Oliver, de Sóller, y D. Josep Rullàn,
Pre., que ho sab de la seva padrina, al cel sia ella i tots los morts.

: —ní a st Data
",NA
198,"ee — i i La de as ci CNS i EE mi
SA CUCA DE SA MOLA 191
EN
NN NN N
RO NN h
IN A ll
NR AL ANA Vi
NA, CAL AA 1// a)
NN l AN 0 4 4 /1
RT REL NN NN j D 1)
ges NN NN 4 1: MV, LS
NN N Ni (X È Ú 6
LT MIT Mn la a//
CMC a IV
h A RI ira a JM ,
ON er
A di NN Das (etevgtss 7 l VI, /I:
NN JO RO, Jn
NM 7
A I NN UR, I JA ea Cites Vs
FAN RN Ui J A AR o, (4
, LA ON h. 14 Al I I,
LA N ds Z Pe / l 7) VP NA
NT JA (1/4
AE, ere 0/4 A
DN Va a et Aus Mis
RN a (ls
AV A CIC,
CN P. RA IP, ats 1)
LL NU nf j CN i // 3 se es 3 4
XY pe VI af IA
Mara er RUA 7/4, Va Ta 7 d/ 87 1) é 4 /
in JEN 7/7 /
DE al
VV) (es, 77
MA LS AR /
Si no trobava gent, s'abordava a n'es penyals...
Sant Jordi a les hores anava p'el mon, se tem d'aquest
bordell i diu:
—jiAquest animal també ho fa massa lleigl Me'n hi
vaig, i o jo la mat a ella o ella me mata a mi.
Se'n hi va tot xarpat. Sa cuca l'afina d'enfora, i li Surt
I
)
",NA
199,"192 RONDAYES MALLORQUINES l
a l'encuantre, feta un dimoni, Sant Jordi, lluny de recular,
s'hi tira demunt, i ja estàn embotonats.

Sa cuca aviat fonch benes, i Sant Jordi, tot cantat vic-

tòria, va descomparèixer, i no l'han vist pus devers Sóller.
$ 19 (
Sa por de So'n Cotoner ""

N'hi sortia dalt sa sala, fenthi un telabastaix horrorós, l
ferest. l

Deyen que hi havia diners i papers de mà de notari, l
amagats.

Molts provaren de treurelos, i s'hi camparen malament.

Una vegada un metge s'atansà a colgars'hi dins aquella /
sala, i tot d'una que hagué apagat es llum, el destaparen i li l
varen enflocar un quern de galtades d'aquelles a ferir, i
l'homo en camieta i calsonets blanchs hu donà a ses cames,

i no hi tornà a cercar sa roba que hi'via deixada.

Després ey feren obra, trobaren diners i papers, i ja

no hi han tornat sentir pus telabastaix ni estabó.
$ 20
Sa por des Putget £

Es Putget ès una possessió entre Banyabufar i Esta-
llenchs.

L'any tirurany l'amo des Putget feu donació an es de
So'n Ronqueto de Valldemossa per que'l mantenguessen.

- , Es de So'n Ronqueto se mudaren de cop an es Putget,
i bona vida que se donaven, tant com porien.
Es putgeter, es de sa donació, la primeria s'omplia sa
panxa així mateix, però aviat ja no'l volgueren a sa taula,
Il M'ho contà En Gabriel Rosselló, de Puigpunyent.
2 M'ho contaren un parell d' esporlerins i banyabufarines. Es molt popular
a Esporles, Banyabufar i Estallenchs. ja's sap que a Banyabular fan g la .x medial
derrera £, i per això no diuen es Putxet, sino es Putget.
i
sals 3 —l a che
",NA
200,"SA POR DES PUTGET 193
i acabaren per no deixarli tastar s'aguiat d'ets altres: n'eren
estugosos que ell hu hagués de tocar. Li entregaren una
olla, una escudella i una cuyera, i ell tot sol s'havia d'arre-
glar ab sa mica de porquim i de llegum que li deixaven ca-
da diumenge a vespre.

Il ésabeu què feya es imalanat, si sa sustància li primet-
java pe' s'ollaP

Idò, hi refegia aygo, i ife't si't vols ferl

Arribà a un punt que no pogué pus, i se llogà a Plani-
ci p'es pa, i dins poch temps fé es bategot i l'enterraren d'
almoyna.

Mentres tant ets amos nous des Putget seguien do-
nantse bona vida ferm, però, com es putgeter va esser
mort, comensà a Sortithi por, i qualque vespre hi havia
ventim per tothom.

Apurats de tot, feren una provatura per veure si hi
posarien remey.

Ey havia un al lotó a la casa, i el vestiren d'imatges de
sants i d'escapolaris, i el me deixen dins sa sala aont sa
por sortia mes sovint.

—Mira, li digueren, no t'has de retgirar ni moure, per
coses que sentes o que veges, sino que has de dir, en sentir
gens de renou: d Què voleu de part de DeuP 1 escolta bé
allò que te diràn, i ja mos ho diràs.

Eu feren així, i al punt s'al'lotó sent que esclata allà
dins un tro d'aquells mes esquerdats, i tot d'una diu ell:

—EQuè voleu de part de DeuP

—Que torneu es Putgel, que no'l teniu de bon just. Si
no'l tornau, tot quant teniu farà uy.

S'al'lotó va dir a son pare i sa mare lo que sa veu li
havia dit, però ells digueren:

—Això ès que sa por li ha fetes sentir coses que no
son.

Se'n gordaren com de caure de tornar es Putgef, però
dins pochs anys el varen haver perdut i fus tot quant te-
nien amb deutes que feren i plets que elze varen moure.

jAnauhi voltros a tenir coses de mal just, si estau can -
sats de conservar lo que ès vostrol
",NA
201,"RA
j
TAULA
Pàgines
FIOIGC  d n  Es na dret XV
Ecos de la vida de Jesús, Maria y Jusep . . . . I
$ 1.— Com ès que es bous llauren sensa coixí. . )
, 2.—Com ès que ses mules llauren ab coixí i que
DO TORNS IS data a des Seró dita ia Lla mea 2
3 3.— Com ès que des tres Reys d'Orient des Beí-
- lem n'hi ha un ab sa barba blanca... . . . 3
, 4.—Com ès que a totes ses festes de la Mare de
Deu hi ha romanins florits... . . . . . 3
, 5.—Com ès que no troben nius de cega. —. . . 4
, 6.—Lo que feu sa llagosta quant la Mare. de Deu
i St. Jusep fogien cap a Egipte. . . . . . 5
, T.—Com ès que diuen que es blat té sa cara del
BOMTOSUS LC Lia De Per DR na a ee Ep ana 5 5
3 8.— Com ès que tots es dissaptes fa sol... . 6
, 9. - Ses aranyetes del Bon Jesús .... . . . . 6
) 10.—Com ès que ses serres entrescades serren 4
DNOE aa aa Jo Pa it dim Bi EE a lt CE P P 6
3 11.—EI Bon Jesús i St. Eloy . —. . . . . . 8
s 12. — Com ès que es capxeriganys duen corona. . — 11
s 18.—-Sa ma de Marcos. sos ou de aa El
3, 14.—La Mare de Deu i sa senyora de Pilat... — 13
3 15.— Lu Verònica i Gamos, es seu homo... . 15
4, 16.—Com ès que ses cadarneres tenen plomes
vermeyes an Es-ColL ss a es a a Es I a
X ds — SES OO ES ae te re Eu ma NS
, 18.—Com ès que ses esglèsies solen estar girades
ONONONE Lee Dia ag Ga RS DL ra a ls AO
Ressonàncies de l'Antich Testament.
$ 1.— Com ès que ses beyes, en picar, se moren... — 20
3 2.—Com ès que ses beyes no van casi imay a ses —
argelagues ni a ses gatoes. .. —.. LL... . . 20
3 3.— De com el Bon Jesús criava el mon i el dim5-
ni hi volgué posar sa ditada .. .. —. . . . . 21
2 4.—Com ès que ses dones tenen mes poch cervell
QUEEIS ROMOS io o reis Cl al am as he ee A
, 5.—Com ès que hi ha pobres i richs en el mon... — 826
3 6.—De com Noè feya l'Arca... . . . . . 27
2 71.—La Arca de Noè tapada de neu . . . . . 828
, 8.—Com ès que may plou fort de grech. —.. —. . 829
",NA
202,"I
Pàgines
, g.— Lo que digué Noè com hagué escorxat es gat
des SDCN dE patri: a: mn a dE ger ON
, 10. — De com Deu allargà cent anys la vida a Noè
perque duya s'idea tan forta de fer vinya... — 30
, 11.—Sa torre de Babilònia... .. . . . . 31
, 12.— Com ès que ets amel'lers floreixen primer
QUOTOISOIS:ADIOS 1. do G. salat edr vs, te im. DE
y 13.—Es tres dons que demanà el Rey David a Deu. — 33
, 14.—Lo que li succeí a Sansó com li hagueren ta-
VOLS ES CADOVS, es as Ge a a ns o
5 'J5: IComacaDa Sansó es ma A
, 16.—Un consey del Rey Salomó ..—..—..—. . . 35
, 17.—Es pas del Rey Salomó... . . . . 835
En Tià de Sa Real
EL QUUORR Olles sea A P a Rat DE
2 2.. De com es senyor de Sa Real ey anà perque
IES UDG CENSÓ: 4r ao a Es o Et DB
, 3. —D'un glosador de la Muntanya que'l volgué
veure P ES badia, gal Do am ga da est ES era ms ES
, 4.—D'un altre glosador que li demanà una cosa . —40
, 5.—D'un capellà que'l va escometre... . . — 41
d'O. ES DS: dE SES TEVES des a qe a. ""AL
s T.—De com l'amo de So'n Suau jugant va perdre
/ s'armada d'ètsànyells:. — ss o a —/ 43
, 8.—D'un homo que havia perdut s'ase i En Tià le da
DETOCAS LE a Dar I A NE Pe Es as ds, I Ó
3 9.: Es pas de 8a truyla. m4 ses 6. dB
, 10 —Una glosada an ets Hostals d'Algayre. . . —46
2 11.— De com li va néixer una nineta . —..—. . .Q. OO 47
3 12. - De com va devertir ses espigoleres de So'n
UD es er ama Ds US oa da te es a A
, 13.— De com estigà l'amo de So'n Suau d'anar
IG ES Da EN re o as
2. 14.—Es pas que va fer a Sant Sauvador de Fela-
DI DE o a Son ar Ge EP ee an el ""COU
2. 15.—De lo que li succeí amb un bruixot. .. . . 82
s' 16.-LO: d'Els EneDi Ies: ase. o aa P a ds DO
, 17.—De com el feren comparèixer a ca-lInquisi-
a dd On Ter da: a ar aa dE ren ni Pag i a Es AE
x 18. —De com anà ab dos mes a treure es tresor d'
ADA Pas Par a Crea Da A EM pa a de LE) Et DA
2 19. De com l'Ínquisidor anà a Manacor i envià a
demanat Ed Tia Sat Ed al a a as DE
2. 20. —De quines egos venia sa dona d'En Tià . . —58
—————
",NA
203,"Pàgines
2 21.—Una herba des puig de So-Na-Moixa . . . —60
2 29.— Una cansó que va fer a una fadrina... . . —60
3 23.—De com sa dona volgué que conràs a conte
BO an a DE ptes RE Era Ne Ed dt, DE, SD Es, RES
2 24.—Lo que passà com un al'lot seu se morí .. .. 62
2 25. — De lo que va profetisar a un homo rich de
RI DCO La P RE Ed Sa PE P db DO
2 26. —De com va treure des mitx des fanch un pre-
CR OOES, Pa EE aE Es a a an CE VD me O M03
, 27.— Sobre es vi de Conies i de Ca'n Caremany ..—64
, 28.—De s'esquerada de segar que va pendre a
SO VOQUERL, ns ha LO a a Ec PE re, de OD
3 29.—De com a un pobre que li havien robat un
parey de bous, li mostrà a on eren... . . 67
3 30.—Es pas des cuyros ..— 4. , 4 Lo 68
2 3l.— De com se va morir... . Lo. LO. o. 68
Rondayes a lloure
ESA DO SA Uns DE a Ra ES o AO
Ets aglans, ses carabasses i sant Pere... . . 71
L'amo'n Biel Perxanch i la dona d'aygo. . . . 74
El Bon Jesús i Sant Pere i En Bruixa... . . . 78
ES canel de Sant LIatze cs ee ae o dora 4 BB
Sesserps de Mallorca: cs es sar a ua a ED
L'Abat de La Reals ma Ve al id deia PB
Ets al'lots de So'n Porch.
$ 1.- S'anada a Matines .. . . . . 4. o. . o. 91
2 2. — Com un s'en anà a confessar ..—.. —.. . . . 92
El Rey En Jaume dins la vida del poble mallorquí. —95
8$ 1.—La primera proesa del Rey En Jaume . . . —96
, 2.—Es puig de ses bruixes i el Rey En Jaume .. . —98
, 3.—Sa llenegada des cavall del Rey En Jaume. —. 100
, 4.—Ses potades des cavall del Rey En Jaume. . 101
: 5.—El Rey En Jaume i es Teix... . . . . . 101
, 6.—De com el Rey En Jaume va pendre es castell
AO ca es a Da 9, P No Da ió DOS
, T.—S'avench d'En Corbera... . . . . . 104
) 8.—Una àguila i el Rey En Jaume... . . . 104
a 9.—Sa pica des cavall del Rey En Jaume . . . 104
2 IQ. - Sa primera missa an el Pantaleu.. .. —. . . 105
2 11.—Sa pedra sagrada... . . . . . . . 105
) 12.—Ses Montanyes des tresor... . . . . 105
) 13.— Lo que va succeir com el Rey En Jaume es-
tava a ses portes de la mort... . . . . 106
",NA
204,"I
Pàgines
s 14.—Lo que comanà el Rey En Jaume com se mo-
ria i lo que succeí com va eser mort... . . 107
3 15.—El Rey En Jaume an es Teix... . . . . 19
, 16.—Recordanses del Rey En Jaume dalt es Teix. 109
Sant Vicens Ferrer dins la memòria del Poble
Mallorquí, Le a at da a edr Ro ea de MO
$ l1.—Sant Vicens Ferrer i un carboneret ..—. —. . 111
, 2. - De com Sant Vicens Ferrer predicà a So'n
Gual de Valldemossa... . . . . . . 113
, 3.—Sant Vicens Ferrer i un taverner que es to-
rrent li prenia es serró. —..—.—.—. . . O.Q o . 114
3 4.—Sa caseta de St. Vicens a Valldemossa... . 115
2 5.—Una pedra de Biniforani. ..—.. —. . . . . 116
, 6 —Sant Vicens Ferrer i un picapedrer que gua-
nyava set sous de jornal... . . . . . . 116
3 7.—Sant Vicens Ferrer i En Simonet.. .. . . . 117
, 8.—St. Vicens Ferrer i es rebozillos.. .. —.. . . 118
1 9,—De com St. Vicens Ferrer anà a predicar a
DONA gr CS EE el a ra a ID. dc sc da PAIS
3 10.— De com St. Vicens Ferrer anà a predicar a
SP ODIA a a Ed Es DO Data ms Dl
, 11.—De com St. Vicens Ferrer anà a predicar a
NUCO: ae me tat Do al a EE D'Un i Sa de El
3 12.— Una dona d'Algayre i St. Vicens Ferrer .. —. 122
, 13.—St. Vicens Ferrer i sa Creu de ses costes d'
BOE ss es dre ee ep re El ge er as VS
2 14 —De com el P. Prior privà St. Vicens Ferrer
OO RUTACIOSció se Ra a NO
Bruixes, bruixots I fullets.
$ 1.—La còva de Na Juana... 4. 4.4. eo . ID
, 2. - S'Hortolà de So'n Net... . . . . . 18
2 3.—Es castell d'Alaró, es Puig de S'Eucadena i
GES DEURES, ai ds dE a Do o ra ABDO
, 4.—Sa cusseta negra i es moix negre... . . 1X0
, 5.—Sa còva de So'n Curt d'Alaró... . . . 1382
SO Elllet ie 2a ee sò ae ee a au a EX ES
NT ES TUlebs ss Edo el me a ET NA
2 8.—En que consistía es mal-bossí i ses castes que
dB Havian ea dra et RS ae pea. jo NOO
, 9.—S'etsisament del sen Toni Fum i es seu ase . 136
2 10.—En Felet Cormena dona mal-bossí a Na Bet
de So'n Gatzella —.. .. . . . . . . . . 188
2 11.—En Tòfol Cormena etsisa ses mules de Na
Margalidayna Dali-brou Da aC RS Ges a SS
",NA
205,"Pàgines

, 12.—En Juan Gol'let des Puig de Bon Any i una

bruixa des pla de St. Jordi... . . . . . 143
, 13. —En Lau Fe't-pendre i dues bruixes .. . . . 144
) 14.—Sa passada que succeí a un que li havien ro-

bat blat i a un fiy seu que li desfeyen una casa. 147
, 15.—Es fullet d'En Parragó .. . 4. . . . . . 150
, 16. - Un que ab so llunari feya sortir el dimoni... 151
, 17.—Es Moliner des Molí-nou i dues bruixes . . 152
, 18. — L'Amo de Son Cardaix fa sortir el dimoni a

Un estol d'al totenois,. ss vacen a a le as s 183
, 19.- Es fullet d'En Biel Corcó i En Damià Fosch .. 154 :
, 20.—Na Juana de Paguera i un soldat ciutadà . . 156
, 21.—De com feren sortir el dimoni dins sa tafona

dE SANCACN ES a rara pren ali a IO
, 22.—En Tià Cormena i Na Susayna Jaumella . . 157
, 23. — Una bruixa destapa ses manganrufes d'un

COOMORSTS i ama ds sèr dd, RC, SD PC) qe IS

Encantaments, tresors, gegants, negrets i por.
$ 1.—Sa roca des castellet i s'encantament que hi l

DE NS IS A ep REL a En AE De ss (EG vai a ADA
, 2.—Es tresor des Puig de Na Fàtima .. . . . . 163
, 3.—Sa por de Mancor . . . . . . . . . . 165 ,
) 4.—Es poll des penyal.de Ca'n Vicens . . . . 169
, 5,—S'encantament des Puig de ses Talayes. . . 169
) 6.— S'en cantament de So'n Lluch... . . . 170
, .—Com va esser que's va fer es Puig de Randa .. 173
) 8.—Sa Dubota blanca... —.. .. . . . . o. o. 174
) O.—Es megret de Sa Coma .. . . . . . . . 116
, 10.—Sa còva des castell d'Alaró... . . . 177
-lle—ES DU dE Reig, us o $a La a HO
, 12.—Sa tlor de falguera i es dimonis boyets. . . 180
Y 1802 EStteSor d'Aidabic i do ame a 180
, 14.—Es tresor de sa còva dets Ermassets . . . 187
1 15.—Sa por de So'n Fortesa... . . . . . 187
, 16.— Un altre tresor an es puig de Na Fàtima . . 188
, 17.- Es gall de foch de So'n Bru . . . . . . 190
) 18.—Sa cuca de Sa Mola... . . . . . . . 190
, 19.— Sa por de So'n Cotoner. . . . . . . . 192
ve Sa DOL UES POtget ee uo os a tec Pe Se 192
",NA
206,"i
Li
/
Aquest tom V (segona edició) de l'Aplech l
de Rondayes Mallorquines l'acabaren
d'estampar a Ca-la Vda. d'En Pizà I
de la Ciutat de Mallorca día 2 I
de Desembre de l'any del l
Senyor 1924
I
l
— poe — -— —— —— —
",NA
207,"APLECH i
Rondayes Mallorquines
Fins avuy (1924) hi ha vuyt toms publicats. Ara que

treym de bell nou an el públich aquest tom V, resulta que
hi ha segona edició dels toms l-VI. Hem comensada ja
l'estampació del tom IX, i n'estamparem, si Deu ho vol
i Maria, quatre o cinch mes de toms, fins que n'hi haja de
Rondayes a publicar.

Aquestes Rondayes Mallorquines

LES VENEN A
La Ciutat de Mallorca: Depòsit general a
Casa de l'Autor: St Bernat, 5, Pral. 2 8
Llibreria Guasp: Morey 6-8.

Llibreria Amengual i Muntaner. Cadena, 2.
Llibreria Ernest Frau: Jovellanos, 5
Llibreria Escolar: Plassa de Cort, 4.
Llibreria dL'Esperanzav: Llongeta 11.
Sóller: Llibreria La Sinceridat: St. Barto-
meu, 17 Ú
Manacor: Llibreria Juan Caldentey: devora
l'Esglèsia.
Artà: Llibreria Andreu Ferrer: Quatre Can-
tons, 8.
Lluchmajor: Llibreria Anfós Pablo: St Juan, 4
Inca: Llibreria Miquel Duràn: Murta, 5.
Ciutadella (Menorca): Llibreria Massanet:
jusep M.: Quadrado 40.
Barcelona: Llibreria Verdaguer: Rambla Cen-
tre, 5.
",NA
